Workbook

Sheet CHANGELOG_rev0_6
B2: L6790 design spreadsheet r1.0 - corrections applied (design guide rev 0.6)
B3: Every change below is documented as a cell comment in place. Open in Excel and press Ctrl+Alt+F9 to force a full recalculation.
B5: Sheet | C5: Cell | D5: Was | E5: Now | F5: Why
B6: Design Spec | C6: D20 | D6: =IF('Design Spec'!D80=0,IF(2*D13>IF(165>D14/2,165,D14/2),_xlfn.CONCAT(IF(165>D14/2,165,_xlfn.FLOOR.MATH(D14/2)),"-",2*D13),2*D13),D13) | E6: =MIN(2*D13,245/SQRT(2)) | F6: C.8 : with morphing the worst LOW equivalent input is the HB side of the morphing threshold, VHVPK_BIH/sqrt2 = 173.24 Vac - not a 165..180 range.
B7: Design Spec | C7: F20 | D7: 180 | E7: =D20 | F7: C.8 : selected value must follow the corrected D20 (173.24 Vac).
B8: Design Spec | C8: D81 | D8: None | E8: =2*235/SQRT(2) | F8: C.8 NEW : highest equivalent input = FB side of the morphing threshold, 2*VHVPK_BOH/sqrt2 = 332.34 Vac. This corner fixes the MAXIMUM operating frequency (240.9 kHz), which the tool never evaluates.
B9: Res. Tank Design | C9: D9 | D9: =(SQRT(2)*'Design Spec'!D89)/(2*(('Design Spec'!D95+'Design Spec'!D107*'Design Spec'!D106)/'Design Spec'!D107)) | E9: =(SQRT(2)*'Design Spec'!D89)/(2*('Design Spec'!D95+'Design Spec'!D107*'Design Spec'!D106)) | F9: C.5 : the rectifier drop is already counted Nrect times in the numerator; dividing by Nrect again doubles n. Physical Np/Ns = n*Vo.eff/(Vout+Nrect*Vrect).
B10: Res. Tank Design | C10: F9 | D10: 5 | E10: 2.5 | F10: C.5 : selected turns ratio follows the corrected D9 (2.519 -> 2.5).
B11: Res. Tank Design | C11: D10 | D11: =2*IF(F9,F9,D9)*(('Design Spec'!D95+'Design Spec'!D107*'Design Spec'!D106)/'Design Spec'!D107)/(SQRT(2)*'Design Spec'!D83) | E11: =2*IF(F9,F9,D9)*(('Design Spec'!D95+'Design Spec'!D107*'Design Spec'!D106))/(SQRT(2)*'Design Spec'!D83) | F11: C.5 : reflected output voltage is (Vout+Nrect*Vrect), not divided by Nrect.
B12: Res. Tank Design | C12: D11 | D12: =2*IF(F9,F9,D9)*(('Design Spec'!D95+'Design Spec'!D107*'Design Spec'!D106)/'Design Spec'!D107)/(SQRT(2)*'Design Spec'!D79) | E12: =2*IF(F9,F9,D9)*(('Design Spec'!D95+'Design Spec'!D107*'Design Spec'!D106))/(SQRT(2)*'Design Spec'!D79) | F12: C.5 : reflected output voltage is (Vout+Nrect*Vrect), not divided by Nrect.
B13: Res. Tank Design | C13: D17 | D13: =((IF(F9,F9,D9))^2)*(4/((PI())^2))*(((('Design Spec'!D95+'Design Spec'!D107*'Design Spec'!D106)/'Design Spec'!D107)^2)/('Preliminary Calculation'!D10)) | E13: =((IF(F9,F9,D9))^2)*(4/((PI())^2))*(((('Design Spec'!D95+'Design Spec'!D107*'Design Spec'!D106))^2)/('Preliminary Calculation'!D10)) | F13: C.5 : reflected output voltage is (Vout+Nrect*Vrect), not divided by Nrect.
B14: Res. Tank Design | C14: D20 | D14: =((SQRT((D16*(1+D16))))/(2*IF(F9,F9,D9)))*((SQRT(2)*'Design Spec'!D83)/((('Design Spec'!D95+'Design Spec'!D107*'Design Spec'!D106)/'Design Spec'!D107))) | E14: =((SQRT((D16*(1+D16))))/(2*IF(F9,F9,D9)))*((SQRT(2)*'Design Spec'!D83)/((('Design Spec'!D95+'Design Spec'!D107*'Design Spec'!D106)))) | F14: C.5 : reflected output voltage is (Vout+Nrect*Vrect), not divided by Nrect.
B15: Res. Tank Design | C15: D35 | D15: =(PI()*'Design Spec'!D98)/(SQRT(2)*('Preliminary Calculation'!D17/100)*'Design Spec'!D83*COS('Res. Tank Design'!D29)) | E15: =(2*PI()*'Design Spec'!D98)/(SQRT(2)*('Preliminary Calculation'!D17/100)*'Design Spec'!D83*COS('Res. Tank Design'!D29)) | F15: C.6 : at the line peak the instantaneous tank power is 2*Pout, not Pout. The tool value is exactly half.
B16: Res. Tank Design | C16: D60 | D16: =(SQRT(2*(('Design Spec'!D111*(10^-12))/((IF(F44,F44,D44)+IF(F45,F45,D45))*(10^-6)))))*('Design Spec'!D83) | E16: =(SQRT(2*(('Design Spec'!D111*(10^-12))/((IF(F44,F44,D44)+IF(F45,F45,D45))*(10^-6)))))*(SQRT(2)*'Design Spec'!D83) | F16: C.6 : Vin must be the PEAK, not the rms value.
... B35: RTC | C35: 2803 cells, rows 16-18, 41-46, 53-58, 67-72, 81-86, 95-107 | D35: (Vout+Nrect*Vrect)/Nrect | E35: (Vout+Nrect*Vrect) | F35: C.5 propagated. The RTC gain and Q grid carries its own copy of the reflected output voltage and divided it by Nrect a second time. Left unfixed, the corrected n = 2.5 halves every gain in the grid and the whole sheet returns #NUM.
B37: NOT fixable by a cell edit - structural limits of the workbook
B38: RTC!25/26 - the fn search grid stops at fn.max = sqrt(lambda/(1+lambda-1/M.Vmax.pk)) = 1.3703 (205.9 kHz). The real full-load operating point at the FB morphing threshold sits at fn = 1.603 (240.9 kHz) and simply cannot be represented. Device Setting!D2 therefore still reports 187 kHz.
B40: CC rows 20-31 evaluate only theta = pi/4, pi/3, pi/2. Eq.[70a] (output-capacitor rms) and the mains-cycle rms currents need an average over the whole half line cycle.
B42: Design Spec!D33/34/37 - the OutCap_Sel_DB auto-selection result is referenced by no cell; Power Components uses manual entries only, with no warning when the two disagree.
B44: Design Spec!D48 (Cp = 2 nF) is a dead input cell, referenced nowhere.
B46: Power Components!D77 - C.tot = 2*Coss + Cpar is never fed back into Design Spec!D46 (c.HB), so eq.[116] iteration does not happen.
B48: Device Setting!B113 - the 'Split resonant capacitors for forced HB configuration' clause has a heading but no content (DS 5.3.1 requires two Cr/2 capacitors in that configuration).
B50: Res. Tank Design!D9 vs D51 - n is labelled 'Physical Turn Ratio' and n.T 'Real Turn Ratio' at the same time. Only one of them can be the ratio you actually wind (guide 3.10).
B51: ADDED 2026-08-21 - ISEN (pin 6) block, guide eq. [79] [81] [84]. None of these five were touched by rev 0.6.
B52: Device Setting | C52: D32 | D52: =CC!E27 (= I.trafo.pk only) | E52: =IF(z>=1,CC!E28,CC!E28*(2*ACOS(-z)/PI()-1)+CC!E27*SQRT(1-z^2)), z=2*CC!E28/(PI()*CC!E27) | F52: C.14 (guide eq.[79]): R.CS is in the bridge return and sees the COMPOSITE tank current, load component plus magnetizing component. The cell is named Ilr.pk.max but was wired to I.trafo.pk, which is about 10 % low, so R.CS.max2 came out about 10 % too permissive. Closed form: the peak of I.Lm.pk*(2x-1)+I.trafo.pk*sin(pi*x) is at cos(pi*x)=-z.
B53: Device Setting | C53: D33 | D53: =MAX(CC!C29,'Preliminary Calculation'!D11) | E53: =MAX(CC!E29,'Preliminary Calculation'!D11) | F53: C.16: CC!C29 is the switching-period rms at theta = pi/4 only - neither the line-cycle rms (the physically correct basis for dissipation) nor the worst switching period. Guide eq.[81] and its worked example use the worst switching period, CC!E29 at theta = pi/2. Conservative, and it makes the parallel-resistor count honest.
B54: Device Setting | C54: D45 | D54: =D43*(3/220+1/440)^-1 (= 188.571 mOhm, constant) | E54: =D44 | F54: C.15: this was not a calculation. (3/220+1/440)^-1 = 62.857 mOhm is the EVL board network 220||220||220||(220+220) written as a conductance sum; multiplying by D43 only cancelled the /D43 on the next row, so R.CS stayed 62.857 mOhm whatever the design. It also exceeded its own ceiling D44 without any warning once the spec changed. D45 is now the calculated maximum single resistor and F45 holds the selection.
B55: Device Setting | C55: F45 / D43 / D46 | D55: text "220||220||220||(220+220)" / 3 / =D45/D43 | E55: 120 (mOhm) / 5 / =IF(ISNUMBER(F45),F45,D45)/D43 | F55: F45 is now a numeric selected value, following the IF(selected,selected,calculated) idiom used everywhere else in this workbook. 5 x 120 mOhm = 24.0 mOhm, which is below D38 and matches the SMath design sheet. Note the old network was NOT three equal resistors: it was five 220 mOhm parts (three single + two in series, equivalent to 3.5 in parallel) sharing power 28.6 / 28.6 / 28.6 / 7.1 / 7.1 %, so the "N identical resistors" model behind D46 never described it.
B56: Device Setting | C56: F61 | D56: 78 (kOhm) | E56: 30 (kOhm) | F56: Consequence of the R.CS correction, not an independent change: D61 R.BM.max = 16.7*(P.in.BM*R.CS) is proportional to R.CS, so it fell from 78.7 to 30.1 kOhm. Leaving 78 kOhm would have moved the burst entry to 195 W. 30 kOhm reproduces the D57 = 75 W that was already selected. NOTE: D57 = 75 W is itself a leftover from the 240 W example - it is 11 % of P.in here, not the 30 % it was there.
B57: Device Setting | C57: D45 / B45 | D57: =D44 (122.668 mOhm) | E57: =LOOKUP(D44/10^INT(LOG10(D44)),{E24 mantissas})*10^INT(LOG10(D44)) | F57: D44 is the ceiling, not a part number - 122.668 mOhm cannot be bought. D45 now reports the largest E24 value at or below it (120 mOhm), so the row reads as a suggestion and F45 stays the place where the real choice goes. D46 already takes IF(ISNUMBER(F45),F45,D45)/D43, so leaving F45 empty falls back on the suggestion.
B58: BOM&Schematics | C58: C19:G22 | D58: the capacitor bank was one row holding only the SINGLE value (680 uF), with the count on its own line and no total anywhere; a first fix put Count/TOTAL in H/I, which sits under the Power Part Schematics picture and overwrote the column G source hint | E58: four rows inside the existing C..F table: single, count, TOTAL (= E19*E20/1000, in mF) and the ceramic. The blank row 22 is used so no row is inserted and nothing below moves | F58: A bank is only defined by single x count = total. Column G carries =IF(E..,"","<source sheet>") on every row of this sheet and must not be taken.
B59: BOM&Schematics | C59: F44 / F38 | D59: C.f unit "uF"; number of sense resistors unit "mOhm" | E59: C.f unit "nF"; count unit "-" | F59: Labelling errors. C.f is 200 nF everywhere else (CompensationNet&Check F94) and D38 is a count.
B60: CompensationNet&Check | C60: F43 | D60: 16 kOhm - BELOW its own D43 minimum of 16.024 kOhm | E60: 16.5 kOhm | F60: Outside the D42..D43 window the FB anti-saturation circuit loses its linear range. 16.5 k sits inside 16.02..18.22 k with 3 % margin at the bottom and 10 % at the top.
B61: Device Setting | C61: F108 | D61: 32 kOhm - V.BO = 90.5 V, ABOVE V.AC_min = 90 V | E61: 30 kOhm - V.BO = 84.9 V | F61: D108 gives 31.82 k as the ceiling for a 90 V brown-out point. At 32 k the converter browns out at minimum line. 30 k also keeps CFG inside the 15..47 k morphing window.
B62: Res. Tank Design / Power Components | C62: C65 C67 C60 C61 C84 C85 / F60 F61 F84 F85 / D78 D100 | D62: CC!C25/C26/C29/C30 (a SINGLE point, theta=pi/4) were labelled "mains cycle" rms, and those values fed the semiconductor loss calculations directly. | E62: Relabelled "@theta=pi/4 (approx.)", and added yellow input cells in column F carrying the line-cycle rms from the SMath sheet (F60 10.90 / F61 7.707 / F84 and F85 28.31 A). The loss formulas D78 and D100 prefer the selected value via IF(ISNUMBER(F..),F..,D..). | F62: theta=pi/4 equals the line-cycle rms only if the envelope is sin(theta). The real envelope is sin^2(theta), so the primary is understated by 5.9 % and the secondary by 17.6 %; loss goes as the square, so rectifier loss is out by a factor 1.38 (7.93 -> 10.98 W, required Rth 12.60 -> 9.11 C/W). The CC sheet had only three theta columns, too few to integrate, so the SMath figures were imported. HISTORY.md C.18
B63: CompensationNet&Check | C63: H132:AV167 (196 cells) | D63: The high-frequency pole f_px is computed in D104 and then referenced by no loop-verification formula at all. Gain, phase and crossover were built from f_z and f_p alone. | E63: Inserted the f_px term into 196 cells: /(1+(f/f_px)^2) into the 120 gain formulas, -ATAN(f/f_px) into the 76 phase formulas. | F63: Phase near crossover came out 0.8 to 1.1 degrees optimistic. In a design whose margin sits close to 45 degrees that can invert the verdict. Appendix C.12
... B75: Design Spec | C75: C15 · C59 | D75: Two different inputs are both labelled "Config.". D15 selects the input arrangement and feeds only D80; D59 selects the output rectifier configuration and drives 125 cells through D107. | E75: C15 = "Config.mains", C59 = "Config.rect" | F75: Going by the name, a user edits the upper one, changes nothing about the rectifier configuration, and believes they did. The wiring is correct, so only the labels were fixed.
B76: Res. Tank Design | C76: D28 · D29 · D30 | D76: The ZVS check is never recomputed after the tank is selected. D28 re-derives f.n = 0.82111 from the fitted expression [36] (whose exponent 5 has no basis in any ST document); D29 takes the phase at the design ceiling Q_ZVS = 0.8466 rather than the Q the converter runs at; and D30 divides by the TARGET 'Design Spec'!D102 = 150 kHz rather than the real resonant frequency. Result: T_ZC = 303 ns, 34 % below the truth. | E76: The realised values were already inside the workbook - the grid solution RTC!$BB$149 = 0.84006 and RTC!$C$41 = 0.7717. D28 -> RTC!$BB$149, both Q occurrences in D29 -> RTC!$C$41, and the denominator of D30 -> D55 (the real f.r, 151.748 kHz). T_ZC 303 -> 457 ns. The tank-selection path (D26 -> D27 -> D43..D45) was not touched.
B77: CompensationNet&Check | C77: D110 | D77: The verification block carries its own line-frequency input, D110 = 50 Hz, while the design block designs at the worst case of 47 Hz (D7, D68, D73, D83). The design is therefore verified at a gentler line frequency than it was designed for, and D116, AV122, D125, D126, D128 and D129 all come out optimistic. | E77: D110 = 47 (the worst case of the 47-63 Hz specification, matching Design Spec!D17). Third harmonic 3.86 -> 4.31 %, burst FB ripple 47.3 -> 52.9 mV, R_BM adjustment range 2.37 -> 2.65 kohm.
B78: Power Components | C78: D22 · D33 | D78: Hold-up is assumed to start discharging from the nominal output, 25 V (D14). The real output swings 24.41 to 25.59 V on the 2f_L ripple and the AC can be lost at any phase, so the worst case is the ripple trough. Energy goes as V^2, so the result is 12.5 % optimistic. The actual ripple is already in D31, one row below. | E78: D14^2 replaced by (D14-D31/2)^2 in both formulas. Required capacitance 59.77 -> 67.22 mF, achieved hold-up 15.10 -> 13.42 ms. The chain is D22 -> D31 -> D26 -> D23/D24 (selected by hand), so this is not a circular reference.
B79: CC · Res. Tank Design · Power Components | C79: CC F~H 20:31 · CC 32 · CC J · Res.Tank D65 D67 · Power D28 | D79: C.18 - the three currents the design calls line-cycle rms are in fact a single point at theta=pi/4. Res.Tank D65 = CC!C29, D67 = CC!C25 and Power D28 = CC!C31 each read one cell of CC. The output bank ripple current reads 21.77 A where the line-cycle rms is 30.19 A - 28 % low, and that value sets the number of output capacitors. | E79: RTC already solves six theta (pi/12 to pi/2 in 15 deg steps); CC was only reading three of them. Columns F, G and H now take the remaining three from RTC!BC150, BC153 and BC154, row 32 holds the square of the node current, and column J carries a Simpson integral (weights 1,4,2,4,2,4,1 divided by 18). The theta=0 sample is exactly zero because the load goes as sin^2(theta). D65 -> CC!J29, D67 -> CC!J25, Power D28 -> CC!J31. Against a 721-point sweep: secondary -0.04 %, bank ripple -0.08 %, primary -1.83 %. Only the primary keeps a residual, because the magnetising current does not vanish at theta=0; extrapolating the endpoint makes it worse (+4.7 %), and theta -> 0 is burst territory that is never reached.
B80: Power Components | C80: D74 · D75 | D80: The primary switch selection block asks for no body-diode recovery condition. In normal ZVS the body diode conducts only during the dead time and the channel takes the current over at almost zero volts, so no recovery happens; in the CAPACITIVE region the current leads, the opposite device turns on while this diode is still conducting, the diode is hard reverse-recovered, and a shoot-through current crosses the bus. Overload, a load step, low line and start-up all enter that region for a few cycles, so it has to be survivable rather than merely avoided. | E80: D74 = SQRT(2)*Vac,max = 373.4 V (the capacitive region offers no soft transition, so it is the raw rectified line peak); D75 = CC!C28 = the magnetising peak, 12.36 A. No Qrr is assumed - that is a device number. Specify trr and Qrr AT THESE CONDITIONS, not at the datasheet default (usually 25 C and a low dI/dt): Qrr roughly doubles from 25 C to 125 C.
B81: Power Components | C81: D62 · D66 · D68 · D87 · D91 · D103 (new) | D81: Every current in these blocks was per switch POSITION (primary) or per LEG (secondary), and the loss and rating rows then used them as though one device carried the lot. There was no parallel-device count anywhere, so R_DS(on) meant per leg here and per device in the SMath sheet and the two could not be compared. | E81: n.par (D68) = 2 primary devices in parallel per switch position and n.SR (D103) = 3 SR devices in parallel per leg. Four rows carry what ONE device sees: Imos.rms.dev (D62) = 3.854 A and Ilr.pk.dev (D66) = 9.159 A on the primary, Isr.rms.dev (D87) = 9.437 A and Isr.pk.dev (D91) = 32.79 A on the secondary. The loss formulas D78 and D100 are now built on those per-device currents. | F81: n.par = 2 is set by the LOSS budget, not by the current rating: the statically-on device in half-bridge mode carries the whole tank current (10.9 A rms), and at 24 mOhm/25 C - about the best a 600 V superjunction part offers - a single device dissipates 5.7 W against a 3 W budget. CAUTION: these rows assume ideal current sharing. R_DS(on) spread means the hottest device takes more; allow about 20 % when sourcing, or bin the parts.
B82: Power Components | C82: D80 · D98 (new) · D70 · D96 · D78 · D100 · D102 | D82: D78 and D100 computed conduction loss from R_DS(on) at 25 C, and D79 and D101 then asked what R_th holds the junction at 125 C. The numerator and the denominator of the same calculation were at different temperatures. Device data D70 and D96 still held the ST example parts. | E82: kT.pri (D80) = 2.0 and kT.sec (D98) = 1.5 carry the R_DS(on) rise to Tj,max and enter D78 and D100. D70 = 24 mOhm and D96 = 2 mOhm at 25 C, the classes the D65 and D90 requirements ask for. Loss per primary device 2.970 -> 0.713 W with the required Rth 33.7 -> 140 C/W; total rectifier loss 1.603 W, which is what SMath section 13.3 computes. | F82: A limit evaluated at the wrong temperature is not conservative, it is wrong in the dangerous direction - the required R_th was about 2x too generous. KNOWN LIMITATION, unchanged: D78 and D79 describe a SWITCHING device. In half-bridge morphing mode the L6790A holds LOUT2 high, so the low-side device of leg 2 conducts continuously and dissipates twice as much; the workbook has no row for it and SMath section 13.3 does (P.mos_dc). Also unchanged: Tj,max stays a literal 125 inside D79 and D101.
B83: Power Components | C83: D93 (new) · D95 · C67 · C92 | D83: The secondary loss was a DIODE model, Vf*Iavg + rd*Irms^2, and C92 named a Schottky - while this design rectifies synchronously, where the channel carries the current and the forward drop does not apply. C67 and C92 also named parts that meet none of the requirement rows above them. | E83: Conf.SR (D93) selects 1 = diode/Schottky or 2 = SR MOSFET; at 2 the forward-drop term drops out of D100. D95 keeps its value and says in its label that it applies only at Conf.SR = 1. C67 and C92 now state the requirement the part has to meet instead of naming one. | F83: The sheet can express either rectifier now, rather than silently assuming a diode. NOT MODELLED at Conf.SR = 2: the body diode conducts during the SR dead time, and its Qrr is recovered every cycle. Both need an SR dead time the sheet does not have. A part number in a live sheet also has to be re-checked by hand on every input change, and it is the one thing on the sheet no calculation can verify.
B84: Power Components | C84: D65 (primary switch current rating) | D84: The primary switch current rating was 1.3 * CC!E27 = 1.3 * Itrafo.pk = 21.31 A. Itrafo.pk is the REFLECTED LOAD current alone. A bridge switch carries the composite tank current i_Lr, which is the load current plus the magnetizing current, and those two peak at different instants. Guide equation [115] is written the same way. | E84: 1.3 * 'Device Setting'!D32 = 23.81 A. D32 is the composite peak the workbook already solves for the OCP1 setting, and it agrees with the SMath sheet (I.Lr_pk) to five figures. | F84: The rating was 12 % light on the one parameter that decides whether the switch survives an overload. It is also the quantity OCP1 watches, so the protection threshold and the device rating are now derived from the same number instead of two different ones.
B85: RTC | C85: C26:CF26 (82 cells + row 27) | D85: Every cell of row 26 returned #NUM!, and row 27 with it - 164 error cells. fn.max = SQRT(lambda/(1+lambda-1/M)) has no root once M falls below the no-load asymptote 1/(1+lambda) = 0.6452, and cause E moved Vin_max to the FB morphing corner (332.34 Vac equivalent), which took the required gain down to M = 0.6383. | E85: The per-column expression now carries the same guard CG26 already had: IF(1+lambda-1/M>0, SQRT(...), $CG$26). All three shared-formula groups in the row were rewritten as plain formulas so that no master is left pointing at followers with different text. | F85: Nothing read rows 26 or 27 - the grid axis comes from CG25 = 1.5*CG26 by linear interpolation and the answers come from the Cardano block, so no number moves. But 164 visible errors read as a broken workbook and they bury real findings in the audit output. The guard is not a fudge: below the asymptote there is genuinely no no-load crossing, and the ceiling then comes from the loaded curve and from the design f_sw,max, which are the other two terms of the CG26 MAX. Grid top is now f_n = 2.2241 = 337.5 kHz, and f_sw,max 249.6 kHz sits inside it.
B86: CC | C86: C25:H25 · C31:H31 · C32:H32 | D86: [64] takes the secondary rms as Ipk*SQRT(d/4) with d = MIN(fsw,fr)/fr, which clamps to Ipk/2 above resonance - the rms of a FULL half sine. But [63], one row above, computes the peak from a TRUNCATED sine: its 1-COS(PI*fr/fsw) denominator is exactly that truncation. Above resonance the switching half period ends before the resonant half sine does and the current never returns to zero, so the two rows describe different waveforms. | E86: Multiplied the mean square by the truncation factor 1-SIN(2*Dphi)/(2*Dphi), Dphi = PI*fr/MAX(fsw,fr), in rows 25, 31 and 32. Below resonance Dphi = PI and the factor is exactly 1. | F86: NO VALUE IN THIS WORKBOOK CHANGES. CC evaluates at Vin,min, where fsw runs 90.4 to 127.5 kHz and never reaches fr = 151.7 kHz, so the factor is 1 at every theta. At the FB morphing corner, where 56 % of the line cycle is above resonance, the old expression is 8.0 % low on the per-leg rms (23.04 vs 24.89 A) - and 8.4 % low on the guide's 240 W example. Both designs still have their worst secondary rms at LOW line (28.33 A here), so no sizing moves. It matters if a re-spec makes high line the worst corner. The same correction is in l6790.py, the SMath sheet (k.tr) and guide [64a].
B87: Power Components | C87: D60 · D61 · D84 · D85 · F60 · F61 · F84 · F85 | D87: These four read CC!C29, C30, C25 and C26 - the SINGLE theta=pi/4 sample - with a hand-typed yellow override in column F carrying the line-cycle value copied from the SMath sheet. The override dates from before the C.18 fix, which gave CC a Simpson integral in column J and re-pointed Res. Tank Design D65 and D67 and Power Components D28 at it. These four were missed. | E87: D60 -> CC!J29, D61 -> CC!J30, D84 -> CC!J25, D85 -> CC!J26, and the four F overrides cleared so nothing is typed by hand any more. Column C labels now say "line cycle, Simpson" instead of "@theta=pi/4". | F87: This is the C.27 pattern: a typed constant on top of a live reference. Change an input and the J column follows while the typed F cells do not, so the design silently keeps yesterday's numbers. The typed values were rounded as well - 10.9 against 10.8976 and 28.31 against 28.3008 - so the loss and rating rows built on them were out by up to 0.04 %. Nothing moves visibly today because the typed values were correct when they were typed; the point is that they could not stay correct.
B88: Power Components | C88: D82 (new) · D79 | D88: D78 is the loss in a SWITCHING device and D79 sized R_th from it. In half-bridge morphing mode the L6790A holds LOUT2 statically high, so the low-side switch of leg 2 conducts CONTINUOUSLY and carries the whole tank current rather than I/SQRT(2) - twice the loss. The workbook had no row for that device, so its thermal answer was for the cooler of the two. | E88: D82 = D70*D80*(D60/D68)^2, the loss in the statically-on device, and D79 now divides by MAX(D78,D82). With n.par = 1: switching device 2.85 W, static device 5.70 W, required Rth 35.1 -> 17.5 C/W. | F88: This was recorded as a known limitation while n.par = 2 held the static device at 2.85 W. With one device per position it is the binding case, and half-bridge mode is not a corner - it is what the converter runs in on a 220 V mains. NOTE that 5.70 W exceeds the provisional 3 W budget by 1.9x. To meet 3 W the part would need 25.3 mOhm HOT, about 12.6 mOhm at 25 C, and no 600 V superjunction device is made that low - the best available class is 17 to 24 mOhm, which gives 4.04 to 5.70 W. Either the budget rises to about 6 W or that one position needs two devices in parallel. The SMath verdict k.Ploss reports the shortfall as 0.526.
B89: Power Components | C89: D80 · D98 | D89: Both temperature multipliers were set to 1 while D70 and D96 hold the datasheet MAXIMUM R_DS(on). A datasheet maximum covers process spread at T_j = 25 C; it says nothing about temperature. | E89: kT.pri = 2 and kT.sec = 1.5, the usual rise to T_j = 125 C for a 600 V superjunction part and a low-voltage trench SR FET. Read the exact factor off the part's normalized R_DS(on) vs T_j curve and correct these. | F89: With STO60N045DM9 at 45 mOhm max: switching device 2.67 -> 5.35 W, statically-on device 5.34 -> 10.69 W, required Rth 18.7 -> 9.36 C/W. The statically-on device is the one that conducts continuously in half-bridge morphing mode, which is the normal mode on a 220 V mains.
B90: CompensationNet&Check | C90: D28 · F41 · F43 | D90: V.Fo was 1.45 V here and 1.15 V in the SMath sheet. It feeds R.P_max and both ends of the R.B window, and the 20 % it put between them left the two R.B windows DISJOINT - 5.873..6.652 k here against 6.934..8.001 k there - so no resistor value could satisfy both documents. R.P was selected at 1.8 k and R.B at 5.6 k, which violate the SMath limits. | E90: V.Fo = 1.15 V on both. R.P = 1.3 k, below the 1.438 k ceiling. R.B = 6.2 k. NOTE that the R.B window MOVES WITH R.P - V.Fo/R.P sits in its denominator - so bringing R.P down to 1.3 k pulled the window from 6.934..8.001 k to 5.759..6.477 k. 6.2 k is the geometric middle of the window that actually applies. | F90: The loop drives the LED at I.FB/CTR of about 0.55 mA, where an SFH617A sits near 1.1 V; 1.45 V is its drop at tens of milliamps, which this loop never reaches. 1.15 V is also the conservative choice for R.P, whose limit is a MAXIMUM and must be rounded down - at 1.8 k the shunt regulator cathode current falls under its 0.8 mA minimum and it stops regulating (appendix C.23). C.Fo, C.F and R.F depend on R.B and are re-selected in the SMath sheet against the new calculated values.
B91: Power Components | C91: D58 · D78 · D79 · D80 · D82 | D91: B81 is the SECONDARY section title, and the statically-on primary loss had been added at row 82 - below it - so a primary number sat inside the secondary section. kT.pri was at row 80, an input dropped into the middle of the primary results block. | E91: The primary results block, rows 77 to 80, now reads Ctot, loss in one SWITCHING device, loss in the STATICALLY-ON device, and Rth on the worse of the two. Row 82 is cleared. kT.pri moved to row 58, under the section title, where it applies to the whole block. | F91: No value changes: D78 2.850 W, D79 5.700 W (was D82), D80 17.54 C/W. Nothing outside this block read any of the moved cells, so only the workbook-to-SMath comparison had to follow (P.mos_dev now maps to D79).
B92: Power Components | C92: D58 (kT.pri confirmed) | D92: kT.pri was 2, an estimate for the superjunction class. | E92: 1.8, read off the STO60N045DM9 normalized RDSon vs Tj curve at Tj = 125 C. | F92: Hot RDSon 90 -> 81 mOhm. Switching device 5.34 -> 4.81 W, statically-on device 10.69 -> 9.62 W, required Rth 9.36 -> 10.40 C/W. kT.sec = 1.5 is still an estimate - confirm it from the SR part datasheet the same way.
... B94: Res. Tank Design | C94: D12 | D94: =(1/(D11))-1 D11 evaluates the gain at VAC.max = 264 V | E94: =1/(2*IF(F9,F9,D9)*((DS!D95+DS!D107*DS!D106))/(SQRT(2)*DS!D81))-1 | F94: lambda.min.1 asks that the tank can REACH DOWN to the lowest required gain, which happens at the HIGHEST equivalent input. After morphing that is the FB side of the threshold, Design Spec D81 = 332.34 V, not the AC maximum 264 V. RTC!C9 was re-pointed to the same corner (cause E) and this row was left behind. lambda.min.1 0.0019 -> 0.2613, and the resulting lambda requirement 0.125 -> 0.5785. NO SELECTED VALUE CHANGES - lambda.act stays 0.4583 from L.r/L.m - but the workbook now shows the selection sitting below the NO-LOAD requirement asked at f.sw,max,spec. At full load the same corner is reached at 209.5 kHz; at no load it needs about 231 kHz against a 225 kHz target, inside the 319.6 kHz VCO ceiling.
F96: rev 0.7 - changes that were made earlier but never written into this log (found 2026-09-23 by comparing every design-sheet formula and constant with the ST original). Records only: no cell was changed.
B97: Design Spec | C97: G23 | D97: (empty) | E97: ='CompensationNet&Check'!D38 | F97: Added. Shows the output voltage the fitted divider actually regulates to (CompensationNet&Check D38) next to the target in D23, so the E-series rounding of R.I / R.O is visible on the specification page.
B98: Design Spec | C98: D24 | D98: 16 | E98: 19 | F98: Project specification: hold-up ends at or above this voltage (docs/DESIGN.md, specification table).
B99: Design Spec | C99: D25 | D99: 10 | E99: 5 | F99: Project specification: output ripple at most this, peak to peak.
B100: Design Spec | C100: D26 | D100: 10 | E100: 12 | F100: Project specification: hold-up time at 100 Vac, full load, starting at the ripple trough.
B101: Res. Tank Design | C101: D65 | D101: =CC!C29 | E101: =CC!J29 | F101: C.18: the line-cycle rms now comes from the Simpson integral in CC column J instead of the single-phase theta = pi/4 approximation in column C. The C.18 rows of this log name the CC cells, not this reader.
B102: Res. Tank Design | C102: D67 | D102: =CC!C25 | E102: =CC!J25 | F102: C.18: the line-cycle rms now comes from the Simpson integral in CC column J instead of the single-phase theta = pi/4 approximation in column C. The C.18 rows of this log name the CC cells, not this reader.
B103: Res. Tank Design | C103: F45 | D103: 24 | E103: 20 | F103: Selected magnetizing inductance of this design point, chosen together with the turns ratio so that n.T = n*sqrt(1+lambda.act) is a ratio that can be wound. The calculated D45 is the no-load condition at the high corner, which the design knowingly does not meet (burst mode covers it), so it is not a value to round to.
B104: Power Components | C104: D28 | D104: =CC!C31 | E104: =CC!J31 | F104: C.18: the line-cycle rms now comes from the Simpson integral in CC column J instead of the single-phase theta = pi/4 approximation in column C. The C.18 rows of this log name the CC cells, not this reader.
B105: Power Components | C105: D71 | D105: 86 | E105: 897 | F105: Entered with the STO60N045DM9 selection. WHICH datasheet capacitance this is (small-signal Coss, Co(er) or Co(tr)) is not recorded, and ZVS needs Co(tr). D77 Ctot = 2*D71 + D72 is read by no formula: the ZVS check uses Design Spec D46 (the midpoint capacitance input). Open item - confirm against the datasheet.
B106: Device Setting | C106: F21 | D106: (empty) | E106: 470 | F106: Selected timing capacitor, shown in the selection column like the other blocks. No formula reads F21 - they read D21, which holds the same value. Keep the two equal.
B107: Device Setting | C107: D22 | D107: (empty) | E107: =MIN(D19/D21,D21/D20) | F107: Added margin check: the timing capacitor inside its window, min(CT.max/CT, CT/CT.min) > 1.
B108: Device Setting | C108: D25 | D108: (empty) | E108: =D24/IF(ISNUMBER(F24),F24,D24) | F108: Added margin check: RT.ceil (D24) over the selected RT > 1, i.e. f.Min stays above f.o. RT.ceil is a MAXIMUM despite the ST label "Minimum Resistor value".
... B116: Device Setting | C116: F83, F91, B84 (and cached D84-D100, BOM E56) | D116: The auxiliary winding was a ZCD sense winding (n.aux 1.5, three turns on three cores in series, R.ZCD_H 330 k) and VCC came from an external 12 V rail. The user decided (2026-09-25) that there is no external rail: the auxiliary winding supplies VCC, 2 turns, through a Zener regulator. | E116: F83 = 1.0 (2 T on N.s = 2), F91 = 220 k (E24 above the calculated 208.2 k). B84 explains that D84 < 1 is intended. Formulas unchanged; cached values recomputed. | F116: OVP1 28.93 V, OVP2 31.45 V, start-up hand-over 17.11 V. D84 = 0.84 reads as a failure in the ST tool and is not one here - the regulator between the winding and VCC is a deliberate difference from the ST tool's direct-feed assumption.

Sheet Design Spec
I8: Release 1.0
B10: Input data specs. and pre design choices
B12: Parameters | C12: Name | D12: Value | E12: Unit
B13: Minimum Input voltage | C13: VAC.min | D13: 90 | E13: Vac
B14: Maximum Input voltage | C14: VAC.max | D14: 264 | E14: Vac
B15: =IF(D13>(190/SQRT(2)),"Select high mains configuration (1 = FB, 2 = HB)",IF(AND(D13<=(190/SQRT(2)),D14*SQRT(2)>245),"Selected configuration: universal mains range","Select low mains configuration (1 = FB, 2 = HB)")) -> Selected configuration: universal mains range | C15: Config.mains | D15: 1 | E15: ="-" -> -
B16: Line frequency | C16: fl | D16: 50 | E16: Hz
B17: Minimum Line frequency | C17: fl.min | D17: 47 | E17: Hz
B19: Parameters | C19: Name | D19: Value | E19: Unit | F19: Selected value
B20: Minimum voltage for Res. Tank Design | C20: Vin.min | D20: =MIN(2*D13,245/SQRT(2)) -> 173.24116 | E20: Vac | F20: =D20 -> 173.24116
B22: Parameters | C22: Name | D22: Value | E22: Unit | J22: *25
B23: Regulated Output Voltage - TARGET (the divider is chosen to hit this) | C23: V.out | D23: 25 | E23: V | F23: realised value (selected divider) -> | G23: ='CompensationNet&Check'!D38 -> 25.176818
B24: Minimum admitted voltage (for hold up req) | C24: Vo_min_adm | D24: 19 | E24: V
B25: Output voltage ripple pk-pk | C25: ∆vout | D25: 5 | E25: %
B26: Hold up capability | C26: Thold | D26: 12 | E26: ms
B27: Maximum Output Power | C27: Pout | D27: 657.5 | E27: W
B28: Expected HB efficiency | C28: ηLLC | D28: 98 | E28: %
B29: Max capacitor height (empty or 0 for unlimited) | C29: h | D29: 25 | E29: mm
B31: Output cap estimation (MCLPR series) | C31: Name | D31: Value | E31: Unit
B32: Output capacitor working voltage | C32: W.V | D32: =OutCap_Sel_DB!V4 -> 50 | E32: V | F32: =IF(D32="","No solution found, increase max height","")
B33: Single capacitor value | C33: Cout.s.est | D33: =OutCap_Sel_DB!W4 -> 4700 | E33: uF
B34: Equivalent Series Resistor | C34: ESR.single | D34: =OutCap_Sel_DB!Z4 -> 0.084656885 | E34: Ω
B35: Case Size diameter | C35: ØD | D35: =OutCap_Sel_DB!X4 -> 30 | E35: mm
B36: Case Size height | C36: h | D36: =OutCap_Sel_DB!Y4 -> 25 | E36: mm
B37: Estimated number of cap | C37: n.Cap | D37: =OutCap_Sel_DB!AA4 -> 16 | E37: -
B38: Expected ouptut cap volume [cm3] | C38: Cap.Volume | D38: =OutCap_Sel_DB!U4 -> 282.74334 | E38: cm3
B40: Parameters | C40: Name | D40: Value | E40: Unit
B41: Upper Resonant Frequency | C41: f.R1 | D41: 150 | E41: kHz
B42: Minimum switching frequency | C42: fsw.min | D42: 50 | E42: kHz
B43: Maximum Switching Frequency (1.5*f.R1 sugg) | C43: fsw.max | D43: =1.5*D41 -> 225 | E43: kHz
B45: Parameters | C45: Name | D45: Value | E45: Unit
B46: Single HB midpoint estimated Cap | C46: c.HB | D46: 800 | E46: pF
B47: Dead Time | C47: t.D | D47: 220 | E47: ns
B48: Parassitic Capacitance | C48: Cp | D48: 2 | E48: nF
B49: EMI filter resistance | C49: R.EMI | D49: 0.15 | E49: Ω
B51: Parameters | C51: Name | D51: Value | E51: Unit
B52: Bridge Rectifier Voltage Drop | C52: Vf.BR | D52: 0.08 | E52: V
B53: Dynamic Resistance (1 diode) | C53: Rd | D53: 0.04 | E53: Ω
B55: Output stage configuration (CT/FB)
B57: Parameters | C57: Name | D57: Value | E57: Unit
B58: Output Rectifier Voltage Drop | C58: Vrect | D58: 0 | E58: V
B59: Output Rectifier configuration (1 = CT, 2 = FB) | C59: Config.rect | D59: 1 | E59: ="-" -> -
B61: Configuration 1: CT=Center Tap Rectification | F61: Configuration 2: FB=Full Bridge Rectification
B76: To blank
B77: Parameters | C77: Name | D77: Value | E77: Unit
B78: Minimum Input voltage (for input curr) | C78: VAC.min | D78: ='Design Spec'!D13 -> 90 | E78: Vac
B79: Maximum Input voltage | C79: VAC.max | D79: =IF(D80=0,'Design Spec'!D14,IF(D80=1,'Design Spec'!D14*2,IF(D80=2,'Design Spec'!D14,IF(D80=3,'Design Spec'!D14*2,'Design Spec'!D14)))) -> 264 | E79: Vac
B80: =IF(D78>(190/SQRT(2)),"Select high mains configuration (1 = FB, 2 = HB)",IF(AND(D78<=(190/SQRT(2)),D79*SQRT(2)>245),"Universal range configuration","Select low mains configuration (1 = FB, 2 = HB)")) -> Universal range configuration | D80: =IF(D78<=(190/SQRT(2)),IF('Design Spec'!D14*SQRT(2)>245,0,'Design Spec'!D15),'Design Spec'!D15+2) -> 0
B81: Maximum equivalent input for Res. Tank Design (FB morphing side) | C81: Vin.FBmax | D81: =2*235/SQRT(2) -> 332.34019 | E81: Vac | I81: 0 | J81: Universal range = calcoli ok
B82: Parameters | C82: Name | D82: Value | E82: Unit | I82: 1 | J82: FB a bassa rete = I calcoli del tank sono ok, cambia la dissipazione ?
B83: Minimum voltage for Res. Tank Design | C83: Vin.min | D83: =IF(D80=0,'Design Spec'!F20,IF(D80=1,'Design Spec'!F20*2,IF(D80=2,'Design Spec'!F20,IF(D80=3,'Design Spec'!F20*2,'Design Spec'!F20)))) -> 173.24116 | E83: Vac | I83: 2 | J83: HB a bassa rete = va dimezzata la tensione di ingresso con la quale si calcola il tank, aumenta dissipazione sui mos
I84: 3 | J84: FB ad alta rete = va raddoppiata la tensione di ingresso con la quale si calcola il tank, diminuisce dissipazione sui mos
B85: Parameters | C85: Name | D85: Value | E85: Unit | I85: 4 | J85: HB ad alta rete = I calcoli del tank sono ok, cambia la dissipazione sul ponte a diodi in ingresso (dovrebbe già essere corretta nei calcoli, prendendo Vinmin)
B86: High line resonant operation | C86: Vin.nom | D86: 225 | E86: Vac
B87: Nominal input voltage (config dependent) | C87: Fixed | D87: =IF(D80=0,D86,IF(D80=1,D86,IF(D80=2,D86/2,IF(D80=3,D86*2,D86)))) -> 225 | E87: Vac
B88: Above resonance modulation depth | D88: 5 | E88: %
B89: Input voltage for imposing resonant operation | C89: Vin.res | D89: =D87*(1-D88/100) -> 213.75 | E89: Vac
B90: Line frequency | C90: fl | D90: ='Design Spec'!D16 -> 50 | E90: Hz
B91: Minimum Line frequency | C91: fl.min | D91: ='Design Spec'!D17 -> 47 | E91: Hz
B92: Maximum cap height | C92: h | D92: =D29 -> 25 | E92: mm
B94: Parameters | C94: Name | D94: Value | E94: Unit
B95: Regulated Output Voltage | C95: V.out | D95: ='Design Spec'!D23 -> 25 | E95: V
B96: ='Design Spec'!B24 -> Minimum admitted voltage (for hold up req) | C96: ='Design Spec'!C24 -> Vo_min_adm | D96: ='Design Spec'!D24 -> 19 | E96: ='Design Spec'!E24 -> V
B97: Output voltage ripple | C97: ∆vout | D97: ='Design Spec'!D25 -> 5 | E97: %
B98: Maximum Output Power | C98: Pout | D98: ='Design Spec'!D27 -> 657.5 | E98: W
B99: Expected HB efficiency | C99: ηLLC | D99: ='Design Spec'!D28 -> 98 | E99: %
B102: Upper Resonant Frequency | C102: f.R1 | D102: ='Design Spec'!D41 -> 150 | E102: kHz
B103: Minimum switching frequency | C103: fsw.min | D103: ='Design Spec'!D42 -> 50 | E103: kHz
B104: Maximum Switching Frequency | C104: fsw.max | D104: ='Design Spec'!D43 -> 225 | E104: kHz
B106: Output Rectifier Voltage Drop | C106: Vrect | D106: ='Design Spec'!D58 -> 0 | E106: V
B107: Output Rectifier configuration (1 = CT, 2 = FB) | D107: ='Design Spec'!D59 -> 1
B108: Bridge Rectifier Voltage Drop | C108: Vf.BR | D108: ='Design Spec'!D52 -> 0.08 | E108: V
B109: ='Design Spec'!B53 -> Dynamic Resistance (1 diode) | C109: ='Design Spec'!C53 -> Rd | D109: ='Design Spec'!D53 -> 0.04 | E109: ='Design Spec'!E53 -> Ω
B111: HB midpoint estimated Cap | C111: c.HB | D111: ='Design Spec'!D46 -> 800 | E111: pF
B112: Dead Time | C112: t.D | D112: ='Design Spec'!D47 -> 220 | E112: ns
B113: Cap… | C113: Cp | D113: ='Design Spec'!D48 -> 2 | E113: nF
B114: EMI filter resistance | C114: R.EMI | D114: ='Design Spec'!D49 -> 0.15 | E114: Ω

Sheet Preliminary Calculation
B4: Preliminary Calculations
B6: Parameters | C6: Name | D6: Value | E6: Unit
B7: Output current | C7: Iout | D7: ='Design Spec'!D98/'Design Spec'!D95 -> 26.3 | E7: A
B8: Output rectifier efficiency | C8: η.rect | D8: ='Design Spec'!D95/('Design Spec'!D95+'Design Spec'!D106*'Design Spec'!D107)*100 -> 100 | E8: %
B9: Transformer output power | C9: P.sec | D9: ='Design Spec'!D98/'Preliminary Calculation'!D8*100 -> 657.5 | E9: W
B10: LLC converter input power | C10: P.in.LLC | D10: ='Design Spec'!D98/('Preliminary Calculation'!D8/100*'Design Spec'!D99/100) -> 670.91837 | E10: W
B11: Max mains input rms current | C11: I.in.max | D11: =D10/'Design Spec'!D78 -> 7.4546485 | E11: A
B12: Output rectifier dissipation | C12: P.d.Drect | D12: =('Design Spec'!D98)*((1-'Preliminary Calculation'!D8/100)/('Preliminary Calculation'!D8/100)) -> 0 | E12: W
B13: LLC converter dissipation (trafo+MOS) | C13: P.d.LLC | D13: =(D9)*((1-('Design Spec'!D99/100))/('Design Spec'!D99/100)) -> 13.418367 | E13: W
B14: Bridge rectifier dissipation | C14: P.D.br | D14: =2*((D11*SQRT(2))*2/PI()*'Design Spec'!D108)+2*('Design Spec'!D109*(D11^2)) -> 5.5195894 | E14: W
B15: EMI filter resistance dissipation | C15: P.D.Rin | D15: ='Design Spec'!D114*D11^2 -> 8.3357677 | E15: W
B16: TOTAL power dissipation | C16: P.D | D16: =D15+D14+D13+D12 -> 27.273724 | E16: W
B17: HB converter expected efficiency | C17: η.HB | D17: =D9/(D9+D13)*100 -> 98 | E17: %
B18: EMI filter and bridge rectifier efficiency | C18: η.ac | D18: =D10/(D10+(D15+D14))*100 -> 97.976652 | E18: %
B19: Total expected efficiency | C19: η.tot | D19: =D17*D8/100*D18/100 -> 96.017119 | E19: %
B20: Rated input power | C20: P.in | D20: ='Design Spec'!D98/D19*100 -> 684.77372 | E20: W

Sheet Res. Tank Design
B4: Resonant Tank Design
B6: FHA-based design
B8: Parameters | C8: Name | D8: Value | E8: Unit | F8: Selected Value
B9: Physical Turn Ratio (npri/nsec): | C9: n | D9: =(SQRT(2)*'Design Spec'!D89)/(2*('Design Spec'!D95+'Design Spec'!D107*'Design Spec'!D106)) -> 6.045763 | E9: ="-" -> - | F9: 6.0241
B10: Maximum Voltage Gain@Vin.min | C10: M.Vmin.pk | D10: =2*IF(F9,F9,D9)*(('Design Spec'!D95+'Design Spec'!D107*'Design Spec'!D106))/(SQRT(2)*'Design Spec'!D83) -> 1.2294082 | E10: ="-" -> -
B11: Minimum Voltage Gain@Vin.min | C11: M.Vmax.pk | D11: =2*IF(F9,F9,D9)*(('Design Spec'!D95+'Design Spec'!D107*'Design Spec'!D106))/(SQRT(2)*'Design Spec'!D79) -> 0.80675795 | E11: ="-" -> -
B12: Min λ ratio for min gain req | C12: λ.min.1 | D12: =1/(2*IF(F9,F9,D9)*(('Design Spec'!D95+'Design Spec'!D107*'Design Spec'!D106))/(SQRT(2)*'Design Spec'!D81))-1 -> 0.56039906 | E12: ="-" -> -
B13: Min λ ratio for max freq req | C13: λ.min.2 | D13: =D12/(1-('Design Spec'!D102/'Design Spec'!D104)^2) -> 1.0087183 | E13: ="-" -> -
B14: Min λ ratio for max freq req (TD) | C14: λ.min.TD | D14: =D12/(1-(((PI()^2)/8)*('Design Spec'!D102/'Design Spec'!D104)^2)) -> 1.2406756 | E14: ="-" -> -
B15: Min λ ratio for min freq req | C15: λ.min.3 | D15: =(('Design Spec'!$D$103/'Design Spec'!$D$102)^2)/(1-('Design Spec'!$D$103/'Design Spec'!$D$102)^2) -> 0.125 | E15: -
B16: Maximum value | C16: λ | D16: =MAX(D12,D13,D14,D15) -> 1.2406756 | E16: ="-" -> - | F16: removed 1.2 factor on λ.min.1
B17: Equivalent output impedance | C17: Rac | D17: =((IF(F9,F9,D9))^2)*(4/((PI())^2))*(((('Design Spec'!D95+'Design Spec'!D107*'Design Spec'!D106))^2)/('Preliminary Calculation'!D10)) -> 13.701084 | E17: Ω
B18: For ZVS at Vin.min and max load | C18: QZVS.1 | D18: =IF(D10>1,(D16/D10)*SQRT((1/D16)+((D10^2)/((D10^2)-1))),NA()) -> 1.957171 | E18: ="-" -> -
B19: For ZVS at Vin.max and zero load | C19: QZVS.2 | D19: =(2/PI())*(D16)*(('Design Spec'!D112*(10^-9))/(D17*'Design Spec'!D111*(10^-12))) -> 15.85317 | E19: ="-" -> -
B20: For ZVS at Vin.max and zero load | C20: QZVS.3 | D20: =((SQRT((D16*(1+D16))))/(2*IF(F9,F9,D9)))*((SQRT(2)*'Design Spec'!D83)/((('Design Spec'!D95+'Design Spec'!D107*'Design Spec'!D106)))) -> 1.3561962 | E20: ="-" -> - | F20: Not used since evaluated at f.o
B22: ZVS condition
B24: Parameters | C24: Name | D24: Value | E24: Unit
B25: Margin to achieve ZVS | C25: ZVSmargin | D25: 15 | E25: %
B26: Selected quality factor | C26: QZVS | D26: =1/(1+(D25/100))*MIN(D18:D19) -> 1.7018878 | E26: ="-" -> -
B27: Resonant tank characteristic imp | C27: Z0 | D27: =D17*D26 -> 23.317707 | E27: Ω
B28: Minimum fsw.norm at Vin.min.pk | C28: f.n.min | D28: =RTC!$BB$149 -> 0.83781782 | E28: ="-" -> -
B29: Minimum resonant tank phase shift | C29: φ.min | D29: =ATAN(((((D50^2)+(D50)+(((D28^2)-1)*(RTC!$C$41^2)))*(D28^2))-(D50^2))/(RTC!$C$41*(D28)^3)) -> 0.36747527 | E29: ="-" -> -
B30: Resonant current ZC instant | C30: T.ZC | D30: =(D29)/(2*PI()*D28*D55)*1000000 -> 460.01805 | E30: ns
B31: Reference Dead time | C31: T.D | D31: ='Design Spec'!D112 -> 220 | E31: ns
B32: ZVS condition satisfied? | C32: =IF(D30>D31,"Yes","No, increase ZVS margin") -> Yes
B34: Parameters | C34: Name | D34: Value | E34: Unit
B35: Peak Resonant Current | C35: IR1.pk | D35: =(2*PI()*'Design Spec'!D98)/(SQRT(2)*('Preliminary Calculation'!D17/100)*'Design Spec'!D83*COS('Res. Tank Design'!D29)) -> 18.437047 | E35: A
B36: Minimum current for achieving ZVS | C36: IR0 | D36: =D35*SIN(D29) -> 6.6237009 | E36: A
B37: Transition time | C37: T.T | D37: ='Design Spec'!D111*(10^-12)*(SQRT(2)*'Design Spec'!D83/'Res. Tank Design'!D36)*10^9 -> 29.590708 | E37: ns
B39: Resonant Tank Parameters
B41: Parameters | C41: Name | D41: Value | E41: Unit | F41: Selected Value
B42: Turn Ratio | C42: n | D42: =IF(F9,F9,D9) -> 6.0241 | E42: ="-" -> -
B43: Resonant Capacitor | C43: C.r | D43: =1/(2*PI()*'Design Spec'!D102*'Res. Tank Design'!D27)*1000000 -> 45.503314 | E43: nF | F43: 100
B44: Leakage inductance | C44: L.r | D44: =1/(IF(F43,F43,D43)*(10^-12)*(2*PI()*'Design Spec'!D102*1000)^2)*1000 -> 11.257909 | E44: µH | F44: 11
B45: Magnetizing inductance | C45: L.m | D45: =IF(F44,F44,D44)/D16 -> 8.8661374 | E45: µH | F45: 20
B47: Final Design Check
B49: Parameters | C49: Name | D49: Value | E49: Unit
B50: Series over parallel inductance ratio | C50: λ | D50: =IF(F44,F44,D44)/IF(F45,F45,D45) -> 0.55 | E50: ="-" -> -
B51: Real Turn Ratio | C51: n.T | D51: =IF(F9,F9,D9)*(1+D50)^0.5 -> 7.499944 | E51: ="-" -> -
B52: Series resonant characteristic imp | C52: Z.o | D52: =(IF(F44,F44,D44)/IF(F43,F43,D43)*1000)^0.5 -> 10.488088 | E52: Ω
B53: Parallel resonant characteristic imp | C53: Z.O | D53: =((IF(F44,F44,D44)+IF(F45,F45,D45))*1000/(IF(F43,F43,D43)))^0.5 -> 17.606817 | E53: Ω
B54: Normalized parallel resonant frequency | C54: f.no | D54: =((D50)/(1+D50))^0.5 -> 0.5956834 | E54: ="-" -> -
B55: Series resonant frequency | C55: f.r | D55: =1/(2*PI()*SQRT(IF(F44,F44,D44)*(10^-6)*IF(F43,F43,D43)*(10^-9)))/1000 -> 151.74828 | E55: kHz
B56: Parallel resonant frequency | C56: f.o | D56: =D55*D54 -> 90.393933 | E56: kHz
B57: Primary inductance | C57: L.μ | D57: =SQRT((IF(F45,F45,D45)*(IF(F45,F45,D45)+IF(F44,F44,D44)))) -> 24.899799 | E57: µH
B58: Primary side leakage inductance | C58: L.L1 | D58: =IF(F45,F45,D45)+IF(F44,F44,D44)-D57 -> 6.1002008 | E58: µH
B59: Secondary side leakaged inductance | C59: L.L2 | D59: =D58/D51^2 -> 0.10844963 | E59: µH
B60: Current for achieving ZVS | C60: I.R0.crit | D60: =(SQRT(2*(('Design Spec'!D111*(10^-12))/((IF(F44,F44,D44)+IF(F45,F45,D45))*(10^-6)))))*(SQRT(2)*'Design Spec'!D83) -> 1.760132 | E60: A
B62: Estimated transformer current
B64: Parameters | C64: Name | D64: Value | E64: Unit
B65: Primary RMS current @ Vin min | C65: Ipri.rms @θ=π/4 (approx.) | D65: =CC!J29 -> 10.913174 | E65: A
B66: Primary peak current @ Vin_min | C66: Ipri.pk (at Vin.min pk) | D66: =CC!E27 -> 16.370572 | E66: A
B67: Secondary RMS current @ Vin min | C67: Isec.rms @θ=π/4 (approx.) | D67: =CC!J25 -> 28.329125 | E67: A
B68: Secondary peak current @ Vin_min | C68: Isec.pk (at Vin.min pk) | D68: =CC!E24 -> 98.617964 | E68: A

Sheet Power Components
B4: Input capacitor selection
B6: Parameters | C6: Name | D6: Value | E6: Unit | F6: Selected Value
B7: Minimum Input Cap. | C7: C.in.min | D7: =3*'Preliminary Calculation'!D20 -> 2054.3212 | E7: nF | F7: 2200
B9: Output capacitor selection
B11: Parameter | C11: Name | D11: Value | E11: Unit
B12: Output Power | C12: Pout | D12: ='Design Spec'!D27 -> 657.5 | E12: W
B13: Output current | C13: Iout | D13: ='Preliminary Calculation'!D7 -> 26.3 | E13: A
B14: Regulated output voltage | C14: Vout | D14: ='Design Spec'!D23 -> 25 | E14: V
B15: Minimum admitted voltage | C15: Vo_min_adm | D15: ='Design Spec'!D24 -> 19 | E15: V
B16: Output voltage ripple | C16: Ripple | D16: ='Design Spec'!D25 -> 5 | E16: %
B17: Hold up capability | C17: Thold | D17: ='Design Spec'!D26 -> 12 | E17: ms
B18: Minimum Mains frequency | C18: fl | D18: ='Design Spec'!D17 -> 47 | E18: Hz
B20: Parameter | C20: Name | D20: Value | E20: Unit
B21: Output cap considering ripple pk-pk | C21: Cout1 | D21: =D13/(2*PI()*D18*D14*(D16/100))*10^6 -> 71247.234 | E21: uF
B22: Ouptut cap considering hold up | C22: Cout2 | D22: =(2*D12*D17*(10^-3))/(((D14-D31/2)^2)-(D15^2))*10^6 -> 67222.382 | E22: uF
B23: Number of output capacitors | C23: n.Cout | D23: 160 | E23: -
B24: Insert the single capacitor value | C24: Cout.single | D24: 470 | E24: uF
B25: Insert the ESR value of the single capacitor | C25: ESR.single | D25: 30 | E25: mΩ
B26: Total ouptut capacitor Cout | C26: Cout | D26: =D24*D23 -> 75200 | E26: uF
B27: Total ESR of Cout | C27: ESR | D27: =D25/D23 -> 0.1875 | E27: mΩ
B28: Output cap RMS current | C28: I.Cout.RMS | D28: =CC!J31 -> 30.222321 | E28: A
B30: Parameter | C30: Name | D30: Value | E30: Unit
B31: Low frequency ripple voltage pk-pk recalculation | C31: V_Ripple_pk-pk | D31: =D13/(2*PI()*D18*D26*(10^-6)) -> 1.1842958 | E31: V
B32: % Ripple pk-pk on Vout | C32: Ripple pk-pk % | D32: =D31/D14*100 -> 4.7371831 | E32: %
B33: Hold up time recalculation | C33: Thold | D33: =D26/(2*D12)*(((D14-D31/2)^2)-(D15^2))/1000 -> 13.4241 | E33: ms
B34: Estimated maximum R&N @ Vinmin | C34: R&N_0 | D34: =D27*CC!$E$24 -> 18.490868 | E34: mV
B35: Maximum allowed R&N @ fsw | C35: R&N_max | D35: 30 | E35: mV
B36: Displacement factor of ceramic capacitor | C36: DF | D36: 2.5 | E36: %
B37: Suggested minimum ceramic capacitor | C37: Cceramic min | D37: =IF((1-D35/D34)*(D36/100)*(10^6)/(D27*2*PI()*CC!$E$21*D35/D34)>0,(1-D35/D34)*(D36/100)*(10^6)/(D27*2*PI()*CC!$E$21*D35/D34),0) -> 0 | E37: uF
B38: Select the ceramic capacitor | C38: Cceramic | D38: 10 | E38: uF
B39: Estimated R&N @ fsw | C39: R&N | D39: =D34/(D27*10^(-6)*2*PI()*CC!$E$21*D38/(D36/100)+1) -> 17.445662 | E39: mV
B40: Estimated dissipated power on output capacitors | C40: P.Cout | D40: =D28*D28*(((2*PI()*CC!E21*1000*D38*10^-6)/(D36/100))+(D27/1000)^-1)^-1 -> 0.16157979 | E40: W
B42: Input Bridge Rectifier
B44: Parameter | C44: Name | D44: Value | E44: Unit
B45: Maximum RMS Input Current | C45: Iin | D45: ='Preliminary Calculation'!D11 -> 7.4546485 | E45: A
B46: Parameter | C46: Name | D46: Value | E46: Unit
B47: Selected Bridge Forward Voltage (1 diode) | C47: Vth | D47: ='Design Spec'!D52 -> 0.08 | E47: V
B48: Dynamic Resistance (1 diode) | C48: Rd | D48: ='Design Spec'!D53 -> 0.04 | E48: Ω | G48: Bridge rectifier schematic
G49: =C50 -> GBJ1506U
B50: Please Select a BRIDGE RECTIFIER part number | C50: GBJ1506U
B52: Parameter | C52: Name | D52: Value | E52: Unit
B53: Rectified Sine Current (half wave)_RMS | C53: I hw_RMS | D53: =D45/SQRT(2) -> 5.2712325 | E53: A
B54: Rectified Sine Current (half wave)_Average | C54: I hw_Average | D54: =0.5*(D45*SQRT(2))*2/PI() -> 3.3557708 | E54: A
B55: Power dissipation | C55: Pbridge | D55: =2*(2*D54*D47)+2*(2*D48*(D53^2)) -> 5.5195894 | E55: W
B57: LLC Half Brigdge Power Switch Selection
B58: Rdson multiplier at Tj,max - same VGS = 10 V curve | C58: kT.pri | D58: 1.8 | E58: -
B59: Parameter | C59: Name | D59: Value | E59: Unit
B60: Primary RMS current @Vin min - whole tank | C60: Ipri.rms (line cycle, Simpson) | D60: =CC!J29 -> 10.913174 | E60: A
B61: Primary RMS Switch current @Vin min - per switch POSITION | C61: Imos.rms per position (line cycle, Simpson) | D61: =CC!J30 -> 7.7167794 | E61: A
B62: Primary RMS current in ONE device | C62: Imos.rms.dev | D62: =IF(ISNUMBER(F61),F61,D61)/D68 -> 7.7167794 | E62: A
B63: Parameter | C63: Name | D63: Value | E63: Unit
B64: Suggested Min Voltage rating for each power | C64: VDS | D64: =(1.3*'Design Spec'!D14*1.414) -> 485.2848 | E64: V
B65: Suggested Min Current rating per switch POSITION | C65: IF Switch (composite tank peak) | D65: =1.3*'Device Setting'!D32 -> 23.810077 | E65: A
B66: Primary peak current in ONE device | C66: Ilr.pk.dev | D66: ='Device Setting'!D32/D68 -> 18.315444 | E66: A
B67: Please Select a dedicated Switch part number | C67: STO60N045DM9
B68: Devices in parallel per switch position | C68: n.par | D68: 1 | E68: -
B69: Parameter | C69: Name | D69: Value | E69: Unit
B70: Rdson max @Tc = 25˚C, VGS = 10 V, ID = 28 A (per device) | C70: Rdson | D70: 0.045 | E70: Ω
B71: Drain Capacitance | C71: Coss | D71: 897 | E71: pF
B72: Parassitic Drain Node Capacitance | C72: Cpar | D72: 10 | E72: pF
B73: Operating Ambient Temperature | C73: Ta | D73: 25 | E73: C˚
B74: Body diode recovery condition - bus voltage | C74: Vbd.rr | D74: =SQRT(2)*'Design Spec'!D14 -> 373.35238 | E74: V
B75: Body diode recovery condition - current | C75: Ibd.rr | D75: =CC!C28 -> 12.405618 | E75: A
B76: Parameter | C76: Name | D76: Value | E76: Unit
B77: Total HB parassitic Capacitance | C77: Ctot | D77: =(2*D71)+D72 -> 1804 | E77: pF
B78: Maximum Power Losses estimation for ONE SWITCHING device | C78: Pdiss.s | D78: =D70*D58*D62^2 -> 4.8234435 | E78: W
B79: Power loss in the STATICALLY-ON device (HB morphing mode) | C79: Pdiss.dc | D79: =D70*D58*(D60/D68)^2 -> 9.646887 | E79: W
B80: Estimated Rth max j-a at Tj = 125˚C, on the WORSE device | C80: Rth | D80: =(125-D73)/MAX(D78,D79) -> 10.366038 | E80: ˚C/W
B81: =IF(OR('Design Spec'!$D$107=1,'Design Spec'!$D$107=2),_xlfn.CONCAT("Secondary Side Power Switch Selection in ",IF('Design Spec'!$D$107=1,"center tap configuration","full bridge configuration")),"Wrong output bridge selection, return to design Spec sheet") -> Secondary Side Power Switch Selection in center tap configuration
B83: Parameter | C83: Name | D83: Value | E83: Unit [ ]
B84: Secondary RMS current @Vin min - each winding | C84: Isec.rms per winding (line cycle, Simpson) | D84: =CC!J25 -> 28.329125 | E84: A
B85: Secondary RMS Switch current @Vin min - each LEG | C85: Idiode.rms per leg (line cycle, Simpson) | D85: =CC!J26 -> 28.329125 | E85: A
B86: Secondary peak Switch current @Vin min - each LEG | C86: Isec.pk | D86: =CC!E24 -> 98.617964 | E86: A
B87: Secondary RMS current in ONE device | C87: Isr.rms.dev | D87: =IF(ISNUMBER(F85),F85,D85)/D103 -> 14.164563 | E87: A
B88: Parameter | C88: Name | D88: Value | E88: Unit [ ]
B89: Suggested Min Voltage rating for each power switch | C89: VDS | D89: =1.2*2*'Design Spec'!$D$95/'Design Spec'!$D$107 -> 60 | E89: V
B90: Suggested Min Current rating per LEG | C90: IF Switch | D90: =1.2*D86 -> 118.34156 | E90: A
B91: Secondary peak current in ONE device | C91: Isr.pk.dev | D91: =D86/D103 -> 49.308982 | E91: A
B92: Please Select a dedicated Switch part number | C92: TPH3R70APL1
B93: Rectifier device type (1 = diode/Schottky, 2 = SR MOSFET) | C93: Conf.SR | D93: 2 | E93: -
B94: Parameter | C94: Name | D94: Value | E94: Unit
B95: Rectifier forward voltage drop (Conf.SR = 1 only) | C95: Vth | D95: 0 | E95: V
B96: Rdson max @25˚C, VGS = 10 V (per device) | C96: RD | D96: 0.0037 | E96: Ω
B97: Operating Ambient Temperature | C97: Ta | D97: 25 | E97: C˚
B98: Rdson multiplier at Tj,max - same VGS = 10 V curve | C98: kT.sec | D98: 1.9 | E98: -
B99: Parameter | C99: Name | D99: Value | E99: Unit
B100: Maximum Power Losses estimation for ONE device | C100: Pdiss_d | D100: =IF(D93=2,0,0.5*D95*'Preliminary Calculation'!D7/D103)+D96*D98*D87^2 -> 1.4104629 | E100: W
B101: Estimated Rth, per device, at Tj = 125˚C | C101: Rth | D101: =(125-D97)/D100 -> 70.898711 | E101: ˚C/W
B102: Total Power dissipation, all rectifier devices | C102: Pdiss | D102: =D100*D103*2*'Design Spec'!$D$107 -> 5.6418515 | E102: W
B103: SR devices in parallel per leg | C103: n.SR | D103: 2 | E103: -
B104: Conf.1: CT=Center Tap Rectification | C104: Conf.2: FB=Full Bridge Rectification

Sheet Device Setting
B1: Minimum switching frequency = lower resonant frequency | C1: f.sw.min | D1: ='Res. Tank Design'!D56 -> 90.393933 | E1: kHz
B2: Maximum switching frequency at Vinmax and max load | C2: f.sw.max | D2: =RTC!$BD$212 -> 249.02959 | E2: kHz
B3: Maximum switching frequency for component design | C3: f.sw.max.design | D3: =MAX(D2,MIN('Design Spec'!D104,D2*1.5)) -> 249.02959 | E3: kHz
B4: Resonant Frequency | C4: f.r | D4: ='Res. Tank Design'!D55 -> 151.74828 | E4: kHz
B10: 1-VCO timing components setting
B12: DS_Reference voltage for CT Typ. | C12: VREF | D12: 1.5 | E12: V
B13: DS_Oscillator idle time 350ns Typ. | C13: Tidle | D13: 250 | E13: ns
B14: DS_Timing resistor operating range [5-30]kΩ | C14: Rtmax | D14: 30 | E14: kΩ
B15: DS_IEA_max typ. 400uA | C15: I.CTL.max | D15: 0.4 | E15: mA
B16: DS_Extra osccillator current at start-up: | C16: IOSC.SU | D16: 0.412 | E16: mA
B18: Parameters | C18: Name | D18: Value | E18: Unit | I18: VCO block diagram
B19: Maximum Timing Capacitor | C19: CT.max | D19: =(D15*(10^-3))*((2*D13*D3*(10^-6))-1)*((2*D13*D1*((10^-6)))-1)/(2*D12*((D3-D1)*10^3))*10^12 -> 702.5877 | E19: pF
B20: Minimum Timing Capacitor | C20: CT.min | D20: =(1/(D14*(10^3)))*((1/(2*D1*10^3))-(D13*(10^-9)))*10^12 -> 176.04482 | E20: pF
B21: Select the timing capacitor between CTmin and Ctmax | C21: CT | D21: 470 | E21: pF | F21: 470
C22: k.CT (>1) | D22: =MIN(D19/D21,D21/D20) -> 1.4948674 | E22: -
B23: Parameters | C23: Name | D23: Value | E23: Unit | F23: Selected Value
B24: Minimum Resistor value | C24: RT.ceil (NOT a minimum) | D24: =(1/(D21*(10^-12)))*(1/(2*D1*(10^3))-(D13*10^-9))/1000 -> 11.236904 | E24: kΩ | F24: 11
C25: k.RT.ceil (>1) | D25: =D24/IF(ISNUMBER(F24),F24,D24) -> 1.0215367 | E25: -
B26: Parameters | C26: Name | D26: Value | E26: Unit
B27: Actual Max. switching frequency | C27: f.Max | D27: =1/(2*(((D21*(10^-12))/(((D15*(10^-3))/D12)+(1/(F24*(10^3)))))+(D13*(10^-9))))/1000 -> 319.60997 | E27: kHz
B28: Actual Min. switching frequency | C28: f.Min | D28: =1/(2*(D21*F24*(10^-9)+D13*(10^-9)))/1000 -> 92.250923 | E28: kHz
B29: Actual Start-up switching frequency | C29: f.start-up | D29: =1/(2*(((D21*(10^-12))/((((D15+D16)*(10^-3))/(D12))+(1/(F24*(10^3)))))+(D13*(10^-9))))/1000 -> 503.32915 | E29: kHz
C31: P.in | D31: ='Preliminary Calculation'!D20 -> 684.77372 | E31: W
B32: Composite resonant peak = load + magnetizing (NOT I.trafo.pk alone) [79] | C32: Ilr.pk.max | D32: =IF(2*CC!E28/(PI()*CC!E27)>=1,CC!E28,CC!E28*(2*ACOS(-2*CC!E28/(PI()*CC!E27))/PI()-1)+CC!E27*SQRT(1-(2*CC!E28/(PI()*CC!E27))^2)) -> 18.315444 | E32: A
B33: Maximum rms current on sense resistor (at Vinmin) | C33: I.Rcs.rms.max | D33: =MAX(CC!E29,'Preliminary Calculation'!D11) -> 13.760292 | E33: A
B35: 2-ISEN (Pin6) Current sense resistor calculation
B37: Parameters | C37: Name | D37: Value | E37: Unit
B38: Max input power at FB voltage clamped to the VFB.max | C38: R.CS.max1 | D38: =16.8/D31*1000 -> 24.533652 | E38: mΩ
B39: Minimum input voltage, the maximum input peak current | C39: R.CS.max2 | D39: =0.55/D32*1000 -> 30.029302 | E39: mΩ
B40: Sense dissipation @ low mains | C40: P.Rcs.avg | D40: =(MIN(D38,D39)/1000)*(D33)^2 -> 4.6453396 | E40: W
B41: Single sense resistor maximum power dissipation | C41: P.Rcs.sing | D41: 1 | E41: W
B42: Minimum number or parallel sense resistors | C42: N.Rcs.sing | D42: =_xlfn.CEILING.MATH(D40/D41) -> 5 | E42: -
B43: Select number of parallel sense resistors | C43: N.Rcs.parall | D43: 5 | E43: -
B44: Maximum value of single sense resistor | C44: Max.Rcs.parall | D44: =MIN(D38,D39)*D43 -> 122.66826 | E44: mΩ
B45: Suggested single sense resistor (largest E24 value at or below D44) - put your actual choice in F45 | C45: R.CS.single | D45: =LOOKUP(D44/10^INT(LOG10(D44)),{1,1.1,1.2,1.3,1.5,1.6,1.8,2,2.2,2.4,2.7,3,3.3,3.6,3.9,4.3,4.7,5.1,5.6,6.2,6.8,7.5,8.2,9.1})*10^INT(LOG10(D44)) -> 120 | E45: mΩ | F45: 120 | I45: =D43*((180^-1+180^-1+240^-1)^-1) -> 327.27273 | J45: 180||180||240
B46: Current sense resistor | C46: R.CS | D46: =IF(ISNUMBER(F45),F45,D45)/D43 -> 24 | E46: mΩ
B47: Actual estimated power dissipation on current sense resistor | C47: P.Rcs.act | D47: =(D46/1000)*(D33)^2 -> 4.544295 | E47: W
B48: Actual estimated maximum input power | C48: Pin.max | D48: =16.8/D46*1000 -> 700 | E48: W
B49: OCP1 / OCP2 trip currents [84] - ADDED | C49: I.OCP1 | D49: =0.55/D46*1000 -> 22.916667 | E49: A | F49: I.OCP2 | G49: =0.75/D46*1000 -> 31.25 | H49: A
B50: OCP1 margin over the composite peak D32 - target > 1.2 | C50: k.OCP1 | D50: =D49/D32 -> 1.2512209 | E50: -
B51: 3-BM (pin10) - Burst mode resistor setting:
B53: DS_BM pin current | C53: I.BM | D53: 13.3 | E53: µA
B54: DS_Scaling factor for burst mode threshold setting | C54: k.BM | D54: 0.01 | E54: V/kΩ
B55: DS_Internal FB offset | C55: V.off | D55: 0.5 | E55: V
B56: Parameters | C56: Name | D56: Value | E56: Unit
B57: Input power burst mode threshold | C57: P.in.BM | D57: 75 | E57: W
B58: Expected converter efficiency at BM entering threshold | C58: η.BM.in | D58: 90 | E58: %
B60: Parameters | C60: Name | D60: Value | E60: Unit | F60: Selected Value
B61: Maximum burst mode resistor | C61: R.BM.max | D61: =16.7*(D57*D46*(10^-3)) -> 30.06 | E61: kΩ | F61: 30
B63: Parameters | C63: Name | D63: Value | E63: Unit
B64: Expected BM entering threshold | C64: P.in.BM.exp | D64: =(F61*D54)/(0.167*D46*10^-3) -> 74.850299 | E64: W
B65: Expected output power at BM entering | C65: P.o.BM.exp | D65: =D64*D58/100 -> 67.365269 | E65: W
B67: to blank | C67: Vout | D67: ='Design Spec'!D95 -> 25 | E67: V
B69: 4-ZCD (Pin12) resistors setting:
B71: DS_IC start-up phase end th at ZCD pin | C71: V.Startup.end.th | D71: 1.36 | E71: V
B72: DS_OVP1 threshold | C72: V.OVP1.th | D72: 2.3 | E72: V
B73: DS_OVP2 threshold | C73: V.OVP2.th | D73: 2.5 | E73: V
B74: DS_Maximum auxiliary voltage | C74: V.AUX.max | D74: 25 | E74: V
B76: Parameters | C76: Name | D76: Value | E76: Unit
B77: OVP1 threshold percentage | C77: V.OVP1% | D77: 10 | E77: %
B78: OVP1 threshold | C78: V.OVP1 | D78: =D67*(1+D77/100) -> 27.5 | E78: V
B79: OVP2 threshold | C79: V.OVP2 | D79: =D78*D73/D72 -> 29.891304 | E79: V
B81: Parameters | C81: Name | D81: Value | E81: Unit | F81: Selected Value
B82: Bias current of ZCD resistor divider at OVP1 threshold | C82: I.bias.OVP1 | D82: 120 | E82: µA
B83: Maximum auxiliary to secondary turn ratio (naux/nsec) | C83: n.aux_sec_max | D83: =D74/D79 -> 0.83636364 | E83: - | F83: 1
B84: Auxiliary ratio check for a winding wired STRAIGHT to VCC. This design feeds VCC through a Zener regulator (about 13.6 V), so D84 < 1 is intended: the 25 V limit applies to the regulator output, checked in the SMath sheet section 14c (k.VCC). | C84: k.naux (>1) | D84: =D83/IF(ISNUMBER(F83),F83,D83) -> 0.83636364 | E84: -
B85: Parameters | C85: Name | D85: Value | E85: Unit | F85: Selected Value
B86: Peak aux voltage at OVP1 | C86: V.aux.OVP1 | D86: =F83*D78 -> 27.5 | E86: V
B87: Peak aux voltage at OVP2 | C87: V.aux.OVP2 | D87: =D86/D72*D73 -> 29.891304 | E87: V
B88: Peak aux voltage at end of start-up | C88: V.aux.startup.end | D88: =D86/D72*D71 -> 16.26087 | E88: V
B89: Peak output voltage at end of start-up | C89: V.out.startup.end | D89: =D88/F83 -> 16.26087 | E89: V
B90: Lower ZCD resistor divider | C90: R.ZCD.L.min | D90: =D72/D82*1000 -> 19.166667 | E90: kΩ | F90: 19
B91: Upper ZCD resistor divider | C91: R.ZCD.H.max | D91: =(F90*D86/D72)-F90 -> 208.17391 | E91: kΩ | F91: 220
B93: Parameters | C93: Name | D93: Value | E93: Unit
B94: OVP1 actual thresholds | C94: V.OVP1 | D94: =(D72/F83)*((F91/F90)+1) -> 28.931579 | E94: V
B95: OVP2 actual thresholds | C95: V.OVP2 | D95: =(D73/F83)*((F91/F90)+1) -> 31.447368 | E95: V
B96: OVP1 on auxiliary winding | C96: V.aux.OVP1 | D96: =F83*D94 -> 28.931579 | E96: V
B97: OVP2 on auxiliary winding | C97: V.aux.OVP2 | D97: =F83*D95 -> 31.447368 | E97: V
B98: Actual End-Start-up voltage on aux | C98: V.aux.startup.end | D98: =(D96/D72)*(D71) -> 17.107368 | E98: V
B99: Actual End-Start-up voltage on output | C99: V.out.startup.end | D99: =D98/F83 -> 17.107368 | E99: V
B100: Actual auxiliary regulated voltage | C100: V.aux.reg | D100: ='Design Spec'!D95*F83 -> 25 | E100: V
B102: to balnk | C102: Vacmin | D102: ='Design Spec'!D78 -> 90 | E102: Vac
B104: 5-CFG (Pin11) - resistor setting:
B106: Parameters | C106: Name | D106: Value | E106: Unit | F106: Selected Value | I106: Configuration table summary
B107: K factor | C107: k.CFG | D107: 4 | E107: V/kΩ
B108: Configuration resistor value | C108: R.CFG.max | D108: =SQRT(2)*D102/D107 -> 31.819805 | E108: kΩ | F108: 30
B109: Actual brownout threshold | C109: V.BO | D109: =F108*D107/SQRT(2) -> 84.852814 | E109: V
B110: LOUT2 setting | C110: =IF(OR('Design Spec'!D80=0,'Design Spec'!D80=1,'Design Spec'!D80=3),"Connect to driver","Short to GND") -> Connect to driver
B111: Actual configuration | C111: =IF('Design Spec'!D80=0,IF(F108<47.5,"Morphing enabled","Check R.CFG value"),IF('Design Spec'!D80=1,"FB configuration",IF('Design Spec'!D80=3,IF(F108>47.5,"FB at high mains configuration","Check R.CFG value"),"Forced HB configuration - Splitted Cr mandatory"))) -> Morphing enabled
B113: Split resonant capacitors for forced HB configuration

Sheet CompensationNet&Check
B2: Link input data | C2: Vinmax | D2: ='Design Spec'!D79 -> 264
B3: Link input data | C3: Vinmin | D3: ='Design Spec'!D83 -> 173.24116
B4: Link input data | C4: Vout | D4: ='Design Spec'!D95 -> 25 | E4: V
B5: Link_power components | C5: Cout | D5: ='Power Components'!D26*10^-6 -> 0.0752 | E5: F
B6: Link input data | C6: fl | D6: ='Design Spec'!D90 -> 50 | E6: Hz
B7: Link input data | C7: flmin | D7: ='Design Spec'!D91 -> 47 | E7: Hz
B11: FB and secondary side voltage control loop
B13: Parameters | C13: Name | D13: Value | E13: Unit | H13: Secondary side voltage control loop schematics:
B14: Feedback supply voltage | C14: V.Z | D14: 12 | E14: V
B15: Max feedback current | C15: I.FB.max | D15: 300 | E15: µA
B16: Current out of FB pin | C16: I.FB.steady | D16: 150 | E16: µA
B17: FB pin internal resistance | C17: R.FB | D17: 35 | E17: kΩ
B19: Please Select a Voltage Regulator part number | C19: TL431AIT
B21: Parameters | C21: Name | D21: Value | E21: Unit
B22: Tx431 referemce voltage | C22: V.R | D22: 2.495 | E22: V
B23: Tx431 min operating current | C23: I.min | D23: 0.8 | E23: mA
B25: Please Select an Optocoupler part number | C25: SFH617A
B27: Parameters | C27: Name | D27: Value | E27: Unit
B28: Optodiode voltage drop | C28: V.Fo | D28: 1.15 | E28: V
B29: Optocoupler transfer ratio when Itr = 150uA | C29: CTR.steady | D29: 0.37
B30: Optocoupler capacitance | C30: C.opto | D30: 3 | E30: nF
B31: Optocoupler transfer ratio when Itr = 300uA | C31: CTR.max | D31: 0.53 | E31: ="-" -> -
B33: Output feedback divider and Vout setting
B35: Parameters | C35: Name | D35: Value | E35: Unit | F35: Selected value
B36: Upper resistor divider | C36: R.I | D36: 100 | E36: kΩ
B37: Lower resistor divider | C37: Ro | D37: =D22/(D4-D22)*D36 -> 11.086425 | E37: kΩ | F37: 11
B38: Regulated output voltage - ACTUAL, from the selected divider (target is Design Spec D23) | C38: Vout | D38: =D22*(D36+F37)/F37 -> 25.176818 | E38: V
B40: Parameters | C40: Name | D40: Value | E40: Unit | F40: Selected value
B41: Limiting Resistor | C41: R.p.Max | D41: =D28/D23 -> 1.4375 | E41: kΩ | F41: 1.3
B42: External EA biasing resistor_max value | C42: R.B.max | D42: =(D14-(D22+D28))/(((D16*10^-6)/D29)+(D28/(F41*1000)))/1000 -> 6.4766398 | E42: kΩ
B43: External EA biasing resistor_min value | C43: R.B.min | D43: =(D14-(D22+D28))/(((D15*10^-6)/D31)+(D28/(F41*1000)))/1000 -> 5.7594747 | E43: kΩ | F43: 6.2
B44: Maximum Feedback current | C44: I.FB | D44: =((D14-(D22+D28))/(F43*1000)-(D23*10^-3))*D31*(10^6) -> 290.21774 | E44: µA
B46: DS_Gain | C46: K.HV | D46: =3.34*(10^-3) -> 0.00334 | E46: ="-" -> -
B47: DS_Gain | C47: K.M | D47: 0.2 | E47: 1/V^2
B48: DS_Gain | C48: K.FF | D48: 0.2 | E48: V^3
B49: DS_Offset | C49: Vos | D49: 0.5 | E49: V
B51: Link to Preliminary calculations | C51: η.HB | D51: ='Preliminary Calculation'!D17/100 -> 0.98
B52: Link to Device Setting | C52: R.CS | D52: ='Device Setting'!D46*10^(-3) -> 0.024 | E52: Ω
B56: Feedback Loop Requirements
B58: Parameters | C58: Name | D58: Value | E58: Unit
B59: Required phase margin | C59: Φ.M | D59: 50 | E59: deg
B60: Max. 3rd harm. Distortion @ full load: | C60: D.3rd% | D60: 5 | E60: %
B61: Output Power setpoint | C61: Po | D61: ='Design Spec'!D98 -> 657.5 | E61: W
B63: Parameters | C63: Name | D63: Value | E63: Unit | F63: Selected value
B64: Error Amplifier FB voltage at output power Po | C64: V.FB(Po) | D64: =(2*D46)/(D47*D48)*D61/D51*D52 -> 2.6890408 | E64: V
B65: Output ripple voltage @ 2fL and output power Po (peak-peak): | C65: DV(Po,fl) | D65: =(D61/D4)*(1/(2*PI()*D6))*(1/D5) -> 1.113238 | E65: V
B66: Control-to-output Transfer Function (Constant-power Load) @ output power Po | C66: Go(Po) | D66: =(D61/D4)*(1/(D64))*(1/D5) -> 130.05903 | E66: Hz
B67: Error Amplifier Quiescent Point | C67: V.FB_set | D67: =D64+D49 -> 3.1890408 | E67: V
B68: Output ripple voltage @ 2fLmin: (peak-peak) | C68: ΔV.O | D68: =(D61/D4)*(1/(2*PI()*D7))*(1/D5) -> 1.1842958 | E68: V
B70: Parameters | C70: Name | D70: Value | E70: Unit
B71: Control-to-output Transfer Function (Constant-power Load) worst case | C71: G.o_wstOC | D71: =(D61/D4)*(1/(D64))*(1/D5) -> 130.05903 | E71: Hz
B72: Control-to-Output TF Crossover Frequency | C72: f.cto_Cross | D72: =D71/(2*PI()) -> 20.699538 | E72: Hz
B73: Required E/A Gain @ 2fLmin | C73: EA_G.2fl | D73: =4*(((D67-D49)*D60/100)/(D68)) -> 0.45411642 | E73: ="-" -> -
B74: Max-to-min input voltage ratio | C74: Γ.v | D74: =0.744*D2/D3 -> 1.1337721 | E74: ="-" -> -
B76: Parameters | C76: Name | D76: Value | E76: Unit
B77: Required Venable's α factor | C77: α.v | D77: 1.2 | E77: ="-" -> - | F77: fissato
B78: Required Venable's K factor | C78: K.v | D78: =(1/(2*D77))*(((1+(D77^2))*(TAN((D59*PI()/180))))+((((1+(D77^2)*(TAN(D59*PI()/180)))^2)+(4*(D77^2)))^0.5)) -> 2.7218438 | E78: ="-" -> -
B80: Compensated Error Amplifier Goal Transfer Function (Type II + HF pole):
B82: Parameters | C82: Name | D82: Value | E82: Unit
B83: Required Unity Gain Factor | C83: EA.o_Goal | D83: =2*PI()*(2*D7)*(D73)/(D78^2) -> 36.203332 | E83: Hz
B84: Required Central Frequency | C84: f.MB | D84: =(1/(2*PI()))*((D71*1*D78*D83)/(D74))^0.5 -> 16.921286 | E84: Hz
B85: Required Pole Frequencies | C85: f.p_Goal | D85: =D78*D84 -> 46.057097 | E85: Hz
B86: Required Zero Frequency | C86: f.z_Goal | D86: =1/D78*D84 -> 6.2168469 | E86: Hz
B87: Added high frequency pole | C87: f.p_HF | D87: 1000 | E87: Hz
B90: ERROR AMPLIFIER Compensation Network Implementation (circuit connected to pin 9)
B92: Parameters | C92: Name | D92: Value | E92: Unit | F92: Selected value
B93: Calculated feedback capacitor CFo | C93: C.Fo | D93: =(D86/D85)*((D29*D17)/(D36*F43*1000*D83))*10^9 -> 77.875913 | E93: nF | F93: 82
B94: Calculated feedback capacitor CF | C94: C.f | D94: =IF(F93,F93,D93)*((D85/D86)-1) -> 525.49155 | E94: nF | F94: 560
B95: Calculated feedback resistor RF | C95: R.f | D95: =1/(2*PI()*(D86*IF(F94,F94,D94)*(10^-9)))/1000 -> 45.715338 | E95: kΩ | F95: 47
B96: Calculated feedback capacitor CFo for fpx pol | C96: C.fx | D96: =((1/(2*PI()*D87*D17*1000))-(D30*10^-9))*(10^9) -> 1.5472841 | E96: nF | F96: 1.55
B98: Implemented Error Amplifier Transfer Function Expression
B100: Parameters | C100: Name | D100: Value | E100: Unit
B101: Implemented EA Unity Gain Factor | C101: EA.o | D101: =D29*D17/((IF(F94,F94,D94)+IF(F93,F93,D93))*(F43*D36))*10^6 -> 32.534419 | E101: Hz
B102: Implemented EA Zero and Pole Frequency | C102: f.z | D102: =1/(2*PI()*(IF(F95,F95,D95)*IF(F94,F94,D94)))*10^6 -> 6.0469203 | E102: Hz
B103: Implemented EA Zero and Pole Frequency | C103: f.p | D103: =1/(((2*PI()*IF(F95,F95,D95)*1000)*((IF(F94,F94,D94)*IF(F93,F93,D93))*(10^(-9))/(IF(F93,F93,D93)+IF(F94,F94,D94))))) -> 47.342962 | E103: Hz
B104: Implemented EA Higher Pole Frequency: | C104: f.px | D104: =1/(2*PI()*D17*1000*((D30+IF(F96,F96,D96))*10^-9)) -> 999.4031 | E104: Hz
B107: Loop Compensation Check @ Operating Conditions
B109: Parameters | C109: Name | D109: Value | E109: Unit
B110: Line frequency | C110: fl | D110: 47 | E110: Hz
B111: Output Power percentage | C111: P.o.% | D111: 100 | E111: %
B112: Output Power setpoint | C112: P.o.x | D112: ='Design Spec'!D27*D111/100 -> 657.5 | E112: W
B114: Parameters | C114: Name | D114: Value | E114: Unit
B115: Error Amplifier Quiescent Point | C115: V.FB_OC | D115: =(2*D46)/(D47*D48)*D112/D51*D52+D49 -> 3.1890408 | E115: V
B116: Output ripple voltage @ 2fL: (peak) | C116: ΔV.O_OC | D116: =(D112/D4)*(1/(2*PI()*D110))*(1/D5) -> 1.1842958 | E116: V
B117: Control-to-Output Transfer function (constant-power load) | C117: G.o_OC | D117: =(D112/D4)*(1/(((2*D46)/(D47*D48)*D112/D51*D52)))*(1/D5) -> 130.05903 | E117: Hz
B118: Control-to-Output TF Crossover Frequency | C118: f.cto_cross | D118: =D117/(2*PI()) -> 20.699538 | E118: Hz
B120: Feedback Loop Requirements check | AT120: Fcross | AV120: 2*fL
B122: Parameters | C122: Name | D122: Value | E122: Unit | H122: frequency | I122: 0.1 | J122: 0.2 | K122: 0.3 | L122: 0.4 | M122: 0.5 | N122: 0.6 | O122: 0.7 | P122: 0.8 | Q122: 0.9 | R122: 1 | S122: 2 | T122: 3 | U122: 4 | V122: 5 | W122: 6 | X122: 7 | Y122: 8 | Z122: 9 | AA122: 10 | AB122: 20 | AC122: 30 | AD122: 40 | AE122: 50 | AF122: 60 | AG122: 70 | AH122: 80 | AI122: 90 | AJ122: 100 | AK122: 200 | AL122: 300 | AM122: 400 | AN122: 500 | AO122: 600 | AP122: 700 | AQ122: 800 | AR122: 900 | AS122: 1000 | AT122: =M167 -> 17.571272 | AU122: frequency | AV122: =2*D110 -> 94 | AW122: Hz
B123: Crossover Frequency | C123: f.cross | D123: =M167 -> 17.571272 | E123: Hz | H123: G.cto_OC | I123: =$D$117/(2*PI()*I122) -> 206.99538 | J123: =$D$117/(2*PI()*J122) -> 103.49769 | K123: =$D$117/(2*PI()*K122) -> 68.998459 | L123: =$D$117/(2*PI()*L122) -> 51.748844 | M123: =$D$117/(2*PI()*M122) -> 41.399075 | N123: =$D$117/(2*PI()*N122) -> 34.499229 | O123: =$D$117/(2*PI()*O122) -> 29.570768 | P123: =$D$117/(2*PI()*P122) -> 25.874422 | ... AT123: =$D$117/(2*PI()*AT122) -> 1.1780329 | AU123: G.cto_OC
B124: Actual Phase Margin | C124: ϕ.M.Act | D124: =180+AT139 -> 49.640185 | E124: Deg
B125: Actual E/A Gain @ 2fL | C125: EAG.2fl.Act | D125: =AV132 -> 0.3842824 | E125: ="-" -> -
B126: Actual 3rd Harmonic Distortion @ 2fL | C126: D.3rd%.Act | D126: =D125*D116/(4*(D115-D49))*100 -> 4.2311 | E126: % | H126: IGcto_OCI | I126: =20*LOG10(I123) -> 46.319213 | J126: =20*LOG10(J123) -> 40.298613 | K126: =20*LOG10(K123) -> 36.776788 | L126: =20*LOG10(L123) -> 34.278013 | M126: =20*LOG10(M123) -> 32.339813 | N126: =20*LOG10(N123) -> 30.756188 | O126: =20*LOG10(O123) -> 29.417252 | P126: =20*LOG10(P123) -> 28.257413 | ... AT126: =20*LOG10(AT123) -> 1.4231487 | AU126: IGcto_OCI
H127: Fase_Gcto_OC | I127: -90 | J127: -90 | K127: -90 | L127: -90 | M127: -90 | N127: -90 | O127: -90 | P127: -90 | Q127: -90 | R127: -90 | S127: -90 | T127: -90 | U127: -90 | V127: -90 | W127: -90 | X127: -90 | Y127: -90 | Z127: -90 | AA127: -90 | AB127: -90 | AC127: -90 | AD127: -90 | AE127: -90 | AF127: -90 | AG127: -90 | AH127: -90 | AI127: -90 | AJ127: -90 | AK127: -90 | AL127: -90 | AM127: -90 | AN127: -90 | AO127: -90 | AP127: -90 | AQ127: -90 | AR127: -90 | AS127: -90 | AT127: -90 | AU127: Fase_Gcto_OC
B128: Estimated FB ripple at BM entering threshold | C128: ΔV.FM@BM | D128: =('Device Setting'!D57/D4)*(1/(2*PI()*D110))*(1/D5)*D125*1000 -> 51.913006 | E128: mV
B129: Suggested reduction of RBM resistor | C129: ΔRBM | D129: =D128/(1000*2*0.01) -> 2.5956503 | E129: kΩ
C130: f.180 | D130: =SQRT(D103*D104-D102*(D103+D104)) -> 202.4478 | E130: Hz
C131: |T|@f.180 | D131: =(D101/(2*PI()*D130))*(D117/(2*PI()*D130))*((1+(D130/D102)^2)/((1+(D130/D103)^2)*(1+(D130/D104)^2)))^0.5 -> 0.019548716 | E131: -
C132: GM | D132: =-20*LOG10(D131) -> 34.177635 | E132: dB | H132: EA (f) | I132: =($D$101/(2*PI()*I122))*(((1+(I122/$D$102)^2))/((1+(I122/$D$103)^2)*(1+(I122/$D$104)^2)))^0.5 -> 51.7871 | J132: =($D$101/(2*PI()*J122))*(((1+(J122/$D$102)^2))/((1+(J122/$D$103)^2)*(1+(J122/$D$104)^2)))^0.5 -> 25.903993 | K132: =($D$101/(2*PI()*K122))*(((1+(K122/$D$102)^2))/((1+(K122/$D$103)^2)*(1+(K122/$D$104)^2)))^0.5 -> 17.280926 | L132: =($D$101/(2*PI()*L122))*(((1+(L122/$D$102)^2))/((1+(L122/$D$103)^2)*(1+(L122/$D$104)^2)))^0.5 -> 12.972861 | M132: =($D$101/(2*PI()*M122))*(((1+(M122/$D$102)^2))/((1+(M122/$D$103)^2)*(1+(M122/$D$104)^2)))^0.5 -> 10.390789 | N132: =($D$101/(2*PI()*N122))*(((1+(N122/$D$102)^2))/((1+(N122/$D$103)^2)*(1+(N122/$D$104)^2)))^0.5 -> 8.6717037 | O132: =($D$101/(2*PI()*O122))*(((1+(O122/$D$102)^2))/((1+(O122/$D$103)^2)*(1+(O122/$D$104)^2)))^0.5 -> 7.4457452 | P132: =($D$101/(2*PI()*P122))*(((1+(P122/$D$102)^2))/((1+(P122/$D$103)^2)*(1+(P122/$D$104)^2)))^0.5 -> 6.5279813 | ... AT132: =($D$101/(2*PI()*AT122))*(((1+(AT122/$D$102)^2))/((1+(AT122/$D$103)^2)*(1+(AT122/$D$104)^2)))^0.5 -> 0.84887273 | AU132: EA (f) | AV132: =($D$101/(2*PI()*AV122))*(((1+(AV122/$D$102)^2))/((1+(AV122/$D$103)^2)*(1+(AV122/$D$104)^2)))^0.5 -> 0.3842824 | AW132: EA(2fL)
C133: GM.target | D133: 10 | E133: dB | H133: IEA(f)I | I133: =20*LOG10(I132) -> 34.284432 | J133: =20*LOG10(J132) -> 28.267334 | K133: =20*LOG10(K132) -> 24.75134 | L133: =20*LOG10(L132) -> 22.260715 | M133: =20*LOG10(M132) -> 20.33297 | N133: =20*LOG10(N132) -> 18.762089 | O133: =20*LOG10(O132) -> 17.438163 | P133: =20*LOG10(P132) -> 16.295578 | ... AT133: =20*LOG10(AT132) -> -1.4231484 | AU133: IEA(f)I
C134: k.GM | D134: =D132/D133 -> 3.4177635 | E134: - | H134: Fase EA | I134: =-90+(ATAN(I122/$D$102)/(2*PI())*360)-(ATAN(I122/$D$103)/(2*PI())*360)-(ATAN(I122/$D$104)/(2*PI())*360) -> -89.179322 | J134: =-90+(ATAN(J122/$D$102)/(2*PI())*360)-(ATAN(J122/$D$103)/(2*PI())*360)-(ATAN(J122/$D$104)/(2*PI())*360) -> -88.359161 | K134: =-90+(ATAN(K122/$D$102)/(2*PI())*360)-(ATAN(K122/$D$103)/(2*PI())*360)-(ATAN(K122/$D$104)/(2*PI())*360) -> -87.540031 | L134: =-90+(ATAN(L122/$D$102)/(2*PI())*360)-(ATAN(L122/$D$103)/(2*PI())*360)-(ATAN(L122/$D$104)/(2*PI())*360) -> -86.722445 | M134: =-90+(ATAN(M122/$D$102)/(2*PI())*360)-(ATAN(M122/$D$103)/(2*PI())*360)-(ATAN(M122/$D$104)/(2*PI())*360) -> -85.90691 | N134: =-90+(ATAN(N122/$D$102)/(2*PI())*360)-(ATAN(N122/$D$103)/(2*PI())*360)-(ATAN(N122/$D$104)/(2*PI())*360) -> -85.093924 | O134: =-90+(ATAN(O122/$D$102)/(2*PI())*360)-(ATAN(O122/$D$103)/(2*PI())*360)-(ATAN(O122/$D$104)/(2*PI())*360) -> -84.28398 | P134: =-90+(ATAN(P122/$D$102)/(2*PI())*360)-(ATAN(P122/$D$103)/(2*PI())*360)-(ATAN(P122/$D$104)/(2*PI())*360) -> -83.477561 | ... AT134: =-90+(ATAN(AT122/$D$102)/(2*PI())*360)-(ATAN(AT122/$D$103)/(2*PI())*360)-(ATAN(AT122/$D$104)/(2*PI())*360) -> -40.359815 | AU134: Fase EA
...

Sheet BOM&Schematics
I3: Power Part Schematics
C4: BOM and Schematics
C6: Resonant tank parameters
C8: Parameters | D8: Name | E8: Value | F8: Unit | G8: {=IF(AND(VALUE(E9:E13)),"","Please compile on sheet")}
C9: Magnetizing inductance | D9: L.m | E9: ='Res. Tank Design'!F45 -> 20 | F9: µH | G9: =IF(E9,"","Res. Tank Design")
C10: Leakage inductance | D10: L.r | E10: ='Res. Tank Design'!F44 -> 11 | F10: µH | G10: =IF(E10,"","Res. Tank Design")
C11: Resonant Capacitor | D11: C.r | E11: ='Res. Tank Design'!F43 -> 100 | F11: nF | G11: =IF(E11,"","Res. Tank Design")
C12: Pri. to Sec. turn ratio | D12: n | E12: ='Res. Tank Design'!F9 -> 6.0241 | F12: ="-" -> - | G12: =IF(E12,"","Res. Tank Design")
C13: Auxiliary to Secondary turn ratio | D13: n.aux_sec | E13: ='Device Setting'!$F$83 -> 1.5 | F13: ="-" -> - | G13: =IF(E13,"","Device Setting")
C15: Input and output cap
C17: Parameters | D17: Name | E17: Value | F17: Unit | G17: {=IF(AND(VALUE(E18:E21)),"","Please compile on sheet")}
C18: PFC input Capacitor | D18: Cin | E18: ='Power Components'!$F$7 -> 2200 | F18: nF | G18: =IF(E18,"","Power Components")
C19: Output EL capacitor (single) | D19: C.out.single | E19: ='Power Components'!$D$24 -> 470 | F19: µF | G19: =IF(E19,"","Power Components")
C20: Number of output EL capacitors | D20: n.Cout | E20: ='Power Components'!$D$23 -> 160 | F20: - | G20: =IF(E20,"","Power Components")
C21: Output capacitance TOTAL | D21: C.out | E21: =E19*E20/1000 -> 75.2 | F21: mF | G21: =IF(E21,"","Power Components")
C22: Output ceramic, high frequency | D22: Cout ceramic | E22: ='Power Components'!D38 -> 10 | F22: µF | G22: =IF(E22,"","Power Components")
C23: HVSU connecting diodes PN
C25: Selected component | D25: PN
C26: Example of Diodes PN (x 2) | D26: S1M
C28: Input Bridge Rectifier PN
C30: Selected component | D30: PN
C31: Input Bridge Rectifier PN | D31: ='Power Components'!$C$50 -> GBJ1506U | G31: =IF(ISBLANK(D31),"Power Components","")
C33: Sense resistor
C35: Parameters | D35: Name | E35: Value | F35: Unit | G35: {=IF(AND(VALUE(E36:E38)),"","Please compile on sheet")}
C36: Rsense total value | D36: ='Device Setting'!C$46 -> R.CS | E36: ='Device Setting'!$D$46 -> 24 | F36: mΩ | G36: =IF(E36,"","Device Setting")
C37: Single Rsense value | D37: ='Device Setting'!C$45 -> R.CS.single | E37: =IF('Device Setting'!F45,'Device Setting'!F45,'Device Setting'!D45) -> 120 | F37: mΩ | G37: =IF(E37,"","Device Setting")
C38: Number of Rsense | D38: ='Device Setting'!C$43 -> N.Rcs.parall | E38: ='Device Setting'!$D$43 -> 5 | F38: - | G38: =IF(E38,"","Device Setting")
C40: Compensation network and Output Divider
C42: Parameters | D42: Name | E42: Value | F42: Unit | G42: {=IF(AND(VALUE(E43:E50)),"","Please compile on sheet")}
C43: Feedback capacitor CFo | D43: C.fo | E43: =IF('CompensationNet&Check'!F93,'CompensationNet&Check'!F93,'CompensationNet&Check'!D93) -> 82 | F43: nF | G43: =IF(E43,"","CompensationNet&Checks")
C44: Feedback capacitor CF | D44: C.f | E44: =IF('CompensationNet&Check'!F94,'CompensationNet&Check'!F94,'CompensationNet&Check'!D94) -> 560 | F44: nF | G44: =IF(E44,"","CompensationNet&Checks")
C45: Feedback resistor RF | D45: R.f | E45: =IF('CompensationNet&Check'!F95,'CompensationNet&Check'!F95,'CompensationNet&Check'!D95) -> 47 | F45: kΩ | G45: =IF(E45,"","CompensationNet&Checks")
C46: feedback capacitor | D46: C.fx | E46: =IF('CompensationNet&Check'!F96,'CompensationNet&Check'!F96,'CompensationNet&Check'!D96) -> 1.55 | F46: nF | G46: =IF(E46,"","CompensationNet&Checks")
C47: Output Voltage upper resistor | D47: R.I | E47: ='CompensationNet&Check'!$D$36 -> 100 | F47: kΩ | G47: =IF(E47,"","CompensationNet&Checks")
C48: Output Voltage lower resistor | D48: R.o | E48: =IF('CompensationNet&Check'!$F$37,'CompensationNet&Check'!$F$37,'CompensationNet&Check'!$D$37) -> 11 | F48: kΩ | G48: =IF(E48,"","CompensationNet&Checks")
C49: Photodiode parallel resistor | D49: R.P | E49: =IF('CompensationNet&Check'!$F$41,'CompensationNet&Check'!$F$41,'CompensationNet&Check'!$D$41) -> 1.3 | F49: kΩ | G49: =IF(E49,"","CompensationNet&Checks")
C50: Bias resistor | D50: R.B | E50: =IF('CompensationNet&Check'!$F$43,'CompensationNet&Check'!$F$43,'CompensationNet&Check'!$D$43) -> 6.2 | F50: kΩ | G50: =IF(E50,"","CompensationNet&Checks") | I50: Controller Part Schematics
C52: L6790 pin configuration
C54: Parameters | D54: Name | E54: Value | F54: Unit | G54: {=IF(AND(VALUE(E55:E60)),"","Please compile on sheet")}
C55: Lower ZCD resistor (to GND) | D55: R.ZCD.L | E55: =IF('Device Setting'!F90,'Device Setting'!F90,'Device Setting'!D90) -> 19 | F55: kΩ | G55: =IF(E55,"","Device Setting")
C56: Upper ZCD resistor (to aux winding) | D56: R.ZCD.H | E56: =IF('Device Setting'!F91,'Device Setting'!F91,'Device Setting'!D91) -> 220 | F56: kΩ | G56: =IF(E56,"","Device Setting")
C57: VCO Timing Capacitor | D57: C.T | E57: ='Device Setting'!$D$21 -> 470 | F57: pF | G57: =IF(E57,"","Device Setting")
C58: VCO Timing Resistor | D58: R.T | E58: ='Device Setting'!$F$24 -> 11 | F58: kΩ | G58: =IF(E58,"","Device Setting")
C59: Burst Mode resistor | D59: R.BM | E59: ='Device Setting'!$F$61 -> 30 | F59: kΩ | G59: =IF(E59,"","Device Setting")
C60: CFG resistor | D60: R.CFG | E60: ='Device Setting'!$F$108 -> 30 | F60: kΩ | G60: =IF(E60,"","Device Setting")
C72: Half Bridge Switches PN
C74: Parameters | D74: Name | E74: PN | G74: =IF(ISBLANK(E75),"Please compile on sheet","")
C75: Primary switches | D75: HVG1, HVG2, LVG1, LVG2 | E75: ='Power Components'!$C$67 -> STO60N045DM9 | G75: =IF(ISBLANK(E75),"Power Components","")
C77: Output power stage PN
C79: Parameters | D79: Name | E79: PN | G79: =IF(ISBLANK(E80),"Please compile on sheet","")
C80: =IF('Design Spec'!D107=1,"Center Tap diodes","Full Bridge diodes") -> Center Tap diodes | D80: =IF('Design Spec'!D107=1,"D1, D2","D1, D2, D3, D4") -> D1, D2 | E80: ='Power Components'!$C$92 -> TPH3R70APL1 | G80: =IF(ISBLANK(E80),"Power Components","")
C82: Optocoupler PN
C84: Parameters | D84: PN | G84: =IF(ISBLANK(D85),"Please compile on sheet","")
C85: Feedabck Optocoupler | D85: ='CompensationNet&Check'!$C$25 -> SFH617A | G85: =IF(ISBLANK(D85),"CompensationNet&Checks","")
C87: EA Voltage Reference PN
C89: Parameters | D89: PN | G89: =IF(ISBLANK(D90),"Please compile on sheet","")
C90: External Error Amplifier | D90: ='CompensationNet&Check'!$C$19 -> TL431AIT | G90: =IF(ISBLANK(D90),"CompensationNet&Checks","")

Sheet RTC
C3: 1 | D3: 2 | E3: 3 | F3: 4 | G3: 5 | H3: 6 | I3: 7 | J3: 8 | K3: 9 | L3: 10 | M3: 11 | N3: 12 | O3: 13 | P3: 14 | Q3: 15 | R3: 16 | S3: 17 | T3: 18 | U3: 19 | V3: 20 | W3: 21 | X3: 22 | Y3: 23 | Z3: 24 | AA3: 25 | AB3: 26 | AC3: 27 | AD3: 28 | AE3: 29 | AF3: 30 | AG3: 31 | AH3: 32 | AI3: 33 | AJ3: 34 | AK3: 35 | AL3: 36 | AM3: 37 | AN3: 38 | AO3: 39 | AP3: 40 | AQ3: 41 | AR3: 42 | AS3: 43 | AT3: 44 | AU3: 45 | AV3: 46 | AW3: 47 | AX3: 48 | AY3: 49 | AZ3: 50 | BA3: 51 | BB3: 52 | BC3: 53 | BD3: 54 | BE3: 55 | BF3: 56 | BG3: 57 | BH3: 58 | BI3: 59 | BJ3: 60 | BK3: 61 | BL3: 62 | BM3: 63 | BN3: 64 | BO3: 65 | BP3: 66 | BQ3: 67 | BR3: 68 | BS3: 69 | BT3: 70 | BU3: 71 | BV3: 72 | BW3: 73 | BX3: 74 | BY3: 75 | BZ3: 76 | CA3: 77 | CB3: 78 | CC3: 79 | CD3: 80 | CE3: 81 | CF3: 82 | CG3: 83
B4: θ | C4: 0.1 | D4: 0.2 | E4: 0.3 | F4: 0.4 | G4: 0.5 | H4: 0.6 | I4: 0.7 | J4: 0.8 | K4: 0.9 | L4: 1 | M4: 1.1 | N4: 1.2 | O4: 1.3 | P4: 1.4 | Q4: 1.5 | R4: 1.6 | S4: 1.7 | T4: 1.8 | U4: 1.9 | V4: 2 | W4: 2.1 | X4: 2.2 | Y4: 2.3 | Z4: 2.4 | AA4: 2.5 | AB4: 2.6 | AC4: 2.7 | AD4: 2.8 | AE4: 2.9 | AF4: 3 | AG4: 3.09 | AH4: 3.1
B5: V.out | C5: ='Design Spec'!$D$95 -> 25 | D5: ='Design Spec'!$D$95 -> 25 | E5: ='Design Spec'!$D$95 -> 25 | F5: ='Design Spec'!$D$95 -> 25 | G5: ='Design Spec'!$D$95 -> 25 | H5: ='Design Spec'!$D$95 -> 25 | I5: ='Design Spec'!$D$95 -> 25 | J5: ='Design Spec'!$D$95 -> 25 | ... CG5: ='Design Spec'!$D$95 -> 25
B6: V.f | C6: ='Design Spec'!$D$106 -> 0 | D6: ='Design Spec'!$D$106 -> 0 | E6: ='Design Spec'!$D$106 -> 0 | F6: ='Design Spec'!$D$106 -> 0 | G6: ='Design Spec'!$D$106 -> 0 | H6: ='Design Spec'!$D$106 -> 0 | I6: ='Design Spec'!$D$106 -> 0 | J6: ='Design Spec'!$D$106 -> 0 | ... CG6: ='Design Spec'!$D$106 -> 0
B7: Vin_min | C7: ='Design Spec'!$D$83 -> 173.24116 | D7: ='Design Spec'!$D$83 -> 173.24116 | E7: ='Design Spec'!$D$83 -> 173.24116 | F7: ='Design Spec'!$D$83 -> 173.24116 | G7: ='Design Spec'!$D$83 -> 173.24116 | H7: ='Design Spec'!$D$83 -> 173.24116 | I7: ='Design Spec'!$D$83 -> 173.24116 | J7: ='Design Spec'!$D$83 -> 173.24116 | ... CG7: ='Design Spec'!$D$83 -> 173.24116
B8: Vin_nom | C8: ='Design Spec'!$D$87 -> 225 | D8: ='Design Spec'!$D$87 -> 225 | E8: ='Design Spec'!$D$87 -> 225 | F8: ='Design Spec'!$D$87 -> 225 | G8: ='Design Spec'!$D$87 -> 225 | H8: ='Design Spec'!$D$87 -> 225 | I8: ='Design Spec'!$D$87 -> 225 | J8: ='Design Spec'!$D$87 -> 225 | ... CG8: ='Design Spec'!$D$87 -> 225
B9: Vin_max (equivalent, = MAX of the AC maximum and the FB morphing corner) | C9: =MAX('Design Spec'!$D$79,'Design Spec'!$D$81) -> 332.34019 | D9: =MAX('Design Spec'!$D$79,'Design Spec'!$D$81) -> 332.34019 | E9: =MAX('Design Spec'!$D$79,'Design Spec'!$D$81) -> 332.34019 | F9: =MAX('Design Spec'!$D$79,'Design Spec'!$D$81) -> 332.34019 | G9: =MAX('Design Spec'!$D$79,'Design Spec'!$D$81) -> 332.34019 | H9: =MAX('Design Spec'!$D$79,'Design Spec'!$D$81) -> 332.34019 | I9: =MAX('Design Spec'!$D$79,'Design Spec'!$D$81) -> 332.34019 | J9: =MAX('Design Spec'!$D$79,'Design Spec'!$D$81) -> 332.34019 | ... CG9: =MAX('Design Spec'!$D$79,'Design Spec'!$D$81) -> 332.34019
B10: n | C10: =IF('Res. Tank Design'!$F$9,'Res. Tank Design'!$F$9,'Res. Tank Design'!$D$9) -> 6.0241 | D10: =IF('Res. Tank Design'!$F$9,'Res. Tank Design'!$F$9,'Res. Tank Design'!$D$9) -> 6.0241 | E10: =IF('Res. Tank Design'!$F$9,'Res. Tank Design'!$F$9,'Res. Tank Design'!$D$9) -> 6.0241 | F10: =IF('Res. Tank Design'!$F$9,'Res. Tank Design'!$F$9,'Res. Tank Design'!$D$9) -> 6.0241 | G10: =IF('Res. Tank Design'!$F$9,'Res. Tank Design'!$F$9,'Res. Tank Design'!$D$9) -> 6.0241 | H10: =IF('Res. Tank Design'!$F$9,'Res. Tank Design'!$F$9,'Res. Tank Design'!$D$9) -> 6.0241 | I10: =IF('Res. Tank Design'!$F$9,'Res. Tank Design'!$F$9,'Res. Tank Design'!$D$9) -> 6.0241 | J10: =IF('Res. Tank Design'!$F$9,'Res. Tank Design'!$F$9,'Res. Tank Design'!$D$9) -> 6.0241 | ... CG10: =IF('Res. Tank Design'!$F$9,'Res. Tank Design'!$F$9,'Res. Tank Design'!$D$9) -> 6.0241
B11: Output Rectifier configuration (1 = CT, 2 = FB) | C11: ='Design Spec'!$D$107 -> 1 | D11: ='Design Spec'!$D$107 -> 1 | E11: ='Design Spec'!$D$107 -> 1 | F11: ='Design Spec'!$D$107 -> 1 | G11: ='Design Spec'!$D$107 -> 1 | H11: ='Design Spec'!$D$107 -> 1 | I11: ='Design Spec'!$D$107 -> 1 | J11: ='Design Spec'!$D$107 -> 1 | ... CG11: ='Design Spec'!$D$107 -> 1
B12: Po-100% | C12: ='Design Spec'!$D$98 -> 657.5 | D12: ='Design Spec'!$D$98 -> 657.5 | E12: ='Design Spec'!$D$98 -> 657.5 | F12: ='Design Spec'!$D$98 -> 657.5 | G12: ='Design Spec'!$D$98 -> 657.5 | H12: ='Design Spec'!$D$98 -> 657.5 | I12: ='Design Spec'!$D$98 -> 657.5 | J12: ='Design Spec'!$D$98 -> 657.5 | ... CG12: ='Design Spec'!$D$98 -> 657.5
B13: Po-75% | C13: =C12/4*3 -> 493.125 | D13: =D12/4*3 -> 493.125 | E13: =E12/4*3 -> 493.125 | F13: =F12/4*3 -> 493.125 | G13: =G12/4*3 -> 493.125 | H13: =H12/4*3 -> 493.125 | I13: =I12/4*3 -> 493.125 | J13: =J12/4*3 -> 493.125 | ... CG13: =CG12/4*3 -> 493.125
B14: Po-50% | C14: =C12/2 -> 328.75 | D14: =D12/2 -> 328.75 | E14: =E12/2 -> 328.75 | F14: =F12/2 -> 328.75 | G14: =G12/2 -> 328.75 | H14: =H12/2 -> 328.75 | I14: =I12/2 -> 328.75 | J14: =J12/2 -> 328.75 | ... CG14: =CG12/2 -> 328.75
B15: Po-25% | C15: =C12/4 -> 164.375 | D15: =D12/4 -> 164.375 | E15: =E12/4 -> 164.375 | F15: =F12/4 -> 164.375 | G15: =G12/4 -> 164.375 | H15: =H12/4 -> 164.375 | I15: =I12/4 -> 164.375 | J15: =J12/4 -> 164.375 | ... CG15: =CG12/4 -> 164.375
B16: Mreq(Vin_min, Vout,θ ) | C16: =2*C$10*(C$5+C$11*C$6)/(SQRT(2)*C7*SIN(C$4)) -> 12.314596 | D16: =2*D$10*(D$5+D$11*D$6)/(SQRT(2)*D7*SIN(D$4)) -> 6.1882131 | E16: =2*E$10*(E$5+E$11*E$6)/(SQRT(2)*E7*SIN(E$4)) -> 4.1601492 | F16: =2*F$10*(F$5+F$11*F$6)/(SQRT(2)*F7*SIN(F$4)) -> 3.1570371 | G16: =2*G$10*(G$5+G$11*G$6)/(SQRT(2)*G7*SIN(G$4)) -> 2.564336 | H16: =2*H$10*(H$5+H$11*H$6)/(SQRT(2)*H7*SIN(H$4)) -> 2.1773214 | I16: =2*I$10*(I$5+I$11*I$6)/(SQRT(2)*I7*SIN(I$4)) -> 1.9083738 | J16: =2*J$10*(J$5+J$11*J$6)/(SQRT(2)*J7*SIN(J$4)) -> 1.7138046 | ... AH16: =2*AH$10*(AH$5+AH$11*AH$6)/(SQRT(2)*AH7*SIN(AH$4)) -> 29.566825
B17: Mreq(Vin_max, Vout,θ ) | C17: =2*C$10*(C$5+C$11*C$6)/(SQRT(2)*C9*SIN(C$4)) -> 6.4193105 | D17: =2*D$10*(D$5+D$11*D$6)/(SQRT(2)*D9*SIN(D$4)) -> 3.2257707 | E17: =2*E$10*(E$5+E$11*E$6)/(SQRT(2)*E9*SIN(E$4)) -> 2.1685884 | F17: =2*F$10*(F$5+F$11*F$6)/(SQRT(2)*F9*SIN(F$4)) -> 1.6456896 | G17: =2*G$10*(G$5+G$11*G$6)/(SQRT(2)*G9*SIN(G$4)) -> 1.3367283 | H17: =2*H$10*(H$5+H$11*H$6)/(SQRT(2)*H9*SIN(H$4)) -> 1.1349867 | I17: =2*I$10*(I$5+I$11*I$6)/(SQRT(2)*I9*SIN(I$4)) -> 0.9947906 | J17: =2*J$10*(J$5+J$11*J$6)/(SQRT(2)*J9*SIN(J$4)) -> 0.89336622 | ... AH17: =2*AH$10*(AH$5+AH$11*AH$6)/(SQRT(2)*AH9*SIN(AH$4)) -> 15.412494
B18: Mreq(Vin_max, Vout,π/2 ) | C18: =2*C10*(C5+C11*C6)/(SQRT(2)*C9*SIN(PI()/2)) -> 0.6408617 | D18: =2*D10*(D5+D11*D6)/(SQRT(2)*D9*SIN(PI()/2)) -> 0.6408617 | E18: =2*E10*(E5+E11*E6)/(SQRT(2)*E9*SIN(PI()/2)) -> 0.6408617 | F18: =2*F10*(F5+F11*F6)/(SQRT(2)*F9*SIN(PI()/2)) -> 0.6408617 | G18: =2*G10*(G5+G11*G6)/(SQRT(2)*G9*SIN(PI()/2)) -> 0.6408617 | H18: =2*H10*(H5+H11*H6)/(SQRT(2)*H9*SIN(PI()/2)) -> 0.6408617 | I18: =2*I10*(I5+I11*I6)/(SQRT(2)*I9*SIN(PI()/2)) -> 0.6408617 | J18: =2*J10*(J5+J11*J6)/(SQRT(2)*J9*SIN(PI()/2)) -> 0.6408617 | ... CG18: =2*CG10*(CG5+CG11*CG6)/(SQRT(2)*CG9*SIN(PI()/2)) -> 0.6408617
B19: P(100% Po,θ ) | C19: =2*C12*(SIN(C4))^2 -> 13.106225 | D19: =2*D12*(SIN(D4))^2 -> 51.902396 | E19: =2*E12*(SIN(E4))^2 -> 114.84183 | F19: =2*F12*(SIN(F4))^2 -> 199.41534 | G19: =2*G12*(SIN(G4))^2 -> 302.25123 | H19: =2*H12*(SIN(H4))^2 -> 419.24978 | I19: =2*I12*(SIN(I4))^2 -> 545.7466 | J19: =2*J12*(SIN(J4))^2 -> 676.69869 | ... AH19: =2*AH12*(SIN(AH4))^2 -> 2.2735712
B20: P(75% Po,θ ) | C20: =2*C13*(SIN(C4))^2 -> 9.8296688 | D20: =2*D13*(SIN(D4))^2 -> 38.926797 | E20: =2*E13*(SIN(E4))^2 -> 86.131375 | F20: =2*F13*(SIN(F4))^2 -> 149.5615 | G20: =2*G13*(SIN(G4))^2 -> 226.68843 | H20: =2*H13*(SIN(H4))^2 -> 314.43733 | I20: =2*I13*(SIN(I4))^2 -> 409.30995 | J20: =2*J13*(SIN(J4))^2 -> 507.52401 | ... AH20: =2*AH13*(SIN(AH4))^2 -> 1.7051784
B21: P(50% Po,θ ) | C21: =2*C14*(SIN(C4))^2 -> 6.5531125 | D21: =2*D14*(SIN(D4))^2 -> 25.951198 | E21: =2*E14*(SIN(E4))^2 -> 57.420917 | F21: =2*F14*(SIN(F4))^2 -> 99.707669 | G21: =2*G14*(SIN(G4))^2 -> 151.12562 | H21: =2*H14*(SIN(H4))^2 -> 209.62489 | I21: =2*I14*(SIN(I4))^2 -> 272.8733 | J21: =2*J14*(SIN(J4))^2 -> 338.34934 | ... AH21: =2*AH14*(SIN(AH4))^2 -> 1.1367856
B22: P(25% Po,θ ) | C22: =2*C15*(SIN(C4))^2 -> 3.2765563 | D22: =2*D15*(SIN(D4))^2 -> 12.975599 | E22: =2*E15*(SIN(E4))^2 -> 28.710458 | F22: =2*F15*(SIN(F4))^2 -> 49.853835 | G22: =2*G15*(SIN(G4))^2 -> 75.562808 | H22: =2*H15*(SIN(H4))^2 -> 104.81244 | I22: =2*I15*(SIN(I4))^2 -> 136.43665 | J22: =2*J15*(SIN(J4))^2 -> 169.17467 | ... AH22: =2*AH15*(SIN(AH4))^2 -> 0.5683928
B23: λ | C23: ='Res. Tank Design'!$D$50 -> 0.55 | D23: ='Res. Tank Design'!$D$50 -> 0.55 | E23: ='Res. Tank Design'!$D$50 -> 0.55 | F23: ='Res. Tank Design'!$D$50 -> 0.55 | G23: ='Res. Tank Design'!$D$50 -> 0.55 | H23: ='Res. Tank Design'!$D$50 -> 0.55 | I23: ='Res. Tank Design'!$D$50 -> 0.55 | J23: ='Res. Tank Design'!$D$50 -> 0.55 | ... CG23: ='Res. Tank Design'!$D$50 -> 0.55
B24: fn.0 | C24: ='Res. Tank Design'!$D$56/'Res. Tank Design'!$D$55 -> 0.5956834 | D24: ='Res. Tank Design'!$D$56/'Res. Tank Design'!$D$55 -> 0.5956834 | E24: ='Res. Tank Design'!$D$56/'Res. Tank Design'!$D$55 -> 0.5956834 | F24: ='Res. Tank Design'!$D$56/'Res. Tank Design'!$D$55 -> 0.5956834 | G24: ='Res. Tank Design'!$D$56/'Res. Tank Design'!$D$55 -> 0.5956834 | H24: ='Res. Tank Design'!$D$56/'Res. Tank Design'!$D$55 -> 0.5956834 | I24: ='Res. Tank Design'!$D$56/'Res. Tank Design'!$D$55 -> 0.5956834 | J24: ='Res. Tank Design'!$D$56/'Res. Tank Design'!$D$55 -> 0.5956834 | ... CG24: ='Res. Tank Design'!$D$56/'Res. Tank Design'!$D$55 -> 0.5956834
B25: fn | C25: 0.0001 | D25: =IF(OR(E25<=D24,E25-1/69>D24),E25-1/69,D24-0.0001) -> 0.015873252 | E25: =IF(OR(F25<=E24,F25-1/69>E24),F25-1/69,E24-0.0001) -> 0.030366006 | F25: =IF(OR(G25<=F24,G25-1/69>F24),G25-1/69,F24-0.0001) -> 0.04485876 | G25: =IF(OR(H25<=G24,H25-1/69>G24),H25-1/69,G24-0.0001) -> 0.059351513 | H25: =IF(OR(I25<=H24,I25-1/69>H24),I25-1/69,H24-0.0001) -> 0.073844267 | I25: =IF(OR(J25<=I24,J25-1/69>I24),J25-1/69,I24-0.0001) -> 0.08833702 | J25: =IF(OR(K25<=J24,K25-1/69>J24),K25-1/69,J24-0.0001) -> 0.10282977 | K25: =IF(OR(L25<=K24,L25-1/69>K24),L25-1/69,K24-0.0001) -> 0.11732253 | ... BS25: =IF(OR(BT25<=BS24,BT25-1/69>BS24),BT25-1/69,BS24-0.0001) -> 0.98550725 | BT25: =($CG$25-1)*(BT3-70)/($CG$3-70)+1 -> 1 | BU25: =($CG$25-1)*(BU3-70)/($CG$3-70)+1 -> 1.0941598 | BV25: =($CG$25-1)*(BV3-70)/($CG$3-70)+1 -> 1.1883197 | BW25: =($CG$25-1)*(BW3-70)/($CG$3-70)+1 -> 1.2824795 | BX25: =($CG$25-1)*(BX3-70)/($CG$3-70)+1 -> 1.3766393 | BY25: =($CG$25-1)*(BY3-70)/($CG$3-70)+1 -> 1.4707992 | BZ25: =($CG$25-1)*(BZ3-70)/($CG$3-70)+1 -> 1.564959 | CA25: =($CG$25-1)*(CA3-70)/($CG$3-70)+1 -> 1.6591189 | ... CF25: =($CG$25-1)*(CF3-70)/($CG$3-70)+1 -> 2.129918 | CG25: =1.5*$CG$26 -> 2.2240779
B26: fn.max (no-load crossing; falls back to the CG26 ceiling when the required gain is below the 1/(1+lambda) asymptote) | C26: =IF(1+C23-1/C18>0,SQRT(C23/(1+C23-1/C18)),$CG$26) -> 1.4827186 | D26: =IF(1+D23-1/D18>0,SQRT(D23/(1+D23-1/D18)),$CG$26) -> 1.4827186 | E26: =IF(1+E23-1/E18>0,SQRT(E23/(1+E23-1/E18)),$CG$26) -> 1.4827186 | F26: =IF(1+F23-1/F18>0,SQRT(F23/(1+F23-1/F18)),$CG$26) -> 1.4827186 | G26: =IF(1+G23-1/G18>0,SQRT(G23/(1+G23-1/G18)),$CG$26) -> 1.4827186 | H26: =IF(1+H23-1/H18>0,SQRT(H23/(1+H23-1/H18)),$CG$26) -> 1.4827186 | I26: =IF(1+I23-1/I18>0,SQRT(I23/(1+I23-1/I18)),$CG$26) -> 1.4827186 | J26: =IF(1+J23-1/J18>0,SQRT(J23/(1+J23-1/J18)),$CG$26) -> 1.4827186 | ... CF26: =IF(1+CF23-1/CF18>0,SQRT(CF23/(1+CF23-1/CF18)),$CG$26) -> 1.4827186 | CG26: =MAX(IF(1+$C$23-1/$C$18>0,SQRT($C$23/(1+$C$23-1/$C$18)),0),(SQRT(MAX(0,1/$C$18^2-(1+$C$23)^2))/$C$41+SQRT(SQRT(MAX(0,1/$C$18^2-(1+$C$23)^2))/$C$41^2+4))/2,'Design Spec'!$D$43/'Res. Tank Design'!$D$55) -> 1.4827186
B27: fmax | C27: =C26*'Res. Tank Design'!$D$55 -> 225 | D27: =D26*'Res. Tank Design'!$D$55 -> 225 | E27: =E26*'Res. Tank Design'!$D$55 -> 225 | F27: =F26*'Res. Tank Design'!$D$55 -> 225 | G27: =G26*'Res. Tank Design'!$D$55 -> 225 | H27: =H26*'Res. Tank Design'!$D$55 -> 225 | I27: =I26*'Res. Tank Design'!$D$55 -> 225 | J27: =J26*'Res. Tank Design'!$D$55 -> 225 | ... CG27: =CG26*'Res. Tank Design'!$D$55 -> 225
B28: M.OL(fn) | C28: =1/ABS(1+C23-(C23/(C25^2))) -> 1.8181819e-08 | D28: =1/ABS(1+D23-(D23/(D25^2))) -> 0.00045843486 | E28: =1/ABS(1+E23-(E23/(E25^2))) -> 0.0016809032 | F28: =1/ABS(1+F23-(F23/(F25^2))) -> 0.0036796096 | G28: =1/ABS(1+G23-(G23/(G25^2))) -> 0.0064689505 | H28: =1/ABS(1+H23-(H23/(H25^2))) -> 0.01006924 | I28: =1/ABS(1+I23-(I23/(I25^2))) -> 0.014507085 | J28: =1/ABS(1+J23-(J23/(J25^2))) -> 0.019815887 | ... CG28: =1/ABS(1+CG23-(CG23/(CG25^2))) -> 0.69501843
B29: M.Z(fn) | C29: =IF(D30>C30,NA(),(IF(C30<1,NA(),C30))) -> #N/A | D29: =IF(E30>D30,NA(),(IF(D30<1,NA(),D30))) -> #N/A | E29: =IF(F30>E30,NA(),(IF(E30<1,NA(),E30))) -> #N/A | F29: =IF(G30>F30,NA(),(IF(F30<1,NA(),F30))) -> #N/A | G29: =IF(H30>G30,NA(),(IF(G30<1,NA(),G30))) -> #N/A | H29: =IF(I30>H30,NA(),(IF(H30<1,NA(),H30))) -> #N/A | I29: =IF(J30>I30,NA(),(IF(I30<1,NA(),I30))) -> #N/A | J29: =IF(K30>J30,NA(),(IF(J30<1,NA(),J30))) -> #N/A | ... CG29: =IF(CH30>CG30,NA(),(IF(CG30<1,NA(),CG30))) -> #N/A
C30: =IFERROR(C25/((((C25^2)*(1+C23))-C23)^0.5),C28) -> 1.8181819e-08 | D30: =IFERROR(D25/((((D25^2)*(1+D23))-D23)^0.5),D28) -> 0.00045843486 | E30: =IFERROR(E25/((((E25^2)*(1+E23))-E23)^0.5),E28) -> 0.0016809032 | F30: =IFERROR(F25/((((F25^2)*(1+F23))-F23)^0.5),F28) -> 0.0036796096 | G30: =IFERROR(G25/((((G25^2)*(1+G23))-G23)^0.5),G28) -> 0.0064689505 | H30: =IFERROR(H25/((((H25^2)*(1+H23))-H23)^0.5),H28) -> 0.01006924 | I30: =IFERROR(I25/((((I25^2)*(1+I23))-I23)^0.5),I28) -> 0.014507085 | J30: =IFERROR(J25/((((J25^2)*(1+J23))-J23)^0.5),J28) -> 0.019815887 | ... CG30: =IFERROR(CG25/((((CG25^2)*(1+CG23))-CG23)^0.5),CG28) -> 0.83367765
B31: Minf | C31: =1/(1+C23) -> 0.64516129 | D31: =1/(1+D23) -> 0.64516129 | E31: =1/(1+E23) -> 0.64516129 | F31: =1/(1+F23) -> 0.64516129 | G31: =1/(1+G23) -> 0.64516129 | H31: =1/(1+H23) -> 0.64516129 | I31: =1/(1+I23) -> 0.64516129 | J31: =1/(1+J23) -> 0.64516129 | ... CG31: =1/(1+CG23) -> 0.64516129
B33: π/2 | C33: =PI()/2 -> 1.5707963 | D33: =PI()/2 -> 1.5707963 | E33: =PI()/2 -> 1.5707963 | F33: =PI()/2 -> 1.5707963 | G33: =PI()/2 -> 1.5707963 | H33: =PI()/2 -> 1.5707963 | I33: =PI()/2 -> 1.5707963 | J33: =PI()/2 -> 1.5707963 | ... CG33: =PI()/2 -> 1.5707963
B34: 5π/12 | C34: =5*PI()/12 -> 1.3089969 | D34: =5*PI()/12 -> 1.3089969 | E34: =5*PI()/12 -> 1.3089969 | F34: =5*PI()/12 -> 1.3089969 | G34: =5*PI()/12 -> 1.3089969 | H34: =5*PI()/12 -> 1.3089969 | I34: =5*PI()/12 -> 1.3089969 | J34: =5*PI()/12 -> 1.3089969 | ... CG34: =5*PI()/12 -> 1.3089969
B35: π/3 | C35: =PI()/3 -> 1.0471976 | D35: =PI()/3 -> 1.0471976 | E35: =PI()/3 -> 1.0471976 | F35: =PI()/3 -> 1.0471976 | G35: =PI()/3 -> 1.0471976 | H35: =PI()/3 -> 1.0471976 | I35: =PI()/3 -> 1.0471976 | J35: =PI()/3 -> 1.0471976 | ... CG35: =PI()/3 -> 1.0471976
B36: π/4 | C36: =PI()/4 -> 0.78539816 | D36: =PI()/4 -> 0.78539816 | E36: =PI()/4 -> 0.78539816 | F36: =PI()/4 -> 0.78539816 | G36: =PI()/4 -> 0.78539816 | H36: =PI()/4 -> 0.78539816 | I36: =PI()/4 -> 0.78539816 | J36: =PI()/4 -> 0.78539816 | ... CG36: =PI()/4 -> 0.78539816
B37: π/6 | C37: =PI()/6 -> 0.52359878 | D37: =PI()/6 -> 0.52359878 | E37: =PI()/6 -> 0.52359878 | F37: =PI()/6 -> 0.52359878 | G37: =PI()/6 -> 0.52359878 | H37: =PI()/6 -> 0.52359878 | I37: =PI()/6 -> 0.52359878 | J37: =PI()/6 -> 0.52359878 | ... CG37: =PI()/6 -> 0.52359878
B38: π/12 | C38: =PI()/12 -> 0.26179939 | D38: =PI()/12 -> 0.26179939 | E38: =PI()/12 -> 0.26179939 | F38: =PI()/12 -> 0.26179939 | G38: =PI()/12 -> 0.26179939 | H38: =PI()/12 -> 0.26179939 | I38: =PI()/12 -> 0.26179939 | J38: =PI()/12 -> 0.26179939 | ... CG38: =PI()/12 -> 0.26179939
B39: η.HB | C39: ='Preliminary Calculation'!$D$17 -> 98 | D39: ='Preliminary Calculation'!$D$17 -> 98 | E39: ='Preliminary Calculation'!$D$17 -> 98 | F39: ='Preliminary Calculation'!$D$17 -> 98 | G39: ='Preliminary Calculation'!$D$17 -> 98 | H39: ='Preliminary Calculation'!$D$17 -> 98 | I39: ='Preliminary Calculation'!$D$17 -> 98 | J39: ='Preliminary Calculation'!$D$17 -> 98 | ... CG39: ='Preliminary Calculation'!$D$17 -> 98
B40: Z0 | C40: ='Res. Tank Design'!$D$52 -> 10.488088 | D40: ='Res. Tank Design'!$D$52 -> 10.488088 | E40: ='Res. Tank Design'!$D$52 -> 10.488088 | F40: ='Res. Tank Design'!$D$52 -> 10.488088 | G40: ='Res. Tank Design'!$D$52 -> 10.488088 | H40: ='Res. Tank Design'!$D$52 -> 10.488088 | I40: ='Res. Tank Design'!$D$52 -> 10.488088 | J40: ='Res. Tank Design'!$D$52 -> 10.488088 | ... CG40: ='Res. Tank Design'!$D$52 -> 10.488088
B41: Q(Po,π/2 ) | C41: =(C$40/(C$10^2))*((PI()^2)/4)*(C$12*100/C$39)*(((SIN(C33))^2)/(C$5+C$11*C$6)^2) -> 0.76549334 | D41: =(D$40/(D$10^2))*((PI()^2)/4)*(D$12*100/D$39)*(((SIN(D33))^2)/(D$5+D$11*D$6)^2) -> 0.76549334 | E41: =(E$40/(E$10^2))*((PI()^2)/4)*(E$12*100/E$39)*(((SIN(E33))^2)/(E$5+E$11*E$6)^2) -> 0.76549334 | F41: =(F$40/(F$10^2))*((PI()^2)/4)*(F$12*100/F$39)*(((SIN(F33))^2)/(F$5+F$11*F$6)^2) -> 0.76549334 | G41: =(G$40/(G$10^2))*((PI()^2)/4)*(G$12*100/G$39)*(((SIN(G33))^2)/(G$5+G$11*G$6)^2) -> 0.76549334 | H41: =(H$40/(H$10^2))*((PI()^2)/4)*(H$12*100/H$39)*(((SIN(H33))^2)/(H$5+H$11*H$6)^2) -> 0.76549334 | I41: =(I$40/(I$10^2))*((PI()^2)/4)*(I$12*100/I$39)*(((SIN(I33))^2)/(I$5+I$11*I$6)^2) -> 0.76549334 | J41: =(J$40/(J$10^2))*((PI()^2)/4)*(J$12*100/J$39)*(((SIN(J33))^2)/(J$5+J$11*J$6)^2) -> 0.76549334 | ... CG41: =(CG$40/(CG$10^2))*((PI()^2)/4)*(CG$12*100/CG$39)*(((SIN(CG33))^2)/(CG$5+CG$11*CG$6)^2) -> 0.76549334
B42: Q(Po,5π/12 ) | C42: =(C$40/(C$10^2))*((PI()^2)/4)*(C$12*100/C$39)*(((SIN(C34))^2)/(C$5+C$11*C$6)^2) -> 0.71421501 | D42: =(D$40/(D$10^2))*((PI()^2)/4)*(D$12*100/D$39)*(((SIN(D34))^2)/(D$5+D$11*D$6)^2) -> 0.71421501 | E42: =(E$40/(E$10^2))*((PI()^2)/4)*(E$12*100/E$39)*(((SIN(E34))^2)/(E$5+E$11*E$6)^2) -> 0.71421501 | F42: =(F$40/(F$10^2))*((PI()^2)/4)*(F$12*100/F$39)*(((SIN(F34))^2)/(F$5+F$11*F$6)^2) -> 0.71421501 | G42: =(G$40/(G$10^2))*((PI()^2)/4)*(G$12*100/G$39)*(((SIN(G34))^2)/(G$5+G$11*G$6)^2) -> 0.71421501 | H42: =(H$40/(H$10^2))*((PI()^2)/4)*(H$12*100/H$39)*(((SIN(H34))^2)/(H$5+H$11*H$6)^2) -> 0.71421501 | I42: =(I$40/(I$10^2))*((PI()^2)/4)*(I$12*100/I$39)*(((SIN(I34))^2)/(I$5+I$11*I$6)^2) -> 0.71421501 | J42: =(J$40/(J$10^2))*((PI()^2)/4)*(J$12*100/J$39)*(((SIN(J34))^2)/(J$5+J$11*J$6)^2) -> 0.71421501 | ... CG42: =(CG$40/(CG$10^2))*((PI()^2)/4)*(CG$12*100/CG$39)*(((SIN(CG34))^2)/(CG$5+CG$11*CG$6)^2) -> 0.71421501
B43: Q(Po,π/3) | C43: =(C$40/(C$10^2))*((PI()^2)/4)*(C$12*100/C$39)*(((SIN(C35))^2)/(C$5+C$11*C$6)^2) -> 0.57412 | D43: =(D$40/(D$10^2))*((PI()^2)/4)*(D$12*100/D$39)*(((SIN(D35))^2)/(D$5+D$11*D$6)^2) -> 0.57412 | E43: =(E$40/(E$10^2))*((PI()^2)/4)*(E$12*100/E$39)*(((SIN(E35))^2)/(E$5+E$11*E$6)^2) -> 0.57412 | F43: =(F$40/(F$10^2))*((PI()^2)/4)*(F$12*100/F$39)*(((SIN(F35))^2)/(F$5+F$11*F$6)^2) -> 0.57412 | G43: =(G$40/(G$10^2))*((PI()^2)/4)*(G$12*100/G$39)*(((SIN(G35))^2)/(G$5+G$11*G$6)^2) -> 0.57412 | H43: =(H$40/(H$10^2))*((PI()^2)/4)*(H$12*100/H$39)*(((SIN(H35))^2)/(H$5+H$11*H$6)^2) -> 0.57412 | I43: =(I$40/(I$10^2))*((PI()^2)/4)*(I$12*100/I$39)*(((SIN(I35))^2)/(I$5+I$11*I$6)^2) -> 0.57412 | J43: =(J$40/(J$10^2))*((PI()^2)/4)*(J$12*100/J$39)*(((SIN(J35))^2)/(J$5+J$11*J$6)^2) -> 0.57412 | ... CG43: =(CG$40/(CG$10^2))*((PI()^2)/4)*(CG$12*100/CG$39)*(((SIN(CG35))^2)/(CG$5+CG$11*CG$6)^2) -> 0.57412
B44: Q(Po,π/4 ) | C44: =(C$40/(C$10^2))*((PI()^2)/4)*(C$12*100/C$39)*(((SIN(C36))^2)/(C$5+C$11*C$6)^2) -> 0.38274667 | D44: =(D$40/(D$10^2))*((PI()^2)/4)*(D$12*100/D$39)*(((SIN(D36))^2)/(D$5+D$11*D$6)^2) -> 0.38274667 | E44: =(E$40/(E$10^2))*((PI()^2)/4)*(E$12*100/E$39)*(((SIN(E36))^2)/(E$5+E$11*E$6)^2) -> 0.38274667 | F44: =(F$40/(F$10^2))*((PI()^2)/4)*(F$12*100/F$39)*(((SIN(F36))^2)/(F$5+F$11*F$6)^2) -> 0.38274667 | G44: =(G$40/(G$10^2))*((PI()^2)/4)*(G$12*100/G$39)*(((SIN(G36))^2)/(G$5+G$11*G$6)^2) -> 0.38274667 | H44: =(H$40/(H$10^2))*((PI()^2)/4)*(H$12*100/H$39)*(((SIN(H36))^2)/(H$5+H$11*H$6)^2) -> 0.38274667 | I44: =(I$40/(I$10^2))*((PI()^2)/4)*(I$12*100/I$39)*(((SIN(I36))^2)/(I$5+I$11*I$6)^2) -> 0.38274667 | J44: =(J$40/(J$10^2))*((PI()^2)/4)*(J$12*100/J$39)*(((SIN(J36))^2)/(J$5+J$11*J$6)^2) -> 0.38274667 | ... CG44: =(CG$40/(CG$10^2))*((PI()^2)/4)*(CG$12*100/CG$39)*(((SIN(CG36))^2)/(CG$5+CG$11*CG$6)^2) -> 0.38274667
B45: Q(Po,π/6) | C45: =(C$40/(C$10^2))*((PI()^2)/4)*(C$12*100/C$39)*(((SIN(C37))^2)/(C$5+C$11*C$6)^2) -> 0.19137333 | D45: =(D$40/(D$10^2))*((PI()^2)/4)*(D$12*100/D$39)*(((SIN(D37))^2)/(D$5+D$11*D$6)^2) -> 0.19137333 | E45: =(E$40/(E$10^2))*((PI()^2)/4)*(E$12*100/E$39)*(((SIN(E37))^2)/(E$5+E$11*E$6)^2) -> 0.19137333 | F45: =(F$40/(F$10^2))*((PI()^2)/4)*(F$12*100/F$39)*(((SIN(F37))^2)/(F$5+F$11*F$6)^2) -> 0.19137333 | G45: =(G$40/(G$10^2))*((PI()^2)/4)*(G$12*100/G$39)*(((SIN(G37))^2)/(G$5+G$11*G$6)^2) -> 0.19137333 | H45: =(H$40/(H$10^2))*((PI()^2)/4)*(H$12*100/H$39)*(((SIN(H37))^2)/(H$5+H$11*H$6)^2) -> 0.19137333 | I45: =(I$40/(I$10^2))*((PI()^2)/4)*(I$12*100/I$39)*(((SIN(I37))^2)/(I$5+I$11*I$6)^2) -> 0.19137333 | J45: =(J$40/(J$10^2))*((PI()^2)/4)*(J$12*100/J$39)*(((SIN(J37))^2)/(J$5+J$11*J$6)^2) -> 0.19137333 | ... CG45: =(CG$40/(CG$10^2))*((PI()^2)/4)*(CG$12*100/CG$39)*(((SIN(CG37))^2)/(CG$5+CG$11*CG$6)^2) -> 0.19137333
B46: Q(Po,π/12) | C46: =(C$40/(C$10^2))*((PI()^2)/4)*(C$12*100/C$39)*(((SIN(C38))^2)/(C$5+C$11*C$6)^2) -> 0.05127833 | D46: =(D$40/(D$10^2))*((PI()^2)/4)*(D$12*100/D$39)*(((SIN(D38))^2)/(D$5+D$11*D$6)^2) -> 0.05127833 | E46: =(E$40/(E$10^2))*((PI()^2)/4)*(E$12*100/E$39)*(((SIN(E38))^2)/(E$5+E$11*E$6)^2) -> 0.05127833 | F46: =(F$40/(F$10^2))*((PI()^2)/4)*(F$12*100/F$39)*(((SIN(F38))^2)/(F$5+F$11*F$6)^2) -> 0.05127833 | G46: =(G$40/(G$10^2))*((PI()^2)/4)*(G$12*100/G$39)*(((SIN(G38))^2)/(G$5+G$11*G$6)^2) -> 0.05127833 | H46: =(H$40/(H$10^2))*((PI()^2)/4)*(H$12*100/H$39)*(((SIN(H38))^2)/(H$5+H$11*H$6)^2) -> 0.05127833 | I46: =(I$40/(I$10^2))*((PI()^2)/4)*(I$12*100/I$39)*(((SIN(I38))^2)/(I$5+I$11*I$6)^2) -> 0.05127833 | J46: =(J$40/(J$10^2))*((PI()^2)/4)*(J$12*100/J$39)*(((SIN(J38))^2)/(J$5+J$11*J$6)^2) -> 0.05127833 | ... CG46: =(CG$40/(CG$10^2))*((PI()^2)/4)*(CG$12*100/CG$39)*(((SIN(CG38))^2)/(CG$5+CG$11*CG$6)^2) -> 0.05127833 | CH46: Fn max gain | CI46: This cell value is fn at maximum gain
B47: M(fn,Po,π/2) | C47: =1/((1+(C$23*(1-(1/(C$25^2)))))^2+(C41*(C$25-(1/C$25)))^2)^0.5 -> 1.8181819e-08 | D47: =1/((1+(D$23*(1-(1/(D$25^2)))))^2+(D41*(D$25-(1/D$25)))^2)^0.5 -> 0.00045832292 | E47: =1/((1+(E$23*(1-(1/(E$25^2)))))^2+(E41*(E$25-(1/E$25)))^2)^0.5 -> 0.0016793989 | F47: =1/((1+(F$23*(1-(1/(F$25^2)))))^2+(F41*(F$25-(1/F$25)))^2)^0.5 -> 0.0036724062 | G47: =1/((1+(G$23*(1-(1/(G$25^2)))))^2+(G41*(G$25-(1/G$25)))^2)^0.5 -> 0.0064467082 | H47: =1/((1+(H$23*(1-(1/(H$25^2)))))^2+(H41*(H$25-(1/H$25)))^2)^0.5 -> 0.010015417 | I47: =1/((1+(I$23*(1-(1/(I$25^2)))))^2+(I41*(I$25-(1/I$25)))^2)^0.5 -> 0.014395535 | J47: =1/((1+(J$23*(1-(1/(J$25^2)))))^2+(J41*(J$25-(1/J$25)))^2)^0.5 -> 0.019608132 | ... CG47: =1/((1+(CG$23*(1-(1/(CG$25^2)))))^2+(CG41*(CG$25-(1/CG$25)))^2)^0.5 -> 0.50538302 | CH47: {=INDIRECT(CI47)} -> 0.66666667 | CI47: =ADDRESS(25,CJ47) -> $AW$25 | CJ47: =MATCH(CK47,C47:CG47,0) -> 49 | CK47: =MAX(C47:CG47) -> 1.4235686
B48: M(fn,Po,5π/12) | C48: =1/((1+(C$23*(1-(1/(C$25^2)))))^2+(C42*(C$25-(1/C$25)))^2)^0.5 -> 1.8181819e-08 | D48: =1/((1+(D$23*(1-(1/(D$25^2)))))^2+(D42*(D$25-(1/D$25)))^2)^0.5 -> 0.00045833741 | E48: =1/((1+(E$23*(1-(1/(E$25^2)))))^2+(E42*(E$25-(1/E$25)))^2)^0.5 -> 0.0016795935 | F48: =1/((1+(F$23*(1-(1/(F$25^2)))))^2+(F42*(F$25-(1/F$25)))^2)^0.5 -> 0.0036733366 | G48: =1/((1+(G$23*(1-(1/(G$25^2)))))^2+(G42*(G$25-(1/G$25)))^2)^0.5 -> 0.0064495753 | H48: =1/((1+(H$23*(1-(1/(H$25^2)))))^2+(H42*(H$25-(1/H$25)))^2)^0.5 -> 0.010022338 | I48: =1/((1+(I$23*(1-(1/(I$25^2)))))^2+(I42*(I$25-(1/I$25)))^2)^0.5 -> 0.014409834 | J48: =1/((1+(J$23*(1-(1/(J$25^2)))))^2+(J42*(J$25-(1/J$25)))^2)^0.5 -> 0.019634666 | ... CG48: =1/((1+(CG$23*(1-(1/(CG$25^2)))))^2+(CG42*(CG$25-(1/CG$25)))^2)^0.5 -> 0.52154615 | CH48: {=INDIRECT(CI48)} -> 0.65217391 | CI48: =ADDRESS(25,CJ48) -> $AV$25 | CJ48: =MATCH(CK48,C48:CG48,0) -> 48 | CK48: =MAX(C48:CG48) -> 1.4926785
B49: M(fn,Po,π/3) | C49: =1/((1+(C$23*(1-(1/(C$25^2)))))^2+(C43*(C$25-(1/C$25)))^2)^0.5 -> 1.8181819e-08 | D49: =1/((1+(D$23*(1-(1/(D$25^2)))))^2+(D43*(D$25-(1/D$25)))^2)^0.5 -> 0.00045837189 | E49: =1/((1+(E$23*(1-(1/(E$25^2)))))^2+(E43*(E$25-(1/E$25)))^2)^0.5 -> 0.0016800565 | F49: =1/((1+(F$23*(1-(1/(F$25^2)))))^2+(F43*(F$25-(1/F$25)))^2)^0.5 -> 0.0036755525 | G49: =1/((1+(G$23*(1-(1/(G$25^2)))))^2+(G43*(G$25-(1/G$25)))^2)^0.5 -> 0.0064564109 | H49: =1/((1+(H$23*(1-(1/(H$25^2)))))^2+(H43*(H$25-(1/H$25)))^2)^0.5 -> 0.010038858 | I49: =1/((1+(I$23*(1-(1/(I$25^2)))))^2+(I43*(I$25-(1/I$25)))^2)^0.5 -> 0.014444021 | J49: =1/((1+(J$23*(1-(1/(J$25^2)))))^2+(J43*(J$25-(1/J$25)))^2)^0.5 -> 0.019698217 | ... CG49: =1/((1+(CG$23*(1-(1/(CG$25^2)))))^2+(CG43*(CG$25-(1/CG$25)))^2)^0.5 -> 0.567228 | CH49: {=INDIRECT(CI49)} -> 0.62318841 | CI49: =ADDRESS(25,CJ49) -> $AT$25 | CJ49: =MATCH(CK49,C49:CG49,0) -> 46 | CK49: =MAX(C49:CG49) -> 1.7624933
B50: M(fn,Po,π/4) | C50: =1/((1+(C$23*(1-(1/(C$25^2)))))^2+(C44*(C$25-(1/C$25)))^2)^0.5 -> 1.8181819e-08 | D50: =1/((1+(D$23*(1-(1/(D$25^2)))))^2+(D44*(D$25-(1/D$25)))^2)^0.5 -> 0.00045840687 | E50: =1/((1+(E$23*(1-(1/(E$25^2)))))^2+(E44*(E$25-(1/E$25)))^2)^0.5 -> 0.0016805267 | F50: =1/((1+(F$23*(1-(1/(F$25^2)))))^2+(F44*(F$25-(1/F$25)))^2)^0.5 -> 0.0036778048 | G50: =1/((1+(G$23*(1-(1/(G$25^2)))))^2+(G44*(G$25-(1/G$25)))^2)^0.5 -> 0.0064633684 | H50: =1/((1+(H$23*(1-(1/(H$25^2)))))^2+(H44*(H$25-(1/H$25)))^2)^0.5 -> 0.010055703 | I50: =1/((1+(I$23*(1-(1/(I$25^2)))))^2+(I44*(I$25-(1/I$25)))^2)^0.5 -> 0.014478955 | J50: =1/((1+(J$23*(1-(1/(J$25^2)))))^2+(J44*(J$25-(1/J$25)))^2)^0.5 -> 0.01976333 | ... CG50: =1/((1+(CG$23*(1-(1/(CG$25^2)))))^2+(CG44*(CG$25-(1/CG$25)))^2)^0.5 -> 0.6285154 | CH50: {=INDIRECT(CI50)} -> 0.5955834 | CI50: =ADDRESS(25,CJ50) -> $AR$25 | CJ50: =MATCH(CK50,C50:CG50,0) -> 44 | CK50: =MAX(C50:CG50) -> 2.5077143
B51: M(fn,Po,π/6) | C51: =1/((1+(C$23*(1-(1/(C$25^2)))))^2+(C45*(C$25-(1/C$25)))^2)^0.5 -> 1.8181819e-08 | D51: =1/((1+(D$23*(1-(1/(D$25^2)))))^2+(D45*(D$25-(1/D$25)))^2)^0.5 -> 0.00045842786 | E51: =1/((1+(E$23*(1-(1/(E$25^2)))))^2+(E45*(E$25-(1/E$25)))^2)^0.5 -> 0.001680809 | F51: =1/((1+(F$23*(1-(1/(F$25^2)))))^2+(F45*(F$25-(1/F$25)))^2)^0.5 -> 0.0036791582 | G51: =1/((1+(G$23*(1-(1/(G$25^2)))))^2+(G45*(G$25-(1/G$25)))^2)^0.5 -> 0.0064675536 | H51: =1/((1+(H$23*(1-(1/(H$25^2)))))^2+(H45*(H$25-(1/H$25)))^2)^0.5 -> 0.010065851 | I51: =1/((1+(I$23*(1-(1/(I$25^2)))))^2+(I45*(I$25-(1/I$25)))^2)^0.5 -> 0.014500037 | J51: =1/((1+(J$23*(1-(1/(J$25^2)))))^2+(J45*(J$25-(1/J$25)))^2)^0.5 -> 0.019802708 | ... CG51: =1/((1+(CG$23*(1-(1/(CG$25^2)))))^2+(CG45*(CG$25-(1/CG$25)))^2)^0.5 -> 0.67643377 | CH51: {=INDIRECT(CI51)} -> 0.56659789 | CI51: =ADDRESS(25,CJ51) -> $AP$25 | CJ51: =MATCH(CK51,C51:CG51,0) -> 42 | CK51: =MAX(C51:CG51) -> 4.8229338
B52: M(fn,Po,π/12) | C52: =1/((1+(C$23*(1-(1/(C$25^2)))))^2+(C46*(C$25-(1/C$25)))^2)^0.5 -> 1.8181819e-08 | D52: =1/((1+(D$23*(1-(1/(D$25^2)))))^2+(D46*(D$25-(1/D$25)))^2)^0.5 -> 0.00045843436 | E52: =1/((1+(E$23*(1-(1/(E$25^2)))))^2+(E46*(E$25-(1/E$25)))^2)^0.5 -> 0.0016808964 | F52: =1/((1+(F$23*(1-(1/(F$25^2)))))^2+(F46*(F$25-(1/F$25)))^2)^0.5 -> 0.0036795772 | G52: =1/((1+(G$23*(1-(1/(G$25^2)))))^2+(G46*(G$25-(1/G$25)))^2)^0.5 -> 0.0064688502 | H52: =1/((1+(H$23*(1-(1/(H$25^2)))))^2+(H46*(H$25-(1/H$25)))^2)^0.5 -> 0.010068997 | I52: =1/((1+(I$23*(1-(1/(I$25^2)))))^2+(I46*(I$25-(1/I$25)))^2)^0.5 -> 0.014506579 | J52: =1/((1+(J$23*(1-(1/(J$25^2)))))^2+(J46*(J$25-(1/J$25)))^2)^0.5 -> 0.01981494 | ... CG52: =1/((1+(CG$23*(1-(1/(CG$25^2)))))^2+(CG46*(CG$25-(1/CG$25)))^2)^0.5 -> 0.69363277 | CH52: {=INDIRECT(CI52)} -> 0.56659789 | CI52: =ADDRESS(25,CJ52) -> $AP$25 | CJ52: =MATCH(CK52,C52:CG52,0) -> 42 | CK52: =MAX(C52:CG52) -> 17.998701
B53: Mreq(Vin_min, Vout,π/2 ) | C53: =2*C$10*(C$5+C$11*C$6)/(SQRT(2)*C$7*SIN(C33)) -> 1.2294082 | D53: =2*D$10*(D$5+D$11*D$6)/(SQRT(2)*D$7*SIN(D33)) -> 1.2294082 | E53: =2*E$10*(E$5+E$11*E$6)/(SQRT(2)*E$7*SIN(E33)) -> 1.2294082 | F53: =2*F$10*(F$5+F$11*F$6)/(SQRT(2)*F$7*SIN(F33)) -> 1.2294082 | G53: =2*G$10*(G$5+G$11*G$6)/(SQRT(2)*G$7*SIN(G33)) -> 1.2294082 | H53: =2*H$10*(H$5+H$11*H$6)/(SQRT(2)*H$7*SIN(H33)) -> 1.2294082 | I53: =2*I$10*(I$5+I$11*I$6)/(SQRT(2)*I$7*SIN(I33)) -> 1.2294082 | J53: =2*J$10*(J$5+J$11*J$6)/(SQRT(2)*J$7*SIN(J33)) -> 1.2294082 | ... CG53: =2*CG$10*(CG$5+CG$11*CG$6)/(SQRT(2)*CG$7*SIN(CG33)) -> 1.2294082
B54: Mreq(Vin_min, Vout,5π/12 ) | C54: =2*C$10*(C$5+C$11*C$6)/(SQRT(2)*C$7*SIN(C34)) -> 1.272777 | D54: =2*D$10*(D$5+D$11*D$6)/(SQRT(2)*D$7*SIN(D34)) -> 1.272777 | E54: =2*E$10*(E$5+E$11*E$6)/(SQRT(2)*E$7*SIN(E34)) -> 1.272777 | F54: =2*F$10*(F$5+F$11*F$6)/(SQRT(2)*F$7*SIN(F34)) -> 1.272777 | G54: =2*G$10*(G$5+G$11*G$6)/(SQRT(2)*G$7*SIN(G34)) -> 1.272777 | H54: =2*H$10*(H$5+H$11*H$6)/(SQRT(2)*H$7*SIN(H34)) -> 1.272777 | I54: =2*I$10*(I$5+I$11*I$6)/(SQRT(2)*I$7*SIN(I34)) -> 1.272777 | J54: =2*J$10*(J$5+J$11*J$6)/(SQRT(2)*J$7*SIN(J34)) -> 1.272777 | ... CG54: =2*CG$10*(CG$5+CG$11*CG$6)/(SQRT(2)*CG$7*SIN(CG34)) -> 1.272777
B55: Mreq(Vin_min, Vout,π/3 ) | C55: =2*C$10*(C$5+C$11*C$6)/(SQRT(2)*C$7*SIN(C35)) -> 1.4195983 | D55: =2*D$10*(D$5+D$11*D$6)/(SQRT(2)*D$7*SIN(D35)) -> 1.4195983 | E55: =2*E$10*(E$5+E$11*E$6)/(SQRT(2)*E$7*SIN(E35)) -> 1.4195983 | F55: =2*F$10*(F$5+F$11*F$6)/(SQRT(2)*F$7*SIN(F35)) -> 1.4195983 | G55: =2*G$10*(G$5+G$11*G$6)/(SQRT(2)*G$7*SIN(G35)) -> 1.4195983 | H55: =2*H$10*(H$5+H$11*H$6)/(SQRT(2)*H$7*SIN(H35)) -> 1.4195983 | I55: =2*I$10*(I$5+I$11*I$6)/(SQRT(2)*I$7*SIN(I35)) -> 1.4195983 | J55: =2*J$10*(J$5+J$11*J$6)/(SQRT(2)*J$7*SIN(J35)) -> 1.4195983 | ... CG55: =2*CG$10*(CG$5+CG$11*CG$6)/(SQRT(2)*CG$7*SIN(CG35)) -> 1.4195983
B56: Mreq(Vin_min, Vout,π/4 ) | C56: =2*C$10*(C$5+C$11*C$6)/(SQRT(2)*C$7*SIN(C36)) -> 1.7386457 | D56: =2*D$10*(D$5+D$11*D$6)/(SQRT(2)*D$7*SIN(D36)) -> 1.7386457 | E56: =2*E$10*(E$5+E$11*E$6)/(SQRT(2)*E$7*SIN(E36)) -> 1.7386457 | F56: =2*F$10*(F$5+F$11*F$6)/(SQRT(2)*F$7*SIN(F36)) -> 1.7386457 | G56: =2*G$10*(G$5+G$11*G$6)/(SQRT(2)*G$7*SIN(G36)) -> 1.7386457 | H56: =2*H$10*(H$5+H$11*H$6)/(SQRT(2)*H$7*SIN(H36)) -> 1.7386457 | I56: =2*I$10*(I$5+I$11*I$6)/(SQRT(2)*I$7*SIN(I36)) -> 1.7386457 | J56: =2*J$10*(J$5+J$11*J$6)/(SQRT(2)*J$7*SIN(J36)) -> 1.7386457 | ... CG56: =2*CG$10*(CG$5+CG$11*CG$6)/(SQRT(2)*CG$7*SIN(CG36)) -> 1.7386457
B57: Mreq(Vin_min, Vout,π/6 ) | C57: =2*C$10*(C$5+C$11*C$6)/(SQRT(2)*C$7*SIN(C37)) -> 2.4588163 | D57: =2*D$10*(D$5+D$11*D$6)/(SQRT(2)*D$7*SIN(D37)) -> 2.4588163 | E57: =2*E$10*(E$5+E$11*E$6)/(SQRT(2)*E$7*SIN(E37)) -> 2.4588163 | F57: =2*F$10*(F$5+F$11*F$6)/(SQRT(2)*F$7*SIN(F37)) -> 2.4588163 | G57: =2*G$10*(G$5+G$11*G$6)/(SQRT(2)*G$7*SIN(G37)) -> 2.4588163 | H57: =2*H$10*(H$5+H$11*H$6)/(SQRT(2)*H$7*SIN(H37)) -> 2.4588163 | I57: =2*I$10*(I$5+I$11*I$6)/(SQRT(2)*I$7*SIN(I37)) -> 2.4588163 | J57: =2*J$10*(J$5+J$11*J$6)/(SQRT(2)*J$7*SIN(J37)) -> 2.4588163 | ... CG57: =2*CG$10*(CG$5+CG$11*CG$6)/(SQRT(2)*CG$7*SIN(CG37)) -> 2.4588163
B58: Mreq(Vin_min, Vout,π/12 ) | C58: =2*C$10*(C$5+C$11*C$6)/(SQRT(2)*C$7*SIN(C38)) -> 4.7500684 | D58: =2*D$10*(D$5+D$11*D$6)/(SQRT(2)*D$7*SIN(D38)) -> 4.7500684 | E58: =2*E$10*(E$5+E$11*E$6)/(SQRT(2)*E$7*SIN(E38)) -> 4.7500684 | F58: =2*F$10*(F$5+F$11*F$6)/(SQRT(2)*F$7*SIN(F38)) -> 4.7500684 | G58: =2*G$10*(G$5+G$11*G$6)/(SQRT(2)*G$7*SIN(G38)) -> 4.7500684 | H58: =2*H$10*(H$5+H$11*H$6)/(SQRT(2)*H$7*SIN(H38)) -> 4.7500684 | I58: =2*I$10*(I$5+I$11*I$6)/(SQRT(2)*I$7*SIN(I38)) -> 4.7500684 | J58: =2*J$10*(J$5+J$11*J$6)/(SQRT(2)*J$7*SIN(J38)) -> 4.7500684 | ... CG58: =2*CG$10*(CG$5+CG$11*CG$6)/(SQRT(2)*CG$7*SIN(CG38)) -> 4.7500684
B60: fn where M(fn,Po,π/2)=Mreq(Vin_min, Vout,π/2 ) | D60: =IF(AND(D$25>D$24,IF(ISNA(D$29),TRUE(),D47>=D$29),(D53-D47-(-D$25*(D47-C47)/(D$25-C$25)))/((D47-C47)/(D$25-C$25))<=D$25,(D53-D47-(-D$25*(D47-C47)/(D$25-C$25)))/((D47-C47)/(D$25-C$25))>C$25),(D53-D47-(-D$25*(D47-C47)/(D$25-C$25)))/((D47-C47)/(D$25-C$25)),0) -> 0 | E60: =IF(AND(E$25>E$24,IF(ISNA(E$29),TRUE(),E47>=E$29),(E53-E47-(-E$25*(E47-D47)/(E$25-D$25)))/((E47-D47)/(E$25-D$25))<=E$25,(E53-E47-(-E$25*(E47-D47)/(E$25-D$25)))/((E47-D47)/(E$25-D$25))>D$25),(E53-E47-(-E$25*(E47-D47)/(E$25-D$25)))/((E47-D47)/(E$25-D$25)),0) -> 0 | F60: =IF(AND(F$25>F$24,IF(ISNA(F$29),TRUE(),F47>=F$29),(F53-F47-(-F$25*(F47-E47)/(F$25-E$25)))/((F47-E47)/(F$25-E$25))<=F$25,(F53-F47-(-F$25*(F47-E47)/(F$25-E$25)))/((F47-E47)/(F$25-E$25))>E$25),(F53-F47-(-F$25*(F47-E47)/(F$25-E$25)))/((F47-E47)/(F$25-E$25)),0) -> 0 | G60: =IF(AND(G$25>G$24,IF(ISNA(G$29),TRUE(),G47>=G$29),(G53-G47-(-G$25*(G47-F47)/(G$25-F$25)))/((G47-F47)/(G$25-F$25))<=G$25,(G53-G47-(-G$25*(G47-F47)/(G$25-F$25)))/((G47-F47)/(G$25-F$25))>F$25),(G53-G47-(-G$25*(G47-F47)/(G$25-F$25)))/((G47-F47)/(G$25-F$25)),0) -> 0 | H60: =IF(AND(H$25>H$24,IF(ISNA(H$29),TRUE(),H47>=H$29),(H53-H47-(-H$25*(H47-G47)/(H$25-G$25)))/((H47-G47)/(H$25-G$25))<=H$25,(H53-H47-(-H$25*(H47-G47)/(H$25-G$25)))/((H47-G47)/(H$25-G$25))>G$25),(H53-H47-(-H$25*(H47-G47)/(H$25-G$25)))/((H47-G47)/(H$25-G$25)),0) -> 0 | I60: =IF(AND(I$25>I$24,IF(ISNA(I$29),TRUE(),I47>=I$29),(I53-I47-(-I$25*(I47-H47)/(I$25-H$25)))/((I47-H47)/(I$25-H$25))<=I$25,(I53-I47-(-I$25*(I47-H47)/(I$25-H$25)))/((I47-H47)/(I$25-H$25))>H$25),(I53-I47-(-I$25*(I47-H47)/(I$25-H$25)))/((I47-H47)/(I$25-H$25)),0) -> 0 | J60: =IF(AND(J$25>J$24,IF(ISNA(J$29),TRUE(),J47>=J$29),(J53-J47-(-J$25*(J47-I47)/(J$25-I$25)))/((J47-I47)/(J$25-I$25))<=J$25,(J53-J47-(-J$25*(J47-I47)/(J$25-I$25)))/((J47-I47)/(J$25-I$25))>I$25),(J53-J47-(-J$25*(J47-I47)/(J$25-I$25)))/((J47-I47)/(J$25-I$25)),0) -> 0 | K60: =IF(AND(K$25>K$24,IF(ISNA(K$29),TRUE(),K47>=K$29),(K53-K47-(-K$25*(K47-J47)/(K$25-J$25)))/((K47-J47)/(K$25-J$25))<=K$25,(K53-K47-(-K$25*(K47-J47)/(K$25-J$25)))/((K47-J47)/(K$25-J$25))>J$25),(K53-K47-(-K$25*(K47-J47)/(K$25-J$25)))/((K47-J47)/(K$25-J$25)),0) -> 0 | ... CG60: =IF(AND(CG$25>CG$24,IF(ISNA(CG$29),TRUE(),CG47>=CG$29),(CG53-CG47-(-CG$25*(CG47-CF47)/(CG$25-CF$25)))/((CG47-CF47)/(CG$25-CF$25))<=CG$25,(CG53-CG47-(-CG$25*(CG47-CF47)/(CG$25-CF$25)))/((CG47-CF47)/(CG$25-CF$25))>CF$25),(CG53-CG47-(-CG$25*(CG47-CF47)/(CG$25-CF$25)))/((CG47-CF47)/(CG$25-CF$25)),0) -> 0 | CH60: {=IF(MAX(D60:CG60),MAX(D60:CG60),INDIRECT(CI47))} -> 0.83783994
B61: fn where M(fn,Po,5π/12)=Mreq(Vin_min, Vout,5π/12 ) | D61: =IF(AND(D$25>D$24,IF(ISNA(D$29),TRUE(),D48>=D$29),(D54-D48-(-D$25*(D48-C48)/(D$25-C$25)))/((D48-C48)/(D$25-C$25))<=D$25,(D54-D48-(-D$25*(D48-C48)/(D$25-C$25)))/((D48-C48)/(D$25-C$25))>C$25),(D54-D48-(-D$25*(D48-C48)/(D$25-C$25)))/((D48-C48)/(D$25-C$25)),0) -> 0 | E61: =IF(AND(E$25>E$24,IF(ISNA(E$29),TRUE(),E48>=E$29),(E54-E48-(-E$25*(E48-D48)/(E$25-D$25)))/((E48-D48)/(E$25-D$25))<=E$25,(E54-E48-(-E$25*(E48-D48)/(E$25-D$25)))/((E48-D48)/(E$25-D$25))>D$25),(E54-E48-(-E$25*(E48-D48)/(E$25-D$25)))/((E48-D48)/(E$25-D$25)),0) -> 0 | F61: =IF(AND(F$25>F$24,IF(ISNA(F$29),TRUE(),F48>=F$29),(F54-F48-(-F$25*(F48-E48)/(F$25-E$25)))/((F48-E48)/(F$25-E$25))<=F$25,(F54-F48-(-F$25*(F48-E48)/(F$25-E$25)))/((F48-E48)/(F$25-E$25))>E$25),(F54-F48-(-F$25*(F48-E48)/(F$25-E$25)))/((F48-E48)/(F$25-E$25)),0) -> 0 | G61: =IF(AND(G$25>G$24,IF(ISNA(G$29),TRUE(),G48>=G$29),(G54-G48-(-G$25*(G48-F48)/(G$25-F$25)))/((G48-F48)/(G$25-F$25))<=G$25,(G54-G48-(-G$25*(G48-F48)/(G$25-F$25)))/((G48-F48)/(G$25-F$25))>F$25),(G54-G48-(-G$25*(G48-F48)/(G$25-F$25)))/((G48-F48)/(G$25-F$25)),0) -> 0 | H61: =IF(AND(H$25>H$24,IF(ISNA(H$29),TRUE(),H48>=H$29),(H54-H48-(-H$25*(H48-G48)/(H$25-G$25)))/((H48-G48)/(H$25-G$25))<=H$25,(H54-H48-(-H$25*(H48-G48)/(H$25-G$25)))/((H48-G48)/(H$25-G$25))>G$25),(H54-H48-(-H$25*(H48-G48)/(H$25-G$25)))/((H48-G48)/(H$25-G$25)),0) -> 0 | I61: =IF(AND(I$25>I$24,IF(ISNA(I$29),TRUE(),I48>=I$29),(I54-I48-(-I$25*(I48-H48)/(I$25-H$25)))/((I48-H48)/(I$25-H$25))<=I$25,(I54-I48-(-I$25*(I48-H48)/(I$25-H$25)))/((I48-H48)/(I$25-H$25))>H$25),(I54-I48-(-I$25*(I48-H48)/(I$25-H$25)))/((I48-H48)/(I$25-H$25)),0) -> 0 | J61: =IF(AND(J$25>J$24,IF(ISNA(J$29),TRUE(),J48>=J$29),(J54-J48-(-J$25*(J48-I48)/(J$25-I$25)))/((J48-I48)/(J$25-I$25))<=J$25,(J54-J48-(-J$25*(J48-I48)/(J$25-I$25)))/((J48-I48)/(J$25-I$25))>I$25),(J54-J48-(-J$25*(J48-I48)/(J$25-I$25)))/((J48-I48)/(J$25-I$25)),0) -> 0 | K61: =IF(AND(K$25>K$24,IF(ISNA(K$29),TRUE(),K48>=K$29),(K54-K48-(-K$25*(K48-J48)/(K$25-J$25)))/((K48-J48)/(K$25-J$25))<=K$25,(K54-K48-(-K$25*(K48-J48)/(K$25-J$25)))/((K48-J48)/(K$25-J$25))>J$25),(K54-K48-(-K$25*(K48-J48)/(K$25-J$25)))/((K48-J48)/(K$25-J$25)),0) -> 0 | ... CG61: =IF(AND(CG$25>CG$24,IF(ISNA(CG$29),TRUE(),CG48>=CG$29),(CG54-CG48-(-CG$25*(CG48-CF48)/(CG$25-CF$25)))/((CG48-CF48)/(CG$25-CF$25))<=CG$25,(CG54-CG48-(-CG$25*(CG48-CF48)/(CG$25-CF$25)))/((CG48-CF48)/(CG$25-CF$25))>CF$25),(CG54-CG48-(-CG$25*(CG48-CF48)/(CG$25-CF$25)))/((CG48-CF48)/(CG$25-CF$25)),0) -> 0 | CH61: {=IF(MAX(D61:CG61),MAX(D61:CG61),INDIRECT(CI48))} -> 0.82005314
B62: fn where M(fn,Po,π/3)=Mreq(Vin_min, Vout,π/3 ) | D62: =IF(AND(D$25>D$24,IF(ISNA(D$29),TRUE(),D49>=D$29),(D55-D49-(-D$25*(D49-C49)/(D$25-C$25)))/((D49-C49)/(D$25-C$25))<=D$25,(D55-D49-(-D$25*(D49-C49)/(D$25-C$25)))/((D49-C49)/(D$25-C$25))>C$25),(D55-D49-(-D$25*(D49-C49)/(D$25-C$25)))/((D49-C49)/(D$25-C$25)),0) -> 0 | E62: =IF(AND(E$25>E$24,IF(ISNA(E$29),TRUE(),E49>=E$29),(E55-E49-(-E$25*(E49-D49)/(E$25-D$25)))/((E49-D49)/(E$25-D$25))<=E$25,(E55-E49-(-E$25*(E49-D49)/(E$25-D$25)))/((E49-D49)/(E$25-D$25))>D$25),(E55-E49-(-E$25*(E49-D49)/(E$25-D$25)))/((E49-D49)/(E$25-D$25)),0) -> 0 | F62: =IF(AND(F$25>F$24,IF(ISNA(F$29),TRUE(),F49>=F$29),(F55-F49-(-F$25*(F49-E49)/(F$25-E$25)))/((F49-E49)/(F$25-E$25))<=F$25,(F55-F49-(-F$25*(F49-E49)/(F$25-E$25)))/((F49-E49)/(F$25-E$25))>E$25),(F55-F49-(-F$25*(F49-E49)/(F$25-E$25)))/((F49-E49)/(F$25-E$25)),0) -> 0 | G62: =IF(AND(G$25>G$24,IF(ISNA(G$29),TRUE(),G49>=G$29),(G55-G49-(-G$25*(G49-F49)/(G$25-F$25)))/((G49-F49)/(G$25-F$25))<=G$25,(G55-G49-(-G$25*(G49-F49)/(G$25-F$25)))/((G49-F49)/(G$25-F$25))>F$25),(G55-G49-(-G$25*(G49-F49)/(G$25-F$25)))/((G49-F49)/(G$25-F$25)),0) -> 0 | H62: =IF(AND(H$25>H$24,IF(ISNA(H$29),TRUE(),H49>=H$29),(H55-H49-(-H$25*(H49-G49)/(H$25-G$25)))/((H49-G49)/(H$25-G$25))<=H$25,(H55-H49-(-H$25*(H49-G49)/(H$25-G$25)))/((H49-G49)/(H$25-G$25))>G$25),(H55-H49-(-H$25*(H49-G49)/(H$25-G$25)))/((H49-G49)/(H$25-G$25)),0) -> 0 | I62: =IF(AND(I$25>I$24,IF(ISNA(I$29),TRUE(),I49>=I$29),(I55-I49-(-I$25*(I49-H49)/(I$25-H$25)))/((I49-H49)/(I$25-H$25))<=I$25,(I55-I49-(-I$25*(I49-H49)/(I$25-H$25)))/((I49-H49)/(I$25-H$25))>H$25),(I55-I49-(-I$25*(I49-H49)/(I$25-H$25)))/((I49-H49)/(I$25-H$25)),0) -> 0 | J62: =IF(AND(J$25>J$24,IF(ISNA(J$29),TRUE(),J49>=J$29),(J55-J49-(-J$25*(J49-I49)/(J$25-I$25)))/((J49-I49)/(J$25-I$25))<=J$25,(J55-J49-(-J$25*(J49-I49)/(J$25-I$25)))/((J49-I49)/(J$25-I$25))>I$25),(J55-J49-(-J$25*(J49-I49)/(J$25-I$25)))/((J49-I49)/(J$25-I$25)),0) -> 0 | K62: =IF(AND(K$25>K$24,IF(ISNA(K$29),TRUE(),K49>=K$29),(K55-K49-(-K$25*(K49-J49)/(K$25-J$25)))/((K49-J49)/(K$25-J$25))<=K$25,(K55-K49-(-K$25*(K49-J49)/(K$25-J$25)))/((K49-J49)/(K$25-J$25))>J$25),(K55-K49-(-K$25*(K49-J49)/(K$25-J$25)))/((K49-J49)/(K$25-J$25)),0) -> 0 | ... CG62: =IF(AND(CG$25>CG$24,IF(ISNA(CG$29),TRUE(),CG49>=CG$29),(CG55-CG49-(-CG$25*(CG49-CF49)/(CG$25-CF$25)))/((CG49-CF49)/(CG$25-CF$25))<=CG$25,(CG55-CG49-(-CG$25*(CG49-CF49)/(CG$25-CF$25)))/((CG49-CF49)/(CG$25-CF$25))>CF$25),(CG55-CG49-(-CG$25*(CG49-CF49)/(CG$25-CF$25)))/((CG49-CF49)/(CG$25-CF$25)),0) -> 0 | CH62: {=IF(MAX(D62:CG62),MAX(D62:CG62),INDIRECT(CI49))} -> 0.77811269
B63: fn where M(fn,Po,π/4)=Mreq(Vin_min, Vout,π/4 ) | D63: =IF(AND(D$25>D$24,IF(ISNA(D$29),TRUE(),D50>=D$29),(D56-D50-(-D$25*(D50-C50)/(D$25-C$25)))/((D50-C50)/(D$25-C$25))<=D$25,(D56-D50-(-D$25*(D50-C50)/(D$25-C$25)))/((D50-C50)/(D$25-C$25))>C$25),(D56-D50-(-D$25*(D50-C50)/(D$25-C$25)))/((D50-C50)/(D$25-C$25)),0) -> 0 | E63: =IF(AND(E$25>E$24,IF(ISNA(E$29),TRUE(),E50>=E$29),(E56-E50-(-E$25*(E50-D50)/(E$25-D$25)))/((E50-D50)/(E$25-D$25))<=E$25,(E56-E50-(-E$25*(E50-D50)/(E$25-D$25)))/((E50-D50)/(E$25-D$25))>D$25),(E56-E50-(-E$25*(E50-D50)/(E$25-D$25)))/((E50-D50)/(E$25-D$25)),0) -> 0 | F63: =IF(AND(F$25>F$24,IF(ISNA(F$29),TRUE(),F50>=F$29),(F56-F50-(-F$25*(F50-E50)/(F$25-E$25)))/((F50-E50)/(F$25-E$25))<=F$25,(F56-F50-(-F$25*(F50-E50)/(F$25-E$25)))/((F50-E50)/(F$25-E$25))>E$25),(F56-F50-(-F$25*(F50-E50)/(F$25-E$25)))/((F50-E50)/(F$25-E$25)),0) -> 0 | G63: =IF(AND(G$25>G$24,IF(ISNA(G$29),TRUE(),G50>=G$29),(G56-G50-(-G$25*(G50-F50)/(G$25-F$25)))/((G50-F50)/(G$25-F$25))<=G$25,(G56-G50-(-G$25*(G50-F50)/(G$25-F$25)))/((G50-F50)/(G$25-F$25))>F$25),(G56-G50-(-G$25*(G50-F50)/(G$25-F$25)))/((G50-F50)/(G$25-F$25)),0) -> 0 | H63: =IF(AND(H$25>H$24,IF(ISNA(H$29),TRUE(),H50>=H$29),(H56-H50-(-H$25*(H50-G50)/(H$25-G$25)))/((H50-G50)/(H$25-G$25))<=H$25,(H56-H50-(-H$25*(H50-G50)/(H$25-G$25)))/((H50-G50)/(H$25-G$25))>G$25),(H56-H50-(-H$25*(H50-G50)/(H$25-G$25)))/((H50-G50)/(H$25-G$25)),0) -> 0 | I63: =IF(AND(I$25>I$24,IF(ISNA(I$29),TRUE(),I50>=I$29),(I56-I50-(-I$25*(I50-H50)/(I$25-H$25)))/((I50-H50)/(I$25-H$25))<=I$25,(I56-I50-(-I$25*(I50-H50)/(I$25-H$25)))/((I50-H50)/(I$25-H$25))>H$25),(I56-I50-(-I$25*(I50-H50)/(I$25-H$25)))/((I50-H50)/(I$25-H$25)),0) -> 0 | J63: =IF(AND(J$25>J$24,IF(ISNA(J$29),TRUE(),J50>=J$29),(J56-J50-(-J$25*(J50-I50)/(J$25-I$25)))/((J50-I50)/(J$25-I$25))<=J$25,(J56-J50-(-J$25*(J50-I50)/(J$25-I$25)))/((J50-I50)/(J$25-I$25))>I$25),(J56-J50-(-J$25*(J50-I50)/(J$25-I$25)))/((J50-I50)/(J$25-I$25)),0) -> 0 | K63: =IF(AND(K$25>K$24,IF(ISNA(K$29),TRUE(),K50>=K$29),(K56-K50-(-K$25*(K50-J50)/(K$25-J$25)))/((K50-J50)/(K$25-J$25))<=K$25,(K56-K50-(-K$25*(K50-J50)/(K$25-J$25)))/((K50-J50)/(K$25-J$25))>J$25),(K56-K50-(-K$25*(K50-J50)/(K$25-J$25)))/((K50-J50)/(K$25-J$25)),0) -> 0 | ... CG63: =IF(AND(CG$25>CG$24,IF(ISNA(CG$29),TRUE(),CG50>=CG$29),(CG56-CG50-(-CG$25*(CG50-CF50)/(CG$25-CF$25)))/((CG50-CF50)/(CG$25-CF$25))<=CG$25,(CG56-CG50-(-CG$25*(CG50-CF50)/(CG$25-CF$25)))/((CG50-CF50)/(CG$25-CF$25))>CF$25),(CG56-CG50-(-CG$25*(CG50-CF50)/(CG$25-CF$25)))/((CG50-CF50)/(CG$25-CF$25)),0) -> 0 | CH63: {=IF(MAX(D63:CG63),MAX(D63:CG63),INDIRECT(CI50))} -> 0.73129033
B64: fn where M(fn,Po,π/6)=Mreq(Vin_min, Vout,π/6 ) | D64: =IF(AND(D$25>D$24,IF(ISNA(D$29),TRUE(),D51>=D$29),(D57-D51-(-D$25*(D51-C51)/(D$25-C$25)))/((D51-C51)/(D$25-C$25))<=D$25,(D57-D51-(-D$25*(D51-C51)/(D$25-C$25)))/((D51-C51)/(D$25-C$25))>C$25),(D57-D51-(-D$25*(D51-C51)/(D$25-C$25)))/((D51-C51)/(D$25-C$25)),0) -> 0 | E64: =IF(AND(E$25>E$24,IF(ISNA(E$29),TRUE(),E51>=E$29),(E57-E51-(-E$25*(E51-D51)/(E$25-D$25)))/((E51-D51)/(E$25-D$25))<=E$25,(E57-E51-(-E$25*(E51-D51)/(E$25-D$25)))/((E51-D51)/(E$25-D$25))>D$25),(E57-E51-(-E$25*(E51-D51)/(E$25-D$25)))/((E51-D51)/(E$25-D$25)),0) -> 0 | F64: =IF(AND(F$25>F$24,IF(ISNA(F$29),TRUE(),F51>=F$29),(F57-F51-(-F$25*(F51-E51)/(F$25-E$25)))/((F51-E51)/(F$25-E$25))<=F$25,(F57-F51-(-F$25*(F51-E51)/(F$25-E$25)))/((F51-E51)/(F$25-E$25))>E$25),(F57-F51-(-F$25*(F51-E51)/(F$25-E$25)))/((F51-E51)/(F$25-E$25)),0) -> 0 | G64: =IF(AND(G$25>G$24,IF(ISNA(G$29),TRUE(),G51>=G$29),(G57-G51-(-G$25*(G51-F51)/(G$25-F$25)))/((G51-F51)/(G$25-F$25))<=G$25,(G57-G51-(-G$25*(G51-F51)/(G$25-F$25)))/((G51-F51)/(G$25-F$25))>F$25),(G57-G51-(-G$25*(G51-F51)/(G$25-F$25)))/((G51-F51)/(G$25-F$25)),0) -> 0 | H64: =IF(AND(H$25>H$24,IF(ISNA(H$29),TRUE(),H51>=H$29),(H57-H51-(-H$25*(H51-G51)/(H$25-G$25)))/((H51-G51)/(H$25-G$25))<=H$25,(H57-H51-(-H$25*(H51-G51)/(H$25-G$25)))/((H51-G51)/(H$25-G$25))>G$25),(H57-H51-(-H$25*(H51-G51)/(H$25-G$25)))/((H51-G51)/(H$25-G$25)),0) -> 0 | I64: =IF(AND(I$25>I$24,IF(ISNA(I$29),TRUE(),I51>=I$29),(I57-I51-(-I$25*(I51-H51)/(I$25-H$25)))/((I51-H51)/(I$25-H$25))<=I$25,(I57-I51-(-I$25*(I51-H51)/(I$25-H$25)))/((I51-H51)/(I$25-H$25))>H$25),(I57-I51-(-I$25*(I51-H51)/(I$25-H$25)))/((I51-H51)/(I$25-H$25)),0) -> 0 | J64: =IF(AND(J$25>J$24,IF(ISNA(J$29),TRUE(),J51>=J$29),(J57-J51-(-J$25*(J51-I51)/(J$25-I$25)))/((J51-I51)/(J$25-I$25))<=J$25,(J57-J51-(-J$25*(J51-I51)/(J$25-I$25)))/((J51-I51)/(J$25-I$25))>I$25),(J57-J51-(-J$25*(J51-I51)/(J$25-I$25)))/((J51-I51)/(J$25-I$25)),0) -> 0 | K64: =IF(AND(K$25>K$24,IF(ISNA(K$29),TRUE(),K51>=K$29),(K57-K51-(-K$25*(K51-J51)/(K$25-J$25)))/((K51-J51)/(K$25-J$25))<=K$25,(K57-K51-(-K$25*(K51-J51)/(K$25-J$25)))/((K51-J51)/(K$25-J$25))>J$25),(K57-K51-(-K$25*(K51-J51)/(K$25-J$25)))/((K51-J51)/(K$25-J$25)),0) -> 0 | ... CG64: =IF(AND(CG$25>CG$24,IF(ISNA(CG$29),TRUE(),CG51>=CG$29),(CG57-CG51-(-CG$25*(CG51-CF51)/(CG$25-CF$25)))/((CG51-CF51)/(CG$25-CF$25))<=CG$25,(CG57-CG51-(-CG$25*(CG51-CF51)/(CG$25-CF$25)))/((CG51-CF51)/(CG$25-CF$25))>CF$25),(CG57-CG51-(-CG$25*(CG51-CF51)/(CG$25-CF$25)))/((CG51-CF51)/(CG$25-CF$25)),0) -> 0 | CH64: {=IF(MAX(D64:CG64),MAX(D64:CG64),INDIRECT(CI51))} -> 0.68561942
B65: fn where M(fn,Po,π/12)=Mreq(Vin_min, Vout,π/12 ) | D65: =IF(AND(D$25>D$24,IF(ISNA(D$29),TRUE(),D52>=D$29),(D58-D52-(-D$25*(D52-C52)/(D$25-C$25)))/((D52-C52)/(D$25-C$25))<=D$25,(D58-D52-(-D$25*(D52-C52)/(D$25-C$25)))/((D52-C52)/(D$25-C$25))>C$25),(D58-D52-(-D$25*(D52-C52)/(D$25-C$25)))/((D52-C52)/(D$25-C$25)),0) -> 0 | E65: =IF(AND(E$25>E$24,IF(ISNA(E$29),TRUE(),E52>=E$29),(E58-E52-(-E$25*(E52-D52)/(E$25-D$25)))/((E52-D52)/(E$25-D$25))<=E$25,(E58-E52-(-E$25*(E52-D52)/(E$25-D$25)))/((E52-D52)/(E$25-D$25))>D$25),(E58-E52-(-E$25*(E52-D52)/(E$25-D$25)))/((E52-D52)/(E$25-D$25)),0) -> 0 | F65: =IF(AND(F$25>F$24,IF(ISNA(F$29),TRUE(),F52>=F$29),(F58-F52-(-F$25*(F52-E52)/(F$25-E$25)))/((F52-E52)/(F$25-E$25))<=F$25,(F58-F52-(-F$25*(F52-E52)/(F$25-E$25)))/((F52-E52)/(F$25-E$25))>E$25),(F58-F52-(-F$25*(F52-E52)/(F$25-E$25)))/((F52-E52)/(F$25-E$25)),0) -> 0 | G65: =IF(AND(G$25>G$24,IF(ISNA(G$29),TRUE(),G52>=G$29),(G58-G52-(-G$25*(G52-F52)/(G$25-F$25)))/((G52-F52)/(G$25-F$25))<=G$25,(G58-G52-(-G$25*(G52-F52)/(G$25-F$25)))/((G52-F52)/(G$25-F$25))>F$25),(G58-G52-(-G$25*(G52-F52)/(G$25-F$25)))/((G52-F52)/(G$25-F$25)),0) -> 0 | H65: =IF(AND(H$25>H$24,IF(ISNA(H$29),TRUE(),H52>=H$29),(H58-H52-(-H$25*(H52-G52)/(H$25-G$25)))/((H52-G52)/(H$25-G$25))<=H$25,(H58-H52-(-H$25*(H52-G52)/(H$25-G$25)))/((H52-G52)/(H$25-G$25))>G$25),(H58-H52-(-H$25*(H52-G52)/(H$25-G$25)))/((H52-G52)/(H$25-G$25)),0) -> 0 | I65: =IF(AND(I$25>I$24,IF(ISNA(I$29),TRUE(),I52>=I$29),(I58-I52-(-I$25*(I52-H52)/(I$25-H$25)))/((I52-H52)/(I$25-H$25))<=I$25,(I58-I52-(-I$25*(I52-H52)/(I$25-H$25)))/((I52-H52)/(I$25-H$25))>H$25),(I58-I52-(-I$25*(I52-H52)/(I$25-H$25)))/((I52-H52)/(I$25-H$25)),0) -> 0 | J65: =IF(AND(J$25>J$24,IF(ISNA(J$29),TRUE(),J52>=J$29),(J58-J52-(-J$25*(J52-I52)/(J$25-I$25)))/((J52-I52)/(J$25-I$25))<=J$25,(J58-J52-(-J$25*(J52-I52)/(J$25-I$25)))/((J52-I52)/(J$25-I$25))>I$25),(J58-J52-(-J$25*(J52-I52)/(J$25-I$25)))/((J52-I52)/(J$25-I$25)),0) -> 0 | K65: =IF(AND(K$25>K$24,IF(ISNA(K$29),TRUE(),K52>=K$29),(K58-K52-(-K$25*(K52-J52)/(K$25-J$25)))/((K52-J52)/(K$25-J$25))<=K$25,(K58-K52-(-K$25*(K52-J52)/(K$25-J$25)))/((K52-J52)/(K$25-J$25))>J$25),(K58-K52-(-K$25*(K52-J52)/(K$25-J$25)))/((K52-J52)/(K$25-J$25)),0) -> 0 | ... CG65: =IF(AND(CG$25>CG$24,IF(ISNA(CG$29),TRUE(),CG52>=CG$29),(CG58-CG52-(-CG$25*(CG52-CF52)/(CG$25-CF$25)))/((CG52-CF52)/(CG$25-CF$25))<=CG$25,(CG58-CG52-(-CG$25*(CG52-CF52)/(CG$25-CF$25)))/((CG52-CF52)/(CG$25-CF$25))>CF$25),(CG58-CG52-(-CG$25*(CG52-CF52)/(CG$25-CF$25)))/((CG52-CF52)/(CG$25-CF$25)),0) -> 0 | CH65: {=IF(MAX(D65:CG65),MAX(D65:CG65),INDIRECT(CI52))} -> 0.63998271
B67: Mreq(Vin_max, Vout,π/2 ) | C67: =2*C$10*(C$5+C$11*C$6)/(SQRT(2)*C$9*SIN(C33)) -> 0.6408617 | D67: =2*D$10*(D$5+D$11*D$6)/(SQRT(2)*D$9*SIN(D33)) -> 0.6408617 | E67: =2*E$10*(E$5+E$11*E$6)/(SQRT(2)*E$9*SIN(E33)) -> 0.6408617 | F67: =2*F$10*(F$5+F$11*F$6)/(SQRT(2)*F$9*SIN(F33)) -> 0.6408617 | G67: =2*G$10*(G$5+G$11*G$6)/(SQRT(2)*G$9*SIN(G33)) -> 0.6408617 | H67: =2*H$10*(H$5+H$11*H$6)/(SQRT(2)*H$9*SIN(H33)) -> 0.6408617 | I67: =2*I$10*(I$5+I$11*I$6)/(SQRT(2)*I$9*SIN(I33)) -> 0.6408617 | J67: =2*J$10*(J$5+J$11*J$6)/(SQRT(2)*J$9*SIN(J33)) -> 0.6408617 | ... CG67: =2*CG$10*(CG$5+CG$11*CG$6)/(SQRT(2)*CG$9*SIN(CG33)) -> 0.6408617
B68: Mreq(Vin_max, Vout,5π/12 ) | C68: =2*C$10*(C$5+C$11*C$6)/(SQRT(2)*C$9*SIN(C34)) -> 0.66346886 | D68: =2*D$10*(D$5+D$11*D$6)/(SQRT(2)*D$9*SIN(D34)) -> 0.66346886 | E68: =2*E$10*(E$5+E$11*E$6)/(SQRT(2)*E$9*SIN(E34)) -> 0.66346886 | F68: =2*F$10*(F$5+F$11*F$6)/(SQRT(2)*F$9*SIN(F34)) -> 0.66346886 | G68: =2*G$10*(G$5+G$11*G$6)/(SQRT(2)*G$9*SIN(G34)) -> 0.66346886 | H68: =2*H$10*(H$5+H$11*H$6)/(SQRT(2)*H$9*SIN(H34)) -> 0.66346886 | I68: =2*I$10*(I$5+I$11*I$6)/(SQRT(2)*I$9*SIN(I34)) -> 0.66346886 | J68: =2*J$10*(J$5+J$11*J$6)/(SQRT(2)*J$9*SIN(J34)) -> 0.66346886 | ... CG68: =2*CG$10*(CG$5+CG$11*CG$6)/(SQRT(2)*CG$9*SIN(CG34)) -> 0.66346886
B69: Mreq(Vin_max, Vout,π/3 ) | C69: =2*C$10*(C$5+C$11*C$6)/(SQRT(2)*C$9*SIN(C35)) -> 0.74000335 | D69: =2*D$10*(D$5+D$11*D$6)/(SQRT(2)*D$9*SIN(D35)) -> 0.74000335 | E69: =2*E$10*(E$5+E$11*E$6)/(SQRT(2)*E$9*SIN(E35)) -> 0.74000335 | F69: =2*F$10*(F$5+F$11*F$6)/(SQRT(2)*F$9*SIN(F35)) -> 0.74000335 | G69: =2*G$10*(G$5+G$11*G$6)/(SQRT(2)*G$9*SIN(G35)) -> 0.74000335 | H69: =2*H$10*(H$5+H$11*H$6)/(SQRT(2)*H$9*SIN(H35)) -> 0.74000335 | I69: =2*I$10*(I$5+I$11*I$6)/(SQRT(2)*I$9*SIN(I35)) -> 0.74000335 | J69: =2*J$10*(J$5+J$11*J$6)/(SQRT(2)*J$9*SIN(J35)) -> 0.74000335 | ... CG69: =2*CG$10*(CG$5+CG$11*CG$6)/(SQRT(2)*CG$9*SIN(CG35)) -> 0.74000335
B70: Mreq(Vin_max, Vout,π/4 ) | C70: =2*C$10*(C$5+C$11*C$6)/(SQRT(2)*C$9*SIN(C36)) -> 0.90631531 | D70: =2*D$10*(D$5+D$11*D$6)/(SQRT(2)*D$9*SIN(D36)) -> 0.90631531 | E70: =2*E$10*(E$5+E$11*E$6)/(SQRT(2)*E$9*SIN(E36)) -> 0.90631531 | F70: =2*F$10*(F$5+F$11*F$6)/(SQRT(2)*F$9*SIN(F36)) -> 0.90631531 | G70: =2*G$10*(G$5+G$11*G$6)/(SQRT(2)*G$9*SIN(G36)) -> 0.90631531 | H70: =2*H$10*(H$5+H$11*H$6)/(SQRT(2)*H$9*SIN(H36)) -> 0.90631531 | I70: =2*I$10*(I$5+I$11*I$6)/(SQRT(2)*I$9*SIN(I36)) -> 0.90631531 | J70: =2*J$10*(J$5+J$11*J$6)/(SQRT(2)*J$9*SIN(J36)) -> 0.90631531 | ... CG70: =2*CG$10*(CG$5+CG$11*CG$6)/(SQRT(2)*CG$9*SIN(CG36)) -> 0.90631531
B71: Mreq(Vin_max, Vout,π/6 ) | C71: =2*C$10*(C$5+C$11*C$6)/(SQRT(2)*C$9*SIN(C37)) -> 1.2817234 | D71: =2*D$10*(D$5+D$11*D$6)/(SQRT(2)*D$9*SIN(D37)) -> 1.2817234 | E71: =2*E$10*(E$5+E$11*E$6)/(SQRT(2)*E$9*SIN(E37)) -> 1.2817234 | F71: =2*F$10*(F$5+F$11*F$6)/(SQRT(2)*F$9*SIN(F37)) -> 1.2817234 | G71: =2*G$10*(G$5+G$11*G$6)/(SQRT(2)*G$9*SIN(G37)) -> 1.2817234 | H71: =2*H$10*(H$5+H$11*H$6)/(SQRT(2)*H$9*SIN(H37)) -> 1.2817234 | I71: =2*I$10*(I$5+I$11*I$6)/(SQRT(2)*I$9*SIN(I37)) -> 1.2817234 | J71: =2*J$10*(J$5+J$11*J$6)/(SQRT(2)*J$9*SIN(J37)) -> 1.2817234 | ... CG71: =2*CG$10*(CG$5+CG$11*CG$6)/(SQRT(2)*CG$9*SIN(CG37)) -> 1.2817234
B72: Mreq(Vin_max, Vout,π/12 ) | C72: =2*C$10*(C$5+C$11*C$6)/(SQRT(2)*C$9*SIN(C38)) -> 2.4760995 | D72: =2*D$10*(D$5+D$11*D$6)/(SQRT(2)*D$9*SIN(D38)) -> 2.4760995 | E72: =2*E$10*(E$5+E$11*E$6)/(SQRT(2)*E$9*SIN(E38)) -> 2.4760995 | F72: =2*F$10*(F$5+F$11*F$6)/(SQRT(2)*F$9*SIN(F38)) -> 2.4760995 | G72: =2*G$10*(G$5+G$11*G$6)/(SQRT(2)*G$9*SIN(G38)) -> 2.4760995 | H72: =2*H$10*(H$5+H$11*H$6)/(SQRT(2)*H$9*SIN(H38)) -> 2.4760995 | I72: =2*I$10*(I$5+I$11*I$6)/(SQRT(2)*I$9*SIN(I38)) -> 2.4760995 | J72: =2*J$10*(J$5+J$11*J$6)/(SQRT(2)*J$9*SIN(J38)) -> 2.4760995 | ... CG72: =2*CG$10*(CG$5+CG$11*CG$6)/(SQRT(2)*CG$9*SIN(CG38)) -> 2.4760995
B74: fn where M(fn,Po,π/2)=Mreq(Vin_max, Vout,π/2 ) | D74: =IF(AND(D$25>D$24,IF(ISNA(D$29),TRUE(),D47>=D$29),(D67-D47-(-D$25*(D47-C47)/(D$25-C$25)))/((D47-C47)/(D$25-C$25))<=D$25,(D67-D47-(-D$25*(D47-C47)/(D$25-C$25)))/((D47-C47)/(D$25-C$25))>C$25),(D67-D47-(-D$25*(D47-C47)/(D$25-C$25)))/((D47-C47)/(D$25-C$25)),0) -> 0 | E74: =IF(AND(E$25>E$24,IF(ISNA(E$29),TRUE(),E47>=E$29),(E67-E47-(-E$25*(E47-D47)/(E$25-D$25)))/((E47-D47)/(E$25-D$25))<=E$25,(E67-E47-(-E$25*(E47-D47)/(E$25-D$25)))/((E47-D47)/(E$25-D$25))>D$25),(E67-E47-(-E$25*(E47-D47)/(E$25-D$25)))/((E47-D47)/(E$25-D$25)),0) -> 0 | F74: =IF(AND(F$25>F$24,IF(ISNA(F$29),TRUE(),F47>=F$29),(F67-F47-(-F$25*(F47-E47)/(F$25-E$25)))/((F47-E47)/(F$25-E$25))<=F$25,(F67-F47-(-F$25*(F47-E47)/(F$25-E$25)))/((F47-E47)/(F$25-E$25))>E$25),(F67-F47-(-F$25*(F47-E47)/(F$25-E$25)))/((F47-E47)/(F$25-E$25)),0) -> 0 | G74: =IF(AND(G$25>G$24,IF(ISNA(G$29),TRUE(),G47>=G$29),(G67-G47-(-G$25*(G47-F47)/(G$25-F$25)))/((G47-F47)/(G$25-F$25))<=G$25,(G67-G47-(-G$25*(G47-F47)/(G$25-F$25)))/((G47-F47)/(G$25-F$25))>F$25),(G67-G47-(-G$25*(G47-F47)/(G$25-F$25)))/((G47-F47)/(G$25-F$25)),0) -> 0 | H74: =IF(AND(H$25>H$24,IF(ISNA(H$29),TRUE(),H47>=H$29),(H67-H47-(-H$25*(H47-G47)/(H$25-G$25)))/((H47-G47)/(H$25-G$25))<=H$25,(H67-H47-(-H$25*(H47-G47)/(H$25-G$25)))/((H47-G47)/(H$25-G$25))>G$25),(H67-H47-(-H$25*(H47-G47)/(H$25-G$25)))/((H47-G47)/(H$25-G$25)),0) -> 0 | I74: =IF(AND(I$25>I$24,IF(ISNA(I$29),TRUE(),I47>=I$29),(I67-I47-(-I$25*(I47-H47)/(I$25-H$25)))/((I47-H47)/(I$25-H$25))<=I$25,(I67-I47-(-I$25*(I47-H47)/(I$25-H$25)))/((I47-H47)/(I$25-H$25))>H$25),(I67-I47-(-I$25*(I47-H47)/(I$25-H$25)))/((I47-H47)/(I$25-H$25)),0) -> 0 | J74: =IF(AND(J$25>J$24,IF(ISNA(J$29),TRUE(),J47>=J$29),(J67-J47-(-J$25*(J47-I47)/(J$25-I$25)))/((J47-I47)/(J$25-I$25))<=J$25,(J67-J47-(-J$25*(J47-I47)/(J$25-I$25)))/((J47-I47)/(J$25-I$25))>I$25),(J67-J47-(-J$25*(J47-I47)/(J$25-I$25)))/((J47-I47)/(J$25-I$25)),0) -> 0 | K74: =IF(AND(K$25>K$24,IF(ISNA(K$29),TRUE(),K47>=K$29),(K67-K47-(-K$25*(K47-J47)/(K$25-J$25)))/((K47-J47)/(K$25-J$25))<=K$25,(K67-K47-(-K$25*(K47-J47)/(K$25-J$25)))/((K47-J47)/(K$25-J$25))>J$25),(K67-K47-(-K$25*(K47-J47)/(K$25-J$25)))/((K47-J47)/(K$25-J$25)),0) -> 0 | ... CG74: =IF(AND(CG$25>CG$24,IF(ISNA(CG$29),TRUE(),CG47>=CG$29),(CG67-CG47-(-CG$25*(CG47-CF47)/(CG$25-CF$25)))/((CG47-CF47)/(CG$25-CF$25))<=CG$25,(CG67-CG47-(-CG$25*(CG47-CF47)/(CG$25-CF$25)))/((CG47-CF47)/(CG$25-CF$25))>CF$25),(CG67-CG47-(-CG$25*(CG47-CF47)/(CG$25-CF$25)))/((CG47-CF47)/(CG$25-CF$25)),0) -> 0 | CH74: {=IF(MAX(D74:CG74),MAX(D74:CG74),INDIRECT(CI47))} -> 1.6419017
B75: fn where M(fn,Po,5π/12)=Mreq(Vin_max, Vout,5π/12 ) | D75: =IF(AND(D$25>D$24,IF(ISNA(D$29),TRUE(),D48>=D$29),(D68-D48-(-D$25*(D48-C48)/(D$25-C$25)))/((D48-C48)/(D$25-C$25))<=D$25,(D68-D48-(-D$25*(D48-C48)/(D$25-C$25)))/((D48-C48)/(D$25-C$25))>C$25),(D68-D48-(-D$25*(D48-C48)/(D$25-C$25)))/((D48-C48)/(D$25-C$25)),0) -> 0 | E75: =IF(AND(E$25>E$24,IF(ISNA(E$29),TRUE(),E48>=E$29),(E68-E48-(-E$25*(E48-D48)/(E$25-D$25)))/((E48-D48)/(E$25-D$25))<=E$25,(E68-E48-(-E$25*(E48-D48)/(E$25-D$25)))/((E48-D48)/(E$25-D$25))>D$25),(E68-E48-(-E$25*(E48-D48)/(E$25-D$25)))/((E48-D48)/(E$25-D$25)),0) -> 0 | F75: =IF(AND(F$25>F$24,IF(ISNA(F$29),TRUE(),F48>=F$29),(F68-F48-(-F$25*(F48-E48)/(F$25-E$25)))/((F48-E48)/(F$25-E$25))<=F$25,(F68-F48-(-F$25*(F48-E48)/(F$25-E$25)))/((F48-E48)/(F$25-E$25))>E$25),(F68-F48-(-F$25*(F48-E48)/(F$25-E$25)))/((F48-E48)/(F$25-E$25)),0) -> 0 | G75: =IF(AND(G$25>G$24,IF(ISNA(G$29),TRUE(),G48>=G$29),(G68-G48-(-G$25*(G48-F48)/(G$25-F$25)))/((G48-F48)/(G$25-F$25))<=G$25,(G68-G48-(-G$25*(G48-F48)/(G$25-F$25)))/((G48-F48)/(G$25-F$25))>F$25),(G68-G48-(-G$25*(G48-F48)/(G$25-F$25)))/((G48-F48)/(G$25-F$25)),0) -> 0 | H75: =IF(AND(H$25>H$24,IF(ISNA(H$29),TRUE(),H48>=H$29),(H68-H48-(-H$25*(H48-G48)/(H$25-G$25)))/((H48-G48)/(H$25-G$25))<=H$25,(H68-H48-(-H$25*(H48-G48)/(H$25-G$25)))/((H48-G48)/(H$25-G$25))>G$25),(H68-H48-(-H$25*(H48-G48)/(H$25-G$25)))/((H48-G48)/(H$25-G$25)),0) -> 0 | I75: =IF(AND(I$25>I$24,IF(ISNA(I$29),TRUE(),I48>=I$29),(I68-I48-(-I$25*(I48-H48)/(I$25-H$25)))/((I48-H48)/(I$25-H$25))<=I$25,(I68-I48-(-I$25*(I48-H48)/(I$25-H$25)))/((I48-H48)/(I$25-H$25))>H$25),(I68-I48-(-I$25*(I48-H48)/(I$25-H$25)))/((I48-H48)/(I$25-H$25)),0) -> 0 | J75: =IF(AND(J$25>J$24,IF(ISNA(J$29),TRUE(),J48>=J$29),(J68-J48-(-J$25*(J48-I48)/(J$25-I$25)))/((J48-I48)/(J$25-I$25))<=J$25,(J68-J48-(-J$25*(J48-I48)/(J$25-I$25)))/((J48-I48)/(J$25-I$25))>I$25),(J68-J48-(-J$25*(J48-I48)/(J$25-I$25)))/((J48-I48)/(J$25-I$25)),0) -> 0 | K75: =IF(AND(K$25>K$24,IF(ISNA(K$29),TRUE(),K48>=K$29),(K68-K48-(-K$25*(K48-J48)/(K$25-J$25)))/((K48-J48)/(K$25-J$25))<=K$25,(K68-K48-(-K$25*(K48-J48)/(K$25-J$25)))/((K48-J48)/(K$25-J$25))>J$25),(K68-K48-(-K$25*(K48-J48)/(K$25-J$25)))/((K48-J48)/(K$25-J$25)),0) -> 0 | ... CG75: =IF(AND(CG$25>CG$24,IF(ISNA(CG$29),TRUE(),CG48>=CG$29),(CG68-CG48-(-CG$25*(CG48-CF48)/(CG$25-CF$25)))/((CG48-CF48)/(CG$25-CF$25))<=CG$25,(CG68-CG48-(-CG$25*(CG48-CF48)/(CG$25-CF$25)))/((CG48-CF48)/(CG$25-CF$25))>CF$25),(CG68-CG48-(-CG$25*(CG48-CF48)/(CG$25-CF$25)))/((CG48-CF48)/(CG$25-CF$25)),0) -> 0 | CH75: {=IF(MAX(D75:CG75),MAX(D75:CG75),INDIRECT(CI48))} -> 1.6033068
B76: fn where M(fn,Po,π/3)=Mreq(Vin_max, Vout,π/3 ) | D76: =IF(AND(D$25>D$24,IF(ISNA(D$29),TRUE(),D49>=D$29),(D69-D49-(-D$25*(D49-C49)/(D$25-C$25)))/((D49-C49)/(D$25-C$25))<=D$25,(D69-D49-(-D$25*(D49-C49)/(D$25-C$25)))/((D49-C49)/(D$25-C$25))>C$25),(D69-D49-(-D$25*(D49-C49)/(D$25-C$25)))/((D49-C49)/(D$25-C$25)),0) -> 0 | E76: =IF(AND(E$25>E$24,IF(ISNA(E$29),TRUE(),E49>=E$29),(E69-E49-(-E$25*(E49-D49)/(E$25-D$25)))/((E49-D49)/(E$25-D$25))<=E$25,(E69-E49-(-E$25*(E49-D49)/(E$25-D$25)))/((E49-D49)/(E$25-D$25))>D$25),(E69-E49-(-E$25*(E49-D49)/(E$25-D$25)))/((E49-D49)/(E$25-D$25)),0) -> 0 | F76: =IF(AND(F$25>F$24,IF(ISNA(F$29),TRUE(),F49>=F$29),(F69-F49-(-F$25*(F49-E49)/(F$25-E$25)))/((F49-E49)/(F$25-E$25))<=F$25,(F69-F49-(-F$25*(F49-E49)/(F$25-E$25)))/((F49-E49)/(F$25-E$25))>E$25),(F69-F49-(-F$25*(F49-E49)/(F$25-E$25)))/((F49-E49)/(F$25-E$25)),0) -> 0 | G76: =IF(AND(G$25>G$24,IF(ISNA(G$29),TRUE(),G49>=G$29),(G69-G49-(-G$25*(G49-F49)/(G$25-F$25)))/((G49-F49)/(G$25-F$25))<=G$25,(G69-G49-(-G$25*(G49-F49)/(G$25-F$25)))/((G49-F49)/(G$25-F$25))>F$25),(G69-G49-(-G$25*(G49-F49)/(G$25-F$25)))/((G49-F49)/(G$25-F$25)),0) -> 0 | H76: =IF(AND(H$25>H$24,IF(ISNA(H$29),TRUE(),H49>=H$29),(H69-H49-(-H$25*(H49-G49)/(H$25-G$25)))/((H49-G49)/(H$25-G$25))<=H$25,(H69-H49-(-H$25*(H49-G49)/(H$25-G$25)))/((H49-G49)/(H$25-G$25))>G$25),(H69-H49-(-H$25*(H49-G49)/(H$25-G$25)))/((H49-G49)/(H$25-G$25)),0) -> 0 | I76: =IF(AND(I$25>I$24,IF(ISNA(I$29),TRUE(),I49>=I$29),(I69-I49-(-I$25*(I49-H49)/(I$25-H$25)))/((I49-H49)/(I$25-H$25))<=I$25,(I69-I49-(-I$25*(I49-H49)/(I$25-H$25)))/((I49-H49)/(I$25-H$25))>H$25),(I69-I49-(-I$25*(I49-H49)/(I$25-H$25)))/((I49-H49)/(I$25-H$25)),0) -> 0 | J76: =IF(AND(J$25>J$24,IF(ISNA(J$29),TRUE(),J49>=J$29),(J69-J49-(-J$25*(J49-I49)/(J$25-I$25)))/((J49-I49)/(J$25-I$25))<=J$25,(J69-J49-(-J$25*(J49-I49)/(J$25-I$25)))/((J49-I49)/(J$25-I$25))>I$25),(J69-J49-(-J$25*(J49-I49)/(J$25-I$25)))/((J49-I49)/(J$25-I$25)),0) -> 0 | K76: =IF(AND(K$25>K$24,IF(ISNA(K$29),TRUE(),K49>=K$29),(K69-K49-(-K$25*(K49-J49)/(K$25-J$25)))/((K49-J49)/(K$25-J$25))<=K$25,(K69-K49-(-K$25*(K49-J49)/(K$25-J$25)))/((K49-J49)/(K$25-J$25))>J$25),(K69-K49-(-K$25*(K49-J49)/(K$25-J$25)))/((K49-J49)/(K$25-J$25)),0) -> 0 | ... CG76: =IF(AND(CG$25>CG$24,IF(ISNA(CG$29),TRUE(),CG49>=CG$29),(CG69-CG49-(-CG$25*(CG49-CF49)/(CG$25-CF$25)))/((CG49-CF49)/(CG$25-CF$25))<=CG$25,(CG69-CG49-(-CG$25*(CG49-CF49)/(CG$25-CF$25)))/((CG49-CF49)/(CG$25-CF$25))>CF$25),(CG69-CG49-(-CG$25*(CG49-CF49)/(CG$25-CF$25)))/((CG49-CF49)/(CG$25-CF$25)),0) -> 0 | CH76: {=IF(MAX(D76:CG76),MAX(D76:CG76),INDIRECT(CI49))} -> 1.4372263
B77: fn where M(fn,Po,π/4)=Mreq(Vin_max, Vout,π/4 ) | D77: =IF(AND(D$25>D$24,IF(ISNA(D$29),TRUE(),D50>=D$29),(D70-D50-(-D$25*(D50-C50)/(D$25-C$25)))/((D50-C50)/(D$25-C$25))<=D$25,(D70-D50-(-D$25*(D50-C50)/(D$25-C$25)))/((D50-C50)/(D$25-C$25))>C$25),(D70-D50-(-D$25*(D50-C50)/(D$25-C$25)))/((D50-C50)/(D$25-C$25)),0) -> 0 | E77: =IF(AND(E$25>E$24,IF(ISNA(E$29),TRUE(),E50>=E$29),(E70-E50-(-E$25*(E50-D50)/(E$25-D$25)))/((E50-D50)/(E$25-D$25))<=E$25,(E70-E50-(-E$25*(E50-D50)/(E$25-D$25)))/((E50-D50)/(E$25-D$25))>D$25),(E70-E50-(-E$25*(E50-D50)/(E$25-D$25)))/((E50-D50)/(E$25-D$25)),0) -> 0 | F77: =IF(AND(F$25>F$24,IF(ISNA(F$29),TRUE(),F50>=F$29),(F70-F50-(-F$25*(F50-E50)/(F$25-E$25)))/((F50-E50)/(F$25-E$25))<=F$25,(F70-F50-(-F$25*(F50-E50)/(F$25-E$25)))/((F50-E50)/(F$25-E$25))>E$25),(F70-F50-(-F$25*(F50-E50)/(F$25-E$25)))/((F50-E50)/(F$25-E$25)),0) -> 0 | G77: =IF(AND(G$25>G$24,IF(ISNA(G$29),TRUE(),G50>=G$29),(G70-G50-(-G$25*(G50-F50)/(G$25-F$25)))/((G50-F50)/(G$25-F$25))<=G$25,(G70-G50-(-G$25*(G50-F50)/(G$25-F$25)))/((G50-F50)/(G$25-F$25))>F$25),(G70-G50-(-G$25*(G50-F50)/(G$25-F$25)))/((G50-F50)/(G$25-F$25)),0) -> 0 | H77: =IF(AND(H$25>H$24,IF(ISNA(H$29),TRUE(),H50>=H$29),(H70-H50-(-H$25*(H50-G50)/(H$25-G$25)))/((H50-G50)/(H$25-G$25))<=H$25,(H70-H50-(-H$25*(H50-G50)/(H$25-G$25)))/((H50-G50)/(H$25-G$25))>G$25),(H70-H50-(-H$25*(H50-G50)/(H$25-G$25)))/((H50-G50)/(H$25-G$25)),0) -> 0 | I77: =IF(AND(I$25>I$24,IF(ISNA(I$29),TRUE(),I50>=I$29),(I70-I50-(-I$25*(I50-H50)/(I$25-H$25)))/((I50-H50)/(I$25-H$25))<=I$25,(I70-I50-(-I$25*(I50-H50)/(I$25-H$25)))/((I50-H50)/(I$25-H$25))>H$25),(I70-I50-(-I$25*(I50-H50)/(I$25-H$25)))/((I50-H50)/(I$25-H$25)),0) -> 0 | J77: =IF(AND(J$25>J$24,IF(ISNA(J$29),TRUE(),J50>=J$29),(J70-J50-(-J$25*(J50-I50)/(J$25-I$25)))/((J50-I50)/(J$25-I$25))<=J$25,(J70-J50-(-J$25*(J50-I50)/(J$25-I$25)))/((J50-I50)/(J$25-I$25))>I$25),(J70-J50-(-J$25*(J50-I50)/(J$25-I$25)))/((J50-I50)/(J$25-I$25)),0) -> 0 | K77: =IF(AND(K$25>K$24,IF(ISNA(K$29),TRUE(),K50>=K$29),(K70-K50-(-K$25*(K50-J50)/(K$25-J$25)))/((K50-J50)/(K$25-J$25))<=K$25,(K70-K50-(-K$25*(K50-J50)/(K$25-J$25)))/((K50-J50)/(K$25-J$25))>J$25),(K70-K50-(-K$25*(K50-J50)/(K$25-J$25)))/((K50-J50)/(K$25-J$25)),0) -> 0 | ... CG77: =IF(AND(CG$25>CG$24,IF(ISNA(CG$29),TRUE(),CG50>=CG$29),(CG70-CG50-(-CG$25*(CG50-CF50)/(CG$25-CF$25)))/((CG50-CF50)/(CG$25-CF$25))<=CG$25,(CG70-CG50-(-CG$25*(CG50-CF50)/(CG$25-CF$25)))/((CG50-CF50)/(CG$25-CF$25))>CF$25),(CG70-CG50-(-CG$25*(CG50-CF50)/(CG$25-CF$25)))/((CG50-CF50)/(CG$25-CF$25)),0) -> 0 | CH77: {=IF(MAX(D77:CG77),MAX(D77:CG77),INDIRECT(CI50))} -> 1.1081911
B78: fn where M(fn,Po,π/6)=Mreq(Vin_max, Vout,π/6 ) | D78: =IF(AND(D$25>D$24,IF(ISNA(D$29),TRUE(),D51>=D$29),(D71-D51-(-D$25*(D51-C51)/(D$25-C$25)))/((D51-C51)/(D$25-C$25))<=D$25,(D71-D51-(-D$25*(D51-C51)/(D$25-C$25)))/((D51-C51)/(D$25-C$25))>C$25),(D71-D51-(-D$25*(D51-C51)/(D$25-C$25)))/((D51-C51)/(D$25-C$25)),0) -> 0 | E78: =IF(AND(E$25>E$24,IF(ISNA(E$29),TRUE(),E51>=E$29),(E71-E51-(-E$25*(E51-D51)/(E$25-D$25)))/((E51-D51)/(E$25-D$25))<=E$25,(E71-E51-(-E$25*(E51-D51)/(E$25-D$25)))/((E51-D51)/(E$25-D$25))>D$25),(E71-E51-(-E$25*(E51-D51)/(E$25-D$25)))/((E51-D51)/(E$25-D$25)),0) -> 0 | F78: =IF(AND(F$25>F$24,IF(ISNA(F$29),TRUE(),F51>=F$29),(F71-F51-(-F$25*(F51-E51)/(F$25-E$25)))/((F51-E51)/(F$25-E$25))<=F$25,(F71-F51-(-F$25*(F51-E51)/(F$25-E$25)))/((F51-E51)/(F$25-E$25))>E$25),(F71-F51-(-F$25*(F51-E51)/(F$25-E$25)))/((F51-E51)/(F$25-E$25)),0) -> 0 | G78: =IF(AND(G$25>G$24,IF(ISNA(G$29),TRUE(),G51>=G$29),(G71-G51-(-G$25*(G51-F51)/(G$25-F$25)))/((G51-F51)/(G$25-F$25))<=G$25,(G71-G51-(-G$25*(G51-F51)/(G$25-F$25)))/((G51-F51)/(G$25-F$25))>F$25),(G71-G51-(-G$25*(G51-F51)/(G$25-F$25)))/((G51-F51)/(G$25-F$25)),0) -> 0 | H78: =IF(AND(H$25>H$24,IF(ISNA(H$29),TRUE(),H51>=H$29),(H71-H51-(-H$25*(H51-G51)/(H$25-G$25)))/((H51-G51)/(H$25-G$25))<=H$25,(H71-H51-(-H$25*(H51-G51)/(H$25-G$25)))/((H51-G51)/(H$25-G$25))>G$25),(H71-H51-(-H$25*(H51-G51)/(H$25-G$25)))/((H51-G51)/(H$25-G$25)),0) -> 0 | I78: =IF(AND(I$25>I$24,IF(ISNA(I$29),TRUE(),I51>=I$29),(I71-I51-(-I$25*(I51-H51)/(I$25-H$25)))/((I51-H51)/(I$25-H$25))<=I$25,(I71-I51-(-I$25*(I51-H51)/(I$25-H$25)))/((I51-H51)/(I$25-H$25))>H$25),(I71-I51-(-I$25*(I51-H51)/(I$25-H$25)))/((I51-H51)/(I$25-H$25)),0) -> 0 | J78: =IF(AND(J$25>J$24,IF(ISNA(J$29),TRUE(),J51>=J$29),(J71-J51-(-J$25*(J51-I51)/(J$25-I$25)))/((J51-I51)/(J$25-I$25))<=J$25,(J71-J51-(-J$25*(J51-I51)/(J$25-I$25)))/((J51-I51)/(J$25-I$25))>I$25),(J71-J51-(-J$25*(J51-I51)/(J$25-I$25)))/((J51-I51)/(J$25-I$25)),0) -> 0 | K78: =IF(AND(K$25>K$24,IF(ISNA(K$29),TRUE(),K51>=K$29),(K71-K51-(-K$25*(K51-J51)/(K$25-J$25)))/((K51-J51)/(K$25-J$25))<=K$25,(K71-K51-(-K$25*(K51-J51)/(K$25-J$25)))/((K51-J51)/(K$25-J$25))>J$25),(K71-K51-(-K$25*(K51-J51)/(K$25-J$25)))/((K51-J51)/(K$25-J$25)),0) -> 0 | ... CG78: =IF(AND(CG$25>CG$24,IF(ISNA(CG$29),TRUE(),CG51>=CG$29),(CG71-CG51-(-CG$25*(CG51-CF51)/(CG$25-CF$25)))/((CG51-CF51)/(CG$25-CF$25))<=CG$25,(CG71-CG51-(-CG$25*(CG51-CF51)/(CG$25-CF$25)))/((CG51-CF51)/(CG$25-CF$25))>CF$25),(CG71-CG51-(-CG$25*(CG51-CF51)/(CG$25-CF$25)))/((CG51-CF51)/(CG$25-CF$25)),0) -> 0 | CH78: {=IF(MAX(D78:CG78),MAX(D78:CG78),INDIRECT(CI51))} -> 0.8439058
B79: fn where M(fn,Po,π/12)=Mreq(Vin_max, Vout,π/12 ) | D79: =IF(AND(D$25>D$24,IF(ISNA(D$29),TRUE(),D52>=D$29),(D72-D52-(-D$25*(D52-C52)/(D$25-C$25)))/((D52-C52)/(D$25-C$25))<=D$25,(D72-D52-(-D$25*(D52-C52)/(D$25-C$25)))/((D52-C52)/(D$25-C$25))>C$25),(D72-D52-(-D$25*(D52-C52)/(D$25-C$25)))/((D52-C52)/(D$25-C$25)),0) -> 0 | E79: =IF(AND(E$25>E$24,IF(ISNA(E$29),TRUE(),E52>=E$29),(E72-E52-(-E$25*(E52-D52)/(E$25-D$25)))/((E52-D52)/(E$25-D$25))<=E$25,(E72-E52-(-E$25*(E52-D52)/(E$25-D$25)))/((E52-D52)/(E$25-D$25))>D$25),(E72-E52-(-E$25*(E52-D52)/(E$25-D$25)))/((E52-D52)/(E$25-D$25)),0) -> 0 | F79: =IF(AND(F$25>F$24,IF(ISNA(F$29),TRUE(),F52>=F$29),(F72-F52-(-F$25*(F52-E52)/(F$25-E$25)))/((F52-E52)/(F$25-E$25))<=F$25,(F72-F52-(-F$25*(F52-E52)/(F$25-E$25)))/((F52-E52)/(F$25-E$25))>E$25),(F72-F52-(-F$25*(F52-E52)/(F$25-E$25)))/((F52-E52)/(F$25-E$25)),0) -> 0 | G79: =IF(AND(G$25>G$24,IF(ISNA(G$29),TRUE(),G52>=G$29),(G72-G52-(-G$25*(G52-F52)/(G$25-F$25)))/((G52-F52)/(G$25-F$25))<=G$25,(G72-G52-(-G$25*(G52-F52)/(G$25-F$25)))/((G52-F52)/(G$25-F$25))>F$25),(G72-G52-(-G$25*(G52-F52)/(G$25-F$25)))/((G52-F52)/(G$25-F$25)),0) -> 0 | H79: =IF(AND(H$25>H$24,IF(ISNA(H$29),TRUE(),H52>=H$29),(H72-H52-(-H$25*(H52-G52)/(H$25-G$25)))/((H52-G52)/(H$25-G$25))<=H$25,(H72-H52-(-H$25*(H52-G52)/(H$25-G$25)))/((H52-G52)/(H$25-G$25))>G$25),(H72-H52-(-H$25*(H52-G52)/(H$25-G$25)))/((H52-G52)/(H$25-G$25)),0) -> 0 | I79: =IF(AND(I$25>I$24,IF(ISNA(I$29),TRUE(),I52>=I$29),(I72-I52-(-I$25*(I52-H52)/(I$25-H$25)))/((I52-H52)/(I$25-H$25))<=I$25,(I72-I52-(-I$25*(I52-H52)/(I$25-H$25)))/((I52-H52)/(I$25-H$25))>H$25),(I72-I52-(-I$25*(I52-H52)/(I$25-H$25)))/((I52-H52)/(I$25-H$25)),0) -> 0 | J79: =IF(AND(J$25>J$24,IF(ISNA(J$29),TRUE(),J52>=J$29),(J72-J52-(-J$25*(J52-I52)/(J$25-I$25)))/((J52-I52)/(J$25-I$25))<=J$25,(J72-J52-(-J$25*(J52-I52)/(J$25-I$25)))/((J52-I52)/(J$25-I$25))>I$25),(J72-J52-(-J$25*(J52-I52)/(J$25-I$25)))/((J52-I52)/(J$25-I$25)),0) -> 0 | K79: =IF(AND(K$25>K$24,IF(ISNA(K$29),TRUE(),K52>=K$29),(K72-K52-(-K$25*(K52-J52)/(K$25-J$25)))/((K52-J52)/(K$25-J$25))<=K$25,(K72-K52-(-K$25*(K52-J52)/(K$25-J$25)))/((K52-J52)/(K$25-J$25))>J$25),(K72-K52-(-K$25*(K52-J52)/(K$25-J$25)))/((K52-J52)/(K$25-J$25)),0) -> 0 | ... CG79: =IF(AND(CG$25>CG$24,IF(ISNA(CG$29),TRUE(),CG52>=CG$29),(CG72-CG52-(-CG$25*(CG52-CF52)/(CG$25-CF$25)))/((CG52-CF52)/(CG$25-CF$25))<=CG$25,(CG72-CG52-(-CG$25*(CG52-CF52)/(CG$25-CF$25)))/((CG52-CF52)/(CG$25-CF$25))>CF$25),(CG72-CG52-(-CG$25*(CG52-CF52)/(CG$25-CF$25)))/((CG52-CF52)/(CG$25-CF$25)),0) -> 0 | CH79: {=IF(MAX(D79:CG79),MAX(D79:CG79),INDIRECT(CI52))} -> 0.69256184
B81: Mreq(Vin_nom, Vout,π/2 ) | C81: =2*C$10*(C$5+C$11*C$6)/(SQRT(2)*C$8*SIN(C33)) -> 0.94659599 | D81: =2*D$10*(D$5+D$11*D$6)/(SQRT(2)*D$8*SIN(D33)) -> 0.94659599 | E81: =2*E$10*(E$5+E$11*E$6)/(SQRT(2)*E$8*SIN(E33)) -> 0.94659599 | F81: =2*F$10*(F$5+F$11*F$6)/(SQRT(2)*F$8*SIN(F33)) -> 0.94659599 | G81: =2*G$10*(G$5+G$11*G$6)/(SQRT(2)*G$8*SIN(G33)) -> 0.94659599 | H81: =2*H$10*(H$5+H$11*H$6)/(SQRT(2)*H$8*SIN(H33)) -> 0.94659599 | I81: =2*I$10*(I$5+I$11*I$6)/(SQRT(2)*I$8*SIN(I33)) -> 0.94659599 | J81: =2*J$10*(J$5+J$11*J$6)/(SQRT(2)*J$8*SIN(J33)) -> 0.94659599 | ... CG81: =2*CG$10*(CG$5+CG$11*CG$6)/(SQRT(2)*CG$8*SIN(CG33)) -> 0.94659599
B82: Mreq(Vin_nom, Vout,5π/12 ) | C82: =2*C$10*(C$5+C$11*C$6)/(SQRT(2)*C$8*SIN(C34)) -> 0.97998828 | D82: =2*D$10*(D$5+D$11*D$6)/(SQRT(2)*D$8*SIN(D34)) -> 0.97998828 | E82: =2*E$10*(E$5+E$11*E$6)/(SQRT(2)*E$8*SIN(E34)) -> 0.97998828 | F82: =2*F$10*(F$5+F$11*F$6)/(SQRT(2)*F$8*SIN(F34)) -> 0.97998828 | G82: =2*G$10*(G$5+G$11*G$6)/(SQRT(2)*G$8*SIN(G34)) -> 0.97998828 | H82: =2*H$10*(H$5+H$11*H$6)/(SQRT(2)*H$8*SIN(H34)) -> 0.97998828 | I82: =2*I$10*(I$5+I$11*I$6)/(SQRT(2)*I$8*SIN(I34)) -> 0.97998828 | J82: =2*J$10*(J$5+J$11*J$6)/(SQRT(2)*J$8*SIN(J34)) -> 0.97998828 | ... CG82: =2*CG$10*(CG$5+CG$11*CG$6)/(SQRT(2)*CG$8*SIN(CG34)) -> 0.97998828
B83: Mreq(Vin_nom, Vout,π/3 ) | C83: =2*C$10*(C$5+C$11*C$6)/(SQRT(2)*C$8*SIN(C35)) -> 1.0930349 | D83: =2*D$10*(D$5+D$11*D$6)/(SQRT(2)*D$8*SIN(D35)) -> 1.0930349 | E83: =2*E$10*(E$5+E$11*E$6)/(SQRT(2)*E$8*SIN(E35)) -> 1.0930349 | F83: =2*F$10*(F$5+F$11*F$6)/(SQRT(2)*F$8*SIN(F35)) -> 1.0930349 | G83: =2*G$10*(G$5+G$11*G$6)/(SQRT(2)*G$8*SIN(G35)) -> 1.0930349 | H83: =2*H$10*(H$5+H$11*H$6)/(SQRT(2)*H$8*SIN(H35)) -> 1.0930349 | I83: =2*I$10*(I$5+I$11*I$6)/(SQRT(2)*I$8*SIN(I35)) -> 1.0930349 | J83: =2*J$10*(J$5+J$11*J$6)/(SQRT(2)*J$8*SIN(J35)) -> 1.0930349 | ... CG83: =2*CG$10*(CG$5+CG$11*CG$6)/(SQRT(2)*CG$8*SIN(CG35)) -> 1.0930349
B84: Mreq(Vin_nom, Vout,π/4 ) | C84: =2*C$10*(C$5+C$11*C$6)/(SQRT(2)*C$8*SIN(C36)) -> 1.3386889 | D84: =2*D$10*(D$5+D$11*D$6)/(SQRT(2)*D$8*SIN(D36)) -> 1.3386889 | E84: =2*E$10*(E$5+E$11*E$6)/(SQRT(2)*E$8*SIN(E36)) -> 1.3386889 | F84: =2*F$10*(F$5+F$11*F$6)/(SQRT(2)*F$8*SIN(F36)) -> 1.3386889 | G84: =2*G$10*(G$5+G$11*G$6)/(SQRT(2)*G$8*SIN(G36)) -> 1.3386889 | H84: =2*H$10*(H$5+H$11*H$6)/(SQRT(2)*H$8*SIN(H36)) -> 1.3386889 | I84: =2*I$10*(I$5+I$11*I$6)/(SQRT(2)*I$8*SIN(I36)) -> 1.3386889 | J84: =2*J$10*(J$5+J$11*J$6)/(SQRT(2)*J$8*SIN(J36)) -> 1.3386889 | ... CG84: =2*CG$10*(CG$5+CG$11*CG$6)/(SQRT(2)*CG$8*SIN(CG36)) -> 1.3386889
B85: Mreq(Vin_nom, Vout,π/6 ) | C85: =2*C$10*(C$5+C$11*C$6)/(SQRT(2)*C$8*SIN(C37)) -> 1.893192 | D85: =2*D$10*(D$5+D$11*D$6)/(SQRT(2)*D$8*SIN(D37)) -> 1.893192 | E85: =2*E$10*(E$5+E$11*E$6)/(SQRT(2)*E$8*SIN(E37)) -> 1.893192 | F85: =2*F$10*(F$5+F$11*F$6)/(SQRT(2)*F$8*SIN(F37)) -> 1.893192 | G85: =2*G$10*(G$5+G$11*G$6)/(SQRT(2)*G$8*SIN(G37)) -> 1.893192 | H85: =2*H$10*(H$5+H$11*H$6)/(SQRT(2)*H$8*SIN(H37)) -> 1.893192 | I85: =2*I$10*(I$5+I$11*I$6)/(SQRT(2)*I$8*SIN(I37)) -> 1.893192 | J85: =2*J$10*(J$5+J$11*J$6)/(SQRT(2)*J$8*SIN(J37)) -> 1.893192 | ... CG85: =2*CG$10*(CG$5+CG$11*CG$6)/(SQRT(2)*CG$8*SIN(CG37)) -> 1.893192
B86: Mreq(Vin_nom, Vout,π/12 ) | C86: =2*C$10*(C$5+C$11*C$6)/(SQRT(2)*C$8*SIN(C38)) -> 3.6573661 | D86: =2*D$10*(D$5+D$11*D$6)/(SQRT(2)*D$8*SIN(D38)) -> 3.6573661 | E86: =2*E$10*(E$5+E$11*E$6)/(SQRT(2)*E$8*SIN(E38)) -> 3.6573661 | F86: =2*F$10*(F$5+F$11*F$6)/(SQRT(2)*F$8*SIN(F38)) -> 3.6573661 | G86: =2*G$10*(G$5+G$11*G$6)/(SQRT(2)*G$8*SIN(G38)) -> 3.6573661 | H86: =2*H$10*(H$5+H$11*H$6)/(SQRT(2)*H$8*SIN(H38)) -> 3.6573661 | I86: =2*I$10*(I$5+I$11*I$6)/(SQRT(2)*I$8*SIN(I38)) -> 3.6573661 | J86: =2*J$10*(J$5+J$11*J$6)/(SQRT(2)*J$8*SIN(J38)) -> 3.6573661 | ... CG86: =2*CG$10*(CG$5+CG$11*CG$6)/(SQRT(2)*CG$8*SIN(CG38)) -> 3.6573661
B88: fn where M(fn,Po,π/2)=Mreq(Vin_nom, Vout,π/2 ) | D88: =IF(AND(D$25>D$24,IF(ISNA(D$29),TRUE(),D47>=D$29),(D81-D47-(-D$25*(D47-C47)/(D$25-C$25)))/((D47-C47)/(D$25-C$25))<=D$25,(D81-D47-(-D$25*(D47-C47)/(D$25-C$25)))/((D47-C47)/(D$25-C$25))>C$25),(D81-D47-(-D$25*(D47-C47)/(D$25-C$25)))/((D47-C47)/(D$25-C$25)),0) -> 0 | E88: =IF(AND(E$25>E$24,IF(ISNA(E$29),TRUE(),E47>=E$29),(E81-E47-(-E$25*(E47-D47)/(E$25-D$25)))/((E47-D47)/(E$25-D$25))<=E$25,(E81-E47-(-E$25*(E47-D47)/(E$25-D$25)))/((E47-D47)/(E$25-D$25))>D$25),(E81-E47-(-E$25*(E47-D47)/(E$25-D$25)))/((E47-D47)/(E$25-D$25)),0) -> 0 | F88: =IF(AND(F$25>F$24,IF(ISNA(F$29),TRUE(),F47>=F$29),(F81-F47-(-F$25*(F47-E47)/(F$25-E$25)))/((F47-E47)/(F$25-E$25))<=F$25,(F81-F47-(-F$25*(F47-E47)/(F$25-E$25)))/((F47-E47)/(F$25-E$25))>E$25),(F81-F47-(-F$25*(F47-E47)/(F$25-E$25)))/((F47-E47)/(F$25-E$25)),0) -> 0 | G88: =IF(AND(G$25>G$24,IF(ISNA(G$29),TRUE(),G47>=G$29),(G81-G47-(-G$25*(G47-F47)/(G$25-F$25)))/((G47-F47)/(G$25-F$25))<=G$25,(G81-G47-(-G$25*(G47-F47)/(G$25-F$25)))/((G47-F47)/(G$25-F$25))>F$25),(G81-G47-(-G$25*(G47-F47)/(G$25-F$25)))/((G47-F47)/(G$25-F$25)),0) -> 0 | H88: =IF(AND(H$25>H$24,IF(ISNA(H$29),TRUE(),H47>=H$29),(H81-H47-(-H$25*(H47-G47)/(H$25-G$25)))/((H47-G47)/(H$25-G$25))<=H$25,(H81-H47-(-H$25*(H47-G47)/(H$25-G$25)))/((H47-G47)/(H$25-G$25))>G$25),(H81-H47-(-H$25*(H47-G47)/(H$25-G$25)))/((H47-G47)/(H$25-G$25)),0) -> 0 | I88: =IF(AND(I$25>I$24,IF(ISNA(I$29),TRUE(),I47>=I$29),(I81-I47-(-I$25*(I47-H47)/(I$25-H$25)))/((I47-H47)/(I$25-H$25))<=I$25,(I81-I47-(-I$25*(I47-H47)/(I$25-H$25)))/((I47-H47)/(I$25-H$25))>H$25),(I81-I47-(-I$25*(I47-H47)/(I$25-H$25)))/((I47-H47)/(I$25-H$25)),0) -> 0 | J88: =IF(AND(J$25>J$24,IF(ISNA(J$29),TRUE(),J47>=J$29),(J81-J47-(-J$25*(J47-I47)/(J$25-I$25)))/((J47-I47)/(J$25-I$25))<=J$25,(J81-J47-(-J$25*(J47-I47)/(J$25-I$25)))/((J47-I47)/(J$25-I$25))>I$25),(J81-J47-(-J$25*(J47-I47)/(J$25-I$25)))/((J47-I47)/(J$25-I$25)),0) -> 0 | K88: =IF(AND(K$25>K$24,IF(ISNA(K$29),TRUE(),K47>=K$29),(K81-K47-(-K$25*(K47-J47)/(K$25-J$25)))/((K47-J47)/(K$25-J$25))<=K$25,(K81-K47-(-K$25*(K47-J47)/(K$25-J$25)))/((K47-J47)/(K$25-J$25))>J$25),(K81-K47-(-K$25*(K47-J47)/(K$25-J$25)))/((K47-J47)/(K$25-J$25)),0) -> 0 | ... CG88: =IF(AND(CG$25>CG$24,IF(ISNA(CG$29),TRUE(),CG47>=CG$29),(CG81-CG47-(-CG$25*(CG47-CF47)/(CG$25-CF$25)))/((CG47-CF47)/(CG$25-CF$25))<=CG$25,(CG81-CG47-(-CG$25*(CG47-CF47)/(CG$25-CF$25)))/((CG47-CF47)/(CG$25-CF$25))>CF$25),(CG81-CG47-(-CG$25*(CG47-CF47)/(CG$25-CF$25)))/((CG47-CF47)/(CG$25-CF$25)),0) -> 0 | CH88: {=IF(MAX(D88:CG88),MAX(D88:CG88),INDIRECT(CI47))} -> 1.0556783
B89: fn where M(fn,Po,5π/12)=Mreq(Vin_nom, Vout,5π/12 ) | D89: =IF(AND(D$25>D$24,IF(ISNA(D$29),TRUE(),D48>=D$29),(D82-D48-(-D$25*(D48-C48)/(D$25-C$25)))/((D48-C48)/(D$25-C$25))<=D$25,(D82-D48-(-D$25*(D48-C48)/(D$25-C$25)))/((D48-C48)/(D$25-C$25))>C$25),(D82-D48-(-D$25*(D48-C48)/(D$25-C$25)))/((D48-C48)/(D$25-C$25)),0) -> 0 | E89: =IF(AND(E$25>E$24,IF(ISNA(E$29),TRUE(),E48>=E$29),(E82-E48-(-E$25*(E48-D48)/(E$25-D$25)))/((E48-D48)/(E$25-D$25))<=E$25,(E82-E48-(-E$25*(E48-D48)/(E$25-D$25)))/((E48-D48)/(E$25-D$25))>D$25),(E82-E48-(-E$25*(E48-D48)/(E$25-D$25)))/((E48-D48)/(E$25-D$25)),0) -> 0 | F89: =IF(AND(F$25>F$24,IF(ISNA(F$29),TRUE(),F48>=F$29),(F82-F48-(-F$25*(F48-E48)/(F$25-E$25)))/((F48-E48)/(F$25-E$25))<=F$25,(F82-F48-(-F$25*(F48-E48)/(F$25-E$25)))/((F48-E48)/(F$25-E$25))>E$25),(F82-F48-(-F$25*(F48-E48)/(F$25-E$25)))/((F48-E48)/(F$25-E$25)),0) -> 0 | G89: =IF(AND(G$25>G$24,IF(ISNA(G$29),TRUE(),G48>=G$29),(G82-G48-(-G$25*(G48-F48)/(G$25-F$25)))/((G48-F48)/(G$25-F$25))<=G$25,(G82-G48-(-G$25*(G48-F48)/(G$25-F$25)))/((G48-F48)/(G$25-F$25))>F$25),(G82-G48-(-G$25*(G48-F48)/(G$25-F$25)))/((G48-F48)/(G$25-F$25)),0) -> 0 | H89: =IF(AND(H$25>H$24,IF(ISNA(H$29),TRUE(),H48>=H$29),(H82-H48-(-H$25*(H48-G48)/(H$25-G$25)))/((H48-G48)/(H$25-G$25))<=H$25,(H82-H48-(-H$25*(H48-G48)/(H$25-G$25)))/((H48-G48)/(H$25-G$25))>G$25),(H82-H48-(-H$25*(H48-G48)/(H$25-G$25)))/((H48-G48)/(H$25-G$25)),0) -> 0 | I89: =IF(AND(I$25>I$24,IF(ISNA(I$29),TRUE(),I48>=I$29),(I82-I48-(-I$25*(I48-H48)/(I$25-H$25)))/((I48-H48)/(I$25-H$25))<=I$25,(I82-I48-(-I$25*(I48-H48)/(I$25-H$25)))/((I48-H48)/(I$25-H$25))>H$25),(I82-I48-(-I$25*(I48-H48)/(I$25-H$25)))/((I48-H48)/(I$25-H$25)),0) -> 0 | J89: =IF(AND(J$25>J$24,IF(ISNA(J$29),TRUE(),J48>=J$29),(J82-J48-(-J$25*(J48-I48)/(J$25-I$25)))/((J48-I48)/(J$25-I$25))<=J$25,(J82-J48-(-J$25*(J48-I48)/(J$25-I$25)))/((J48-I48)/(J$25-I$25))>I$25),(J82-J48-(-J$25*(J48-I48)/(J$25-I$25)))/((J48-I48)/(J$25-I$25)),0) -> 0 | K89: =IF(AND(K$25>K$24,IF(ISNA(K$29),TRUE(),K48>=K$29),(K82-K48-(-K$25*(K48-J48)/(K$25-J$25)))/((K48-J48)/(K$25-J$25))<=K$25,(K82-K48-(-K$25*(K48-J48)/(K$25-J$25)))/((K48-J48)/(K$25-J$25))>J$25),(K82-K48-(-K$25*(K48-J48)/(K$25-J$25)))/((K48-J48)/(K$25-J$25)),0) -> 0 | ... CG89: =IF(AND(CG$25>CG$24,IF(ISNA(CG$29),TRUE(),CG48>=CG$29),(CG82-CG48-(-CG$25*(CG48-CF48)/(CG$25-CF$25)))/((CG48-CF48)/(CG$25-CF$25))<=CG$25,(CG82-CG48-(-CG$25*(CG48-CF48)/(CG$25-CF$25)))/((CG48-CF48)/(CG$25-CF$25))>CF$25),(CG82-CG48-(-CG$25*(CG48-CF48)/(CG$25-CF$25)))/((CG48-CF48)/(CG$25-CF$25)),0) -> 0 | CH89: {=IF(MAX(D89:CG89),MAX(D89:CG89),INDIRECT(CI48))} -> 1.0210808
B90: fn where M(fn,Po,π/3)=Mreq(Vin_nom, Vout,π/3 ) | D90: =IF(AND(D$25>D$24,IF(ISNA(D$29),TRUE(),D49>=D$29),(D83-D49-(-D$25*(D49-C49)/(D$25-C$25)))/((D49-C49)/(D$25-C$25))<=D$25,(D83-D49-(-D$25*(D49-C49)/(D$25-C$25)))/((D49-C49)/(D$25-C$25))>C$25),(D83-D49-(-D$25*(D49-C49)/(D$25-C$25)))/((D49-C49)/(D$25-C$25)),0) -> 0 | E90: =IF(AND(E$25>E$24,IF(ISNA(E$29),TRUE(),E49>=E$29),(E83-E49-(-E$25*(E49-D49)/(E$25-D$25)))/((E49-D49)/(E$25-D$25))<=E$25,(E83-E49-(-E$25*(E49-D49)/(E$25-D$25)))/((E49-D49)/(E$25-D$25))>D$25),(E83-E49-(-E$25*(E49-D49)/(E$25-D$25)))/((E49-D49)/(E$25-D$25)),0) -> 0 | F90: =IF(AND(F$25>F$24,IF(ISNA(F$29),TRUE(),F49>=F$29),(F83-F49-(-F$25*(F49-E49)/(F$25-E$25)))/((F49-E49)/(F$25-E$25))<=F$25,(F83-F49-(-F$25*(F49-E49)/(F$25-E$25)))/((F49-E49)/(F$25-E$25))>E$25),(F83-F49-(-F$25*(F49-E49)/(F$25-E$25)))/((F49-E49)/(F$25-E$25)),0) -> 0 | G90: =IF(AND(G$25>G$24,IF(ISNA(G$29),TRUE(),G49>=G$29),(G83-G49-(-G$25*(G49-F49)/(G$25-F$25)))/((G49-F49)/(G$25-F$25))<=G$25,(G83-G49-(-G$25*(G49-F49)/(G$25-F$25)))/((G49-F49)/(G$25-F$25))>F$25),(G83-G49-(-G$25*(G49-F49)/(G$25-F$25)))/((G49-F49)/(G$25-F$25)),0) -> 0 | H90: =IF(AND(H$25>H$24,IF(ISNA(H$29),TRUE(),H49>=H$29),(H83-H49-(-H$25*(H49-G49)/(H$25-G$25)))/((H49-G49)/(H$25-G$25))<=H$25,(H83-H49-(-H$25*(H49-G49)/(H$25-G$25)))/((H49-G49)/(H$25-G$25))>G$25),(H83-H49-(-H$25*(H49-G49)/(H$25-G$25)))/((H49-G49)/(H$25-G$25)),0) -> 0 | I90: =IF(AND(I$25>I$24,IF(ISNA(I$29),TRUE(),I49>=I$29),(I83-I49-(-I$25*(I49-H49)/(I$25-H$25)))/((I49-H49)/(I$25-H$25))<=I$25,(I83-I49-(-I$25*(I49-H49)/(I$25-H$25)))/((I49-H49)/(I$25-H$25))>H$25),(I83-I49-(-I$25*(I49-H49)/(I$25-H$25)))/((I49-H49)/(I$25-H$25)),0) -> 0 | J90: =IF(AND(J$25>J$24,IF(ISNA(J$29),TRUE(),J49>=J$29),(J83-J49-(-J$25*(J49-I49)/(J$25-I$25)))/((J49-I49)/(J$25-I$25))<=J$25,(J83-J49-(-J$25*(J49-I49)/(J$25-I$25)))/((J49-I49)/(J$25-I$25))>I$25),(J83-J49-(-J$25*(J49-I49)/(J$25-I$25)))/((J49-I49)/(J$25-I$25)),0) -> 0 | K90: =IF(AND(K$25>K$24,IF(ISNA(K$29),TRUE(),K49>=K$29),(K83-K49-(-K$25*(K49-J49)/(K$25-J$25)))/((K49-J49)/(K$25-J$25))<=K$25,(K83-K49-(-K$25*(K49-J49)/(K$25-J$25)))/((K49-J49)/(K$25-J$25))>J$25),(K83-K49-(-K$25*(K49-J49)/(K$25-J$25)))/((K49-J49)/(K$25-J$25)),0) -> 0 | ... CG90: =IF(AND(CG$25>CG$24,IF(ISNA(CG$29),TRUE(),CG49>=CG$29),(CG83-CG49-(-CG$25*(CG49-CF49)/(CG$25-CF$25)))/((CG49-CF49)/(CG$25-CF$25))<=CG$25,(CG83-CG49-(-CG$25*(CG49-CF49)/(CG$25-CF$25)))/((CG49-CF49)/(CG$25-CF$25))>CF$25),(CG83-CG49-(-CG$25*(CG49-CF49)/(CG$25-CF$25)))/((CG49-CF49)/(CG$25-CF$25)),0) -> 0 | CH90: {=IF(MAX(D90:CG90),MAX(D90:CG90),INDIRECT(CI49))} -> 0.92760516
B91: fn where M(fn,Po,π/4)=Mreq(Vin_nom, Vout,π/4 ) | D91: =IF(AND(D$25>D$24,IF(ISNA(D$29),TRUE(),D50>=D$29),(D84-D50-(-D$25*(D50-C50)/(D$25-C$25)))/((D50-C50)/(D$25-C$25))<=D$25,(D84-D50-(-D$25*(D50-C50)/(D$25-C$25)))/((D50-C50)/(D$25-C$25))>C$25),(D84-D50-(-D$25*(D50-C50)/(D$25-C$25)))/((D50-C50)/(D$25-C$25)),0) -> 0 | E91: =IF(AND(E$25>E$24,IF(ISNA(E$29),TRUE(),E50>=E$29),(E84-E50-(-E$25*(E50-D50)/(E$25-D$25)))/((E50-D50)/(E$25-D$25))<=E$25,(E84-E50-(-E$25*(E50-D50)/(E$25-D$25)))/((E50-D50)/(E$25-D$25))>D$25),(E84-E50-(-E$25*(E50-D50)/(E$25-D$25)))/((E50-D50)/(E$25-D$25)),0) -> 0 | F91: =IF(AND(F$25>F$24,IF(ISNA(F$29),TRUE(),F50>=F$29),(F84-F50-(-F$25*(F50-E50)/(F$25-E$25)))/((F50-E50)/(F$25-E$25))<=F$25,(F84-F50-(-F$25*(F50-E50)/(F$25-E$25)))/((F50-E50)/(F$25-E$25))>E$25),(F84-F50-(-F$25*(F50-E50)/(F$25-E$25)))/((F50-E50)/(F$25-E$25)),0) -> 0 | G91: =IF(AND(G$25>G$24,IF(ISNA(G$29),TRUE(),G50>=G$29),(G84-G50-(-G$25*(G50-F50)/(G$25-F$25)))/((G50-F50)/(G$25-F$25))<=G$25,(G84-G50-(-G$25*(G50-F50)/(G$25-F$25)))/((G50-F50)/(G$25-F$25))>F$25),(G84-G50-(-G$25*(G50-F50)/(G$25-F$25)))/((G50-F50)/(G$25-F$25)),0) -> 0 | H91: =IF(AND(H$25>H$24,IF(ISNA(H$29),TRUE(),H50>=H$29),(H84-H50-(-H$25*(H50-G50)/(H$25-G$25)))/((H50-G50)/(H$25-G$25))<=H$25,(H84-H50-(-H$25*(H50-G50)/(H$25-G$25)))/((H50-G50)/(H$25-G$25))>G$25),(H84-H50-(-H$25*(H50-G50)/(H$25-G$25)))/((H50-G50)/(H$25-G$25)),0) -> 0 | I91: =IF(AND(I$25>I$24,IF(ISNA(I$29),TRUE(),I50>=I$29),(I84-I50-(-I$25*(I50-H50)/(I$25-H$25)))/((I50-H50)/(I$25-H$25))<=I$25,(I84-I50-(-I$25*(I50-H50)/(I$25-H$25)))/((I50-H50)/(I$25-H$25))>H$25),(I84-I50-(-I$25*(I50-H50)/(I$25-H$25)))/((I50-H50)/(I$25-H$25)),0) -> 0 | J91: =IF(AND(J$25>J$24,IF(ISNA(J$29),TRUE(),J50>=J$29),(J84-J50-(-J$25*(J50-I50)/(J$25-I$25)))/((J50-I50)/(J$25-I$25))<=J$25,(J84-J50-(-J$25*(J50-I50)/(J$25-I$25)))/((J50-I50)/(J$25-I$25))>I$25),(J84-J50-(-J$25*(J50-I50)/(J$25-I$25)))/((J50-I50)/(J$25-I$25)),0) -> 0 | K91: =IF(AND(K$25>K$24,IF(ISNA(K$29),TRUE(),K50>=K$29),(K84-K50-(-K$25*(K50-J50)/(K$25-J$25)))/((K50-J50)/(K$25-J$25))<=K$25,(K84-K50-(-K$25*(K50-J50)/(K$25-J$25)))/((K50-J50)/(K$25-J$25))>J$25),(K84-K50-(-K$25*(K50-J50)/(K$25-J$25)))/((K50-J50)/(K$25-J$25)),0) -> 0 | ... CG91: =IF(AND(CG$25>CG$24,IF(ISNA(CG$29),TRUE(),CG50>=CG$29),(CG84-CG50-(-CG$25*(CG50-CF50)/(CG$25-CF$25)))/((CG50-CF50)/(CG$25-CF$25))<=CG$25,(CG84-CG50-(-CG$25*(CG50-CF50)/(CG$25-CF$25)))/((CG50-CF50)/(CG$25-CF$25))>CF$25),(CG84-CG50-(-CG$25*(CG50-CF50)/(CG$25-CF$25)))/((CG50-CF50)/(CG$25-CF$25)),0) -> 0 | CH91: {=IF(MAX(D91:CG91),MAX(D91:CG91),INDIRECT(CI50))} -> 0.8197138
B92: fn where M(fn,Po,π/6)=Mreq(Vin_nom, Vout,π/6 ) | D92: =IF(AND(D$25>D$24,IF(ISNA(D$29),TRUE(),D51>=D$29),(D85-D51-(-D$25*(D51-C51)/(D$25-C$25)))/((D51-C51)/(D$25-C$25))<=D$25,(D85-D51-(-D$25*(D51-C51)/(D$25-C$25)))/((D51-C51)/(D$25-C$25))>C$25),(D85-D51-(-D$25*(D51-C51)/(D$25-C$25)))/((D51-C51)/(D$25-C$25)),0) -> 0 | E92: =IF(AND(E$25>E$24,IF(ISNA(E$29),TRUE(),E51>=E$29),(E85-E51-(-E$25*(E51-D51)/(E$25-D$25)))/((E51-D51)/(E$25-D$25))<=E$25,(E85-E51-(-E$25*(E51-D51)/(E$25-D$25)))/((E51-D51)/(E$25-D$25))>D$25),(E85-E51-(-E$25*(E51-D51)/(E$25-D$25)))/((E51-D51)/(E$25-D$25)),0) -> 0 | F92: =IF(AND(F$25>F$24,IF(ISNA(F$29),TRUE(),F51>=F$29),(F85-F51-(-F$25*(F51-E51)/(F$25-E$25)))/((F51-E51)/(F$25-E$25))<=F$25,(F85-F51-(-F$25*(F51-E51)/(F$25-E$25)))/((F51-E51)/(F$25-E$25))>E$25),(F85-F51-(-F$25*(F51-E51)/(F$25-E$25)))/((F51-E51)/(F$25-E$25)),0) -> 0 | G92: =IF(AND(G$25>G$24,IF(ISNA(G$29),TRUE(),G51>=G$29),(G85-G51-(-G$25*(G51-F51)/(G$25-F$25)))/((G51-F51)/(G$25-F$25))<=G$25,(G85-G51-(-G$25*(G51-F51)/(G$25-F$25)))/((G51-F51)/(G$25-F$25))>F$25),(G85-G51-(-G$25*(G51-F51)/(G$25-F$25)))/((G51-F51)/(G$25-F$25)),0) -> 0 | H92: =IF(AND(H$25>H$24,IF(ISNA(H$29),TRUE(),H51>=H$29),(H85-H51-(-H$25*(H51-G51)/(H$25-G$25)))/((H51-G51)/(H$25-G$25))<=H$25,(H85-H51-(-H$25*(H51-G51)/(H$25-G$25)))/((H51-G51)/(H$25-G$25))>G$25),(H85-H51-(-H$25*(H51-G51)/(H$25-G$25)))/((H51-G51)/(H$25-G$25)),0) -> 0 | I92: =IF(AND(I$25>I$24,IF(ISNA(I$29),TRUE(),I51>=I$29),(I85-I51-(-I$25*(I51-H51)/(I$25-H$25)))/((I51-H51)/(I$25-H$25))<=I$25,(I85-I51-(-I$25*(I51-H51)/(I$25-H$25)))/((I51-H51)/(I$25-H$25))>H$25),(I85-I51-(-I$25*(I51-H51)/(I$25-H$25)))/((I51-H51)/(I$25-H$25)),0) -> 0 | J92: =IF(AND(J$25>J$24,IF(ISNA(J$29),TRUE(),J51>=J$29),(J85-J51-(-J$25*(J51-I51)/(J$25-I$25)))/((J51-I51)/(J$25-I$25))<=J$25,(J85-J51-(-J$25*(J51-I51)/(J$25-I$25)))/((J51-I51)/(J$25-I$25))>I$25),(J85-J51-(-J$25*(J51-I51)/(J$25-I$25)))/((J51-I51)/(J$25-I$25)),0) -> 0 | K92: =IF(AND(K$25>K$24,IF(ISNA(K$29),TRUE(),K51>=K$29),(K85-K51-(-K$25*(K51-J51)/(K$25-J$25)))/((K51-J51)/(K$25-J$25))<=K$25,(K85-K51-(-K$25*(K51-J51)/(K$25-J$25)))/((K51-J51)/(K$25-J$25))>J$25),(K85-K51-(-K$25*(K51-J51)/(K$25-J$25)))/((K51-J51)/(K$25-J$25)),0) -> 0 | ... CG92: =IF(AND(CG$25>CG$24,IF(ISNA(CG$29),TRUE(),CG51>=CG$29),(CG85-CG51-(-CG$25*(CG51-CF51)/(CG$25-CF$25)))/((CG51-CF51)/(CG$25-CF$25))<=CG$25,(CG85-CG51-(-CG$25*(CG51-CF51)/(CG$25-CF$25)))/((CG51-CF51)/(CG$25-CF$25))>CF$25),(CG85-CG51-(-CG$25*(CG51-CF51)/(CG$25-CF$25)))/((CG51-CF51)/(CG$25-CF$25)),0) -> 0 | CH92: {=IF(MAX(D92:CG92),MAX(D92:CG92),INDIRECT(CI51))} -> 0.72875748
B93: fn where M(fn,Po,π/12)=Mreq(Vin_nom, Vout,π/12 ) | D93: =IF(AND(D$25>D$24,IF(ISNA(D$29),TRUE(),D52>=D$29),(D86-D52-(-D$25*(D52-C52)/(D$25-C$25)))/((D52-C52)/(D$25-C$25))<=D$25,(D86-D52-(-D$25*(D52-C52)/(D$25-C$25)))/((D52-C52)/(D$25-C$25))>C$25),(D86-D52-(-D$25*(D52-C52)/(D$25-C$25)))/((D52-C52)/(D$25-C$25)),0) -> 0 | E93: =IF(AND(E$25>E$24,IF(ISNA(E$29),TRUE(),E52>=E$29),(E86-E52-(-E$25*(E52-D52)/(E$25-D$25)))/((E52-D52)/(E$25-D$25))<=E$25,(E86-E52-(-E$25*(E52-D52)/(E$25-D$25)))/((E52-D52)/(E$25-D$25))>D$25),(E86-E52-(-E$25*(E52-D52)/(E$25-D$25)))/((E52-D52)/(E$25-D$25)),0) -> 0 | F93: =IF(AND(F$25>F$24,IF(ISNA(F$29),TRUE(),F52>=F$29),(F86-F52-(-F$25*(F52-E52)/(F$25-E$25)))/((F52-E52)/(F$25-E$25))<=F$25,(F86-F52-(-F$25*(F52-E52)/(F$25-E$25)))/((F52-E52)/(F$25-E$25))>E$25),(F86-F52-(-F$25*(F52-E52)/(F$25-E$25)))/((F52-E52)/(F$25-E$25)),0) -> 0 | G93: =IF(AND(G$25>G$24,IF(ISNA(G$29),TRUE(),G52>=G$29),(G86-G52-(-G$25*(G52-F52)/(G$25-F$25)))/((G52-F52)/(G$25-F$25))<=G$25,(G86-G52-(-G$25*(G52-F52)/(G$25-F$25)))/((G52-F52)/(G$25-F$25))>F$25),(G86-G52-(-G$25*(G52-F52)/(G$25-F$25)))/((G52-F52)/(G$25-F$25)),0) -> 0 | H93: =IF(AND(H$25>H$24,IF(ISNA(H$29),TRUE(),H52>=H$29),(H86-H52-(-H$25*(H52-G52)/(H$25-G$25)))/((H52-G52)/(H$25-G$25))<=H$25,(H86-H52-(-H$25*(H52-G52)/(H$25-G$25)))/((H52-G52)/(H$25-G$25))>G$25),(H86-H52-(-H$25*(H52-G52)/(H$25-G$25)))/((H52-G52)/(H$25-G$25)),0) -> 0 | I93: =IF(AND(I$25>I$24,IF(ISNA(I$29),TRUE(),I52>=I$29),(I86-I52-(-I$25*(I52-H52)/(I$25-H$25)))/((I52-H52)/(I$25-H$25))<=I$25,(I86-I52-(-I$25*(I52-H52)/(I$25-H$25)))/((I52-H52)/(I$25-H$25))>H$25),(I86-I52-(-I$25*(I52-H52)/(I$25-H$25)))/((I52-H52)/(I$25-H$25)),0) -> 0 | J93: =IF(AND(J$25>J$24,IF(ISNA(J$29),TRUE(),J52>=J$29),(J86-J52-(-J$25*(J52-I52)/(J$25-I$25)))/((J52-I52)/(J$25-I$25))<=J$25,(J86-J52-(-J$25*(J52-I52)/(J$25-I$25)))/((J52-I52)/(J$25-I$25))>I$25),(J86-J52-(-J$25*(J52-I52)/(J$25-I$25)))/((J52-I52)/(J$25-I$25)),0) -> 0 | K93: =IF(AND(K$25>K$24,IF(ISNA(K$29),TRUE(),K52>=K$29),(K86-K52-(-K$25*(K52-J52)/(K$25-J$25)))/((K52-J52)/(K$25-J$25))<=K$25,(K86-K52-(-K$25*(K52-J52)/(K$25-J$25)))/((K52-J52)/(K$25-J$25))>J$25),(K86-K52-(-K$25*(K52-J52)/(K$25-J$25)))/((K52-J52)/(K$25-J$25)),0) -> 0 | ... CG93: =IF(AND(CG$25>CG$24,IF(ISNA(CG$29),TRUE(),CG52>=CG$29),(CG86-CG52-(-CG$25*(CG52-CF52)/(CG$25-CF$25)))/((CG52-CF52)/(CG$25-CF$25))<=CG$25,(CG86-CG52-(-CG$25*(CG52-CF52)/(CG$25-CF$25)))/((CG52-CF52)/(CG$25-CF$25))>CF$25),(CG86-CG52-(-CG$25*(CG52-CF52)/(CG$25-CF$25)))/((CG52-CF52)/(CG$25-CF$25)),0) -> 0 | CH93: {=IF(MAX(D93:CG93),MAX(D93:CG93),INDIRECT(CI52))} -> 0.65603016
B95: Q(100% Po,π/2 ) | C95: =(C$40/(C$10^2))*((PI()^2)/4)*(C12*100/C$39)*(((SIN(C$33))^2)/(C$5+C$11*C$6)^2) -> 0.76549334 | D95: =(D$40/(D$10^2))*((PI()^2)/4)*(D12*100/D$39)*(((SIN(D$33))^2)/(D$5+D$11*D$6)^2) -> 0.76549334 | E95: =(E$40/(E$10^2))*((PI()^2)/4)*(E12*100/E$39)*(((SIN(E$33))^2)/(E$5+E$11*E$6)^2) -> 0.76549334 | F95: =(F$40/(F$10^2))*((PI()^2)/4)*(F12*100/F$39)*(((SIN(F$33))^2)/(F$5+F$11*F$6)^2) -> 0.76549334 | G95: =(G$40/(G$10^2))*((PI()^2)/4)*(G12*100/G$39)*(((SIN(G$33))^2)/(G$5+G$11*G$6)^2) -> 0.76549334 | H95: =(H$40/(H$10^2))*((PI()^2)/4)*(H12*100/H$39)*(((SIN(H$33))^2)/(H$5+H$11*H$6)^2) -> 0.76549334 | I95: =(I$40/(I$10^2))*((PI()^2)/4)*(I12*100/I$39)*(((SIN(I$33))^2)/(I$5+I$11*I$6)^2) -> 0.76549334 | J95: =(J$40/(J$10^2))*((PI()^2)/4)*(J12*100/J$39)*(((SIN(J$33))^2)/(J$5+J$11*J$6)^2) -> 0.76549334 | ... CG95: =(CG$40/(CG$10^2))*((PI()^2)/4)*(CG12*100/CG$39)*(((SIN(CG$33))^2)/(CG$5+CG$11*CG$6)^2) -> 0.76549334
B96: Q(75% Po,π/2 ) | C96: =(C$40/(C$10^2))*((PI()^2)/4)*(C13*100/C$39)*(((SIN(C$33))^2)/(C$5+C$11*C$6)^2) -> 0.57412 | D96: =(D$40/(D$10^2))*((PI()^2)/4)*(D13*100/D$39)*(((SIN(D$33))^2)/(D$5+D$11*D$6)^2) -> 0.57412 | E96: =(E$40/(E$10^2))*((PI()^2)/4)*(E13*100/E$39)*(((SIN(E$33))^2)/(E$5+E$11*E$6)^2) -> 0.57412 | F96: =(F$40/(F$10^2))*((PI()^2)/4)*(F13*100/F$39)*(((SIN(F$33))^2)/(F$5+F$11*F$6)^2) -> 0.57412 | G96: =(G$40/(G$10^2))*((PI()^2)/4)*(G13*100/G$39)*(((SIN(G$33))^2)/(G$5+G$11*G$6)^2) -> 0.57412 | H96: =(H$40/(H$10^2))*((PI()^2)/4)*(H13*100/H$39)*(((SIN(H$33))^2)/(H$5+H$11*H$6)^2) -> 0.57412 | I96: =(I$40/(I$10^2))*((PI()^2)/4)*(I13*100/I$39)*(((SIN(I$33))^2)/(I$5+I$11*I$6)^2) -> 0.57412 | J96: =(J$40/(J$10^2))*((PI()^2)/4)*(J13*100/J$39)*(((SIN(J$33))^2)/(J$5+J$11*J$6)^2) -> 0.57412 | ... CG96: =(CG$40/(CG$10^2))*((PI()^2)/4)*(CG13*100/CG$39)*(((SIN(CG$33))^2)/(CG$5+CG$11*CG$6)^2) -> 0.57412
B97: Q(50% Po,π/2 ) | C97: =(C$40/(C$10^2))*((PI()^2)/4)*(C14*100/C$39)*(((SIN(C$33))^2)/(C$5+C$11*C$6)^2) -> 0.38274667 | D97: =(D$40/(D$10^2))*((PI()^2)/4)*(D14*100/D$39)*(((SIN(D$33))^2)/(D$5+D$11*D$6)^2) -> 0.38274667 | E97: =(E$40/(E$10^2))*((PI()^2)/4)*(E14*100/E$39)*(((SIN(E$33))^2)/(E$5+E$11*E$6)^2) -> 0.38274667 | F97: =(F$40/(F$10^2))*((PI()^2)/4)*(F14*100/F$39)*(((SIN(F$33))^2)/(F$5+F$11*F$6)^2) -> 0.38274667 | G97: =(G$40/(G$10^2))*((PI()^2)/4)*(G14*100/G$39)*(((SIN(G$33))^2)/(G$5+G$11*G$6)^2) -> 0.38274667 | H97: =(H$40/(H$10^2))*((PI()^2)/4)*(H14*100/H$39)*(((SIN(H$33))^2)/(H$5+H$11*H$6)^2) -> 0.38274667 | I97: =(I$40/(I$10^2))*((PI()^2)/4)*(I14*100/I$39)*(((SIN(I$33))^2)/(I$5+I$11*I$6)^2) -> 0.38274667 | J97: =(J$40/(J$10^2))*((PI()^2)/4)*(J14*100/J$39)*(((SIN(J$33))^2)/(J$5+J$11*J$6)^2) -> 0.38274667 | ... CG97: =(CG$40/(CG$10^2))*((PI()^2)/4)*(CG14*100/CG$39)*(((SIN(CG$33))^2)/(CG$5+CG$11*CG$6)^2) -> 0.38274667
B98: Q(25% Po,π/2 ) | C98: =(C$40/(C$10^2))*((PI()^2)/4)*(C15*100/C$39)*(((SIN(C$33))^2)/(C$5+C$11*C$6)^2) -> 0.19137333 | D98: =(D$40/(D$10^2))*((PI()^2)/4)*(D15*100/D$39)*(((SIN(D$33))^2)/(D$5+D$11*D$6)^2) -> 0.19137333 | E98: =(E$40/(E$10^2))*((PI()^2)/4)*(E15*100/E$39)*(((SIN(E$33))^2)/(E$5+E$11*E$6)^2) -> 0.19137333 | F98: =(F$40/(F$10^2))*((PI()^2)/4)*(F15*100/F$39)*(((SIN(F$33))^2)/(F$5+F$11*F$6)^2) -> 0.19137333 | G98: =(G$40/(G$10^2))*((PI()^2)/4)*(G15*100/G$39)*(((SIN(G$33))^2)/(G$5+G$11*G$6)^2) -> 0.19137333 | H98: =(H$40/(H$10^2))*((PI()^2)/4)*(H15*100/H$39)*(((SIN(H$33))^2)/(H$5+H$11*H$6)^2) -> 0.19137333 | I98: =(I$40/(I$10^2))*((PI()^2)/4)*(I15*100/I$39)*(((SIN(I$33))^2)/(I$5+I$11*I$6)^2) -> 0.19137333 | J98: =(J$40/(J$10^2))*((PI()^2)/4)*(J15*100/J$39)*(((SIN(J$33))^2)/(J$5+J$11*J$6)^2) -> 0.19137333 | ... CG98: =(CG$40/(CG$10^2))*((PI()^2)/4)*(CG15*100/CG$39)*(((SIN(CG$33))^2)/(CG$5+CG$11*CG$6)^2) -> 0.19137333
B99: M(fn,100% Po,π/2) | C99: =1/((1+(C$23*(1-(1/(C$25^2)))))^2+(C95*(C$25-(1/C$25)))^2)^0.5 -> 1.8181819e-08 | D99: =1/((1+(D$23*(1-(1/(D$25^2)))))^2+(D95*(D$25-(1/D$25)))^2)^0.5 -> 0.00045832292 | E99: =1/((1+(E$23*(1-(1/(E$25^2)))))^2+(E95*(E$25-(1/E$25)))^2)^0.5 -> 0.0016793989 | F99: =1/((1+(F$23*(1-(1/(F$25^2)))))^2+(F95*(F$25-(1/F$25)))^2)^0.5 -> 0.0036724062 | G99: =1/((1+(G$23*(1-(1/(G$25^2)))))^2+(G95*(G$25-(1/G$25)))^2)^0.5 -> 0.0064467082 | H99: =1/((1+(H$23*(1-(1/(H$25^2)))))^2+(H95*(H$25-(1/H$25)))^2)^0.5 -> 0.010015417 | I99: =1/((1+(I$23*(1-(1/(I$25^2)))))^2+(I95*(I$25-(1/I$25)))^2)^0.5 -> 0.014395535 | J99: =1/((1+(J$23*(1-(1/(J$25^2)))))^2+(J95*(J$25-(1/J$25)))^2)^0.5 -> 0.019608132 | ... CG99: =1/((1+(CG$23*(1-(1/(CG$25^2)))))^2+(CG95*(CG$25-(1/CG$25)))^2)^0.5 -> 0.50538302
B100: M(fn,75% Po,π/2) | C100: =1/((1+(C$23*(1-(1/(C$25^2)))))^2+(C96*(C$25-(1/C$25)))^2)^0.5 -> 1.8181819e-08 | D100: =1/((1+(D$23*(1-(1/(D$25^2)))))^2+(D96*(D$25-(1/D$25)))^2)^0.5 -> 0.00045837189 | E100: =1/((1+(E$23*(1-(1/(E$25^2)))))^2+(E96*(E$25-(1/E$25)))^2)^0.5 -> 0.0016800565 | F100: =1/((1+(F$23*(1-(1/(F$25^2)))))^2+(F96*(F$25-(1/F$25)))^2)^0.5 -> 0.0036755525 | G100: =1/((1+(G$23*(1-(1/(G$25^2)))))^2+(G96*(G$25-(1/G$25)))^2)^0.5 -> 0.0064564109 | H100: =1/((1+(H$23*(1-(1/(H$25^2)))))^2+(H96*(H$25-(1/H$25)))^2)^0.5 -> 0.010038858 | I100: =1/((1+(I$23*(1-(1/(I$25^2)))))^2+(I96*(I$25-(1/I$25)))^2)^0.5 -> 0.014444021 | J100: =1/((1+(J$23*(1-(1/(J$25^2)))))^2+(J96*(J$25-(1/J$25)))^2)^0.5 -> 0.019698217 | ... CG100: =1/((1+(CG$23*(1-(1/(CG$25^2)))))^2+(CG96*(CG$25-(1/CG$25)))^2)^0.5 -> 0.567228
B101: M(fn,50% Po,π/2) | C101: =1/((1+(C$23*(1-(1/(C$25^2)))))^2+(C97*(C$25-(1/C$25)))^2)^0.5 -> 1.8181819e-08 | D101: =1/((1+(D$23*(1-(1/(D$25^2)))))^2+(D97*(D$25-(1/D$25)))^2)^0.5 -> 0.00045840687 | E101: =1/((1+(E$23*(1-(1/(E$25^2)))))^2+(E97*(E$25-(1/E$25)))^2)^0.5 -> 0.0016805267 | F101: =1/((1+(F$23*(1-(1/(F$25^2)))))^2+(F97*(F$25-(1/F$25)))^2)^0.5 -> 0.0036778048 | G101: =1/((1+(G$23*(1-(1/(G$25^2)))))^2+(G97*(G$25-(1/G$25)))^2)^0.5 -> 0.0064633684 | H101: =1/((1+(H$23*(1-(1/(H$25^2)))))^2+(H97*(H$25-(1/H$25)))^2)^0.5 -> 0.010055703 | I101: =1/((1+(I$23*(1-(1/(I$25^2)))))^2+(I97*(I$25-(1/I$25)))^2)^0.5 -> 0.014478955 | J101: =1/((1+(J$23*(1-(1/(J$25^2)))))^2+(J97*(J$25-(1/J$25)))^2)^0.5 -> 0.01976333 | ... CG101: =1/((1+(CG$23*(1-(1/(CG$25^2)))))^2+(CG97*(CG$25-(1/CG$25)))^2)^0.5 -> 0.6285154
B102: M(fn,25% Po,π/2) | C102: =1/((1+(C$23*(1-(1/(C$25^2)))))^2+(C98*(C$25-(1/C$25)))^2)^0.5 -> 1.8181819e-08 | D102: =1/((1+(D$23*(1-(1/(D$25^2)))))^2+(D98*(D$25-(1/D$25)))^2)^0.5 -> 0.00045842786 | E102: =1/((1+(E$23*(1-(1/(E$25^2)))))^2+(E98*(E$25-(1/E$25)))^2)^0.5 -> 0.001680809 | F102: =1/((1+(F$23*(1-(1/(F$25^2)))))^2+(F98*(F$25-(1/F$25)))^2)^0.5 -> 0.0036791582 | G102: =1/((1+(G$23*(1-(1/(G$25^2)))))^2+(G98*(G$25-(1/G$25)))^2)^0.5 -> 0.0064675536 | H102: =1/((1+(H$23*(1-(1/(H$25^2)))))^2+(H98*(H$25-(1/H$25)))^2)^0.5 -> 0.010065851 | I102: =1/((1+(I$23*(1-(1/(I$25^2)))))^2+(I98*(I$25-(1/I$25)))^2)^0.5 -> 0.014500037 | J102: =1/((1+(J$23*(1-(1/(J$25^2)))))^2+(J98*(J$25-(1/J$25)))^2)^0.5 -> 0.019802708 | ... CG102: =1/((1+(CG$23*(1-(1/(CG$25^2)))))^2+(CG98*(CG$25-(1/CG$25)))^2)^0.5 -> 0.67643377
B104: Q(100% Po,π/4 ) | C104: =(C$40/(C$10^2))*((PI()^2)/4)*(C12*100/C$39)*(((SIN(C$36))^2)/(C$5+C$11*C$6)^2) -> 0.38274667 | D104: =(D$40/(D$10^2))*((PI()^2)/4)*(D12*100/D$39)*(((SIN(D$36))^2)/(D$5+D$11*D$6)^2) -> 0.38274667 | E104: =(E$40/(E$10^2))*((PI()^2)/4)*(E12*100/E$39)*(((SIN(E$36))^2)/(E$5+E$11*E$6)^2) -> 0.38274667 | F104: =(F$40/(F$10^2))*((PI()^2)/4)*(F12*100/F$39)*(((SIN(F$36))^2)/(F$5+F$11*F$6)^2) -> 0.38274667 | G104: =(G$40/(G$10^2))*((PI()^2)/4)*(G12*100/G$39)*(((SIN(G$36))^2)/(G$5+G$11*G$6)^2) -> 0.38274667 | H104: =(H$40/(H$10^2))*((PI()^2)/4)*(H12*100/H$39)*(((SIN(H$36))^2)/(H$5+H$11*H$6)^2) -> 0.38274667 | I104: =(I$40/(I$10^2))*((PI()^2)/4)*(I12*100/I$39)*(((SIN(I$36))^2)/(I$5+I$11*I$6)^2) -> 0.38274667 | J104: =(J$40/(J$10^2))*((PI()^2)/4)*(J12*100/J$39)*(((SIN(J$36))^2)/(J$5+J$11*J$6)^2) -> 0.38274667 | ... CG104: =(CG$40/(CG$10^2))*((PI()^2)/4)*(CG12*100/CG$39)*(((SIN(CG$36))^2)/(CG$5+CG$11*CG$6)^2) -> 0.38274667
B105: Q(75% Po,π/4 ) | C105: =(C$40/(C$10^2))*((PI()^2)/4)*(C13*100/C$39)*(((SIN(C$36))^2)/(C$5+C$11*C$6)^2) -> 0.28706 | D105: =(D$40/(D$10^2))*((PI()^2)/4)*(D13*100/D$39)*(((SIN(D$36))^2)/(D$5+D$11*D$6)^2) -> 0.28706 | E105: =(E$40/(E$10^2))*((PI()^2)/4)*(E13*100/E$39)*(((SIN(E$36))^2)/(E$5+E$11*E$6)^2) -> 0.28706 | F105: =(F$40/(F$10^2))*((PI()^2)/4)*(F13*100/F$39)*(((SIN(F$36))^2)/(F$5+F$11*F$6)^2) -> 0.28706 | G105: =(G$40/(G$10^2))*((PI()^2)/4)*(G13*100/G$39)*(((SIN(G$36))^2)/(G$5+G$11*G$6)^2) -> 0.28706 | H105: =(H$40/(H$10^2))*((PI()^2)/4)*(H13*100/H$39)*(((SIN(H$36))^2)/(H$5+H$11*H$6)^2) -> 0.28706 | I105: =(I$40/(I$10^2))*((PI()^2)/4)*(I13*100/I$39)*(((SIN(I$36))^2)/(I$5+I$11*I$6)^2) -> 0.28706 | J105: =(J$40/(J$10^2))*((PI()^2)/4)*(J13*100/J$39)*(((SIN(J$36))^2)/(J$5+J$11*J$6)^2) -> 0.28706 | ... CG105: =(CG$40/(CG$10^2))*((PI()^2)/4)*(CG13*100/CG$39)*(((SIN(CG$36))^2)/(CG$5+CG$11*CG$6)^2) -> 0.28706
B106: Q(50% Po,π/4) | C106: =(C$40/(C$10^2))*((PI()^2)/4)*(C14*100/C$39)*(((SIN(C$36))^2)/(C$5+C$11*C$6)^2) -> 0.19137333 | D106: =(D$40/(D$10^2))*((PI()^2)/4)*(D14*100/D$39)*(((SIN(D$36))^2)/(D$5+D$11*D$6)^2) -> 0.19137333 | E106: =(E$40/(E$10^2))*((PI()^2)/4)*(E14*100/E$39)*(((SIN(E$36))^2)/(E$5+E$11*E$6)^2) -> 0.19137333 | F106: =(F$40/(F$10^2))*((PI()^2)/4)*(F14*100/F$39)*(((SIN(F$36))^2)/(F$5+F$11*F$6)^2) -> 0.19137333 | G106: =(G$40/(G$10^2))*((PI()^2)/4)*(G14*100/G$39)*(((SIN(G$36))^2)/(G$5+G$11*G$6)^2) -> 0.19137333 | H106: =(H$40/(H$10^2))*((PI()^2)/4)*(H14*100/H$39)*(((SIN(H$36))^2)/(H$5+H$11*H$6)^2) -> 0.19137333 | I106: =(I$40/(I$10^2))*((PI()^2)/4)*(I14*100/I$39)*(((SIN(I$36))^2)/(I$5+I$11*I$6)^2) -> 0.19137333 | J106: =(J$40/(J$10^2))*((PI()^2)/4)*(J14*100/J$39)*(((SIN(J$36))^2)/(J$5+J$11*J$6)^2) -> 0.19137333 | ... CG106: =(CG$40/(CG$10^2))*((PI()^2)/4)*(CG14*100/CG$39)*(((SIN(CG$36))^2)/(CG$5+CG$11*CG$6)^2) -> 0.19137333
B107: Q(25% Po,π/4 ) | C107: =(C$40/(C$10^2))*((PI()^2)/4)*(C15*100/C$39)*(((SIN(C$36))^2)/(C$5+C$11*C$6)^2) -> 0.095686667 | D107: =(D$40/(D$10^2))*((PI()^2)/4)*(D15*100/D$39)*(((SIN(D$36))^2)/(D$5+D$11*D$6)^2) -> 0.095686667 | E107: =(E$40/(E$10^2))*((PI()^2)/4)*(E15*100/E$39)*(((SIN(E$36))^2)/(E$5+E$11*E$6)^2) -> 0.095686667 | F107: =(F$40/(F$10^2))*((PI()^2)/4)*(F15*100/F$39)*(((SIN(F$36))^2)/(F$5+F$11*F$6)^2) -> 0.095686667 | G107: =(G$40/(G$10^2))*((PI()^2)/4)*(G15*100/G$39)*(((SIN(G$36))^2)/(G$5+G$11*G$6)^2) -> 0.095686667 | H107: =(H$40/(H$10^2))*((PI()^2)/4)*(H15*100/H$39)*(((SIN(H$36))^2)/(H$5+H$11*H$6)^2) -> 0.095686667 | I107: =(I$40/(I$10^2))*((PI()^2)/4)*(I15*100/I$39)*(((SIN(I$36))^2)/(I$5+I$11*I$6)^2) -> 0.095686667 | J107: =(J$40/(J$10^2))*((PI()^2)/4)*(J15*100/J$39)*(((SIN(J$36))^2)/(J$5+J$11*J$6)^2) -> 0.095686667 | ... CG107: =(CG$40/(CG$10^2))*((PI()^2)/4)*(CG15*100/CG$39)*(((SIN(CG$36))^2)/(CG$5+CG$11*CG$6)^2) -> 0.095686667
B108: M(fn,100% Po,π/4) | C108: =1/((1+(C$23*(1-(1/(C$25^2)))))^2+(C104*(C$25-(1/C$25)))^2)^0.5 -> 1.8181819e-08 | D108: =1/((1+(D$23*(1-(1/(D$25^2)))))^2+(D104*(D$25-(1/D$25)))^2)^0.5 -> 0.00045840687 | E108: =1/((1+(E$23*(1-(1/(E$25^2)))))^2+(E104*(E$25-(1/E$25)))^2)^0.5 -> 0.0016805267 | F108: =1/((1+(F$23*(1-(1/(F$25^2)))))^2+(F104*(F$25-(1/F$25)))^2)^0.5 -> 0.0036778048 | G108: =1/((1+(G$23*(1-(1/(G$25^2)))))^2+(G104*(G$25-(1/G$25)))^2)^0.5 -> 0.0064633684 | H108: =1/((1+(H$23*(1-(1/(H$25^2)))))^2+(H104*(H$25-(1/H$25)))^2)^0.5 -> 0.010055703 | I108: =1/((1+(I$23*(1-(1/(I$25^2)))))^2+(I104*(I$25-(1/I$25)))^2)^0.5 -> 0.014478955 | J108: =1/((1+(J$23*(1-(1/(J$25^2)))))^2+(J104*(J$25-(1/J$25)))^2)^0.5 -> 0.01976333 | ... CG108: =1/((1+(CG$23*(1-(1/(CG$25^2)))))^2+(CG104*(CG$25-(1/CG$25)))^2)^0.5 -> 0.6285154
B109: M(fn,75% Po,π/4) | C109: =1/((1+(C$23*(1-(1/(C$25^2)))))^2+(C105*(C$25-(1/C$25)))^2)^0.5 -> 1.8181819e-08 | D109: =1/((1+(D$23*(1-(1/(D$25^2)))))^2+(D105*(D$25-(1/D$25)))^2)^0.5 -> 0.00045841911 | E109: =1/((1+(E$23*(1-(1/(E$25^2)))))^2+(E105*(E$25-(1/E$25)))^2)^0.5 -> 0.0016806914 | F109: =1/((1+(F$23*(1-(1/(F$25^2)))))^2+(F105*(F$25-(1/F$25)))^2)^0.5 -> 0.0036785941 | G109: =1/((1+(G$23*(1-(1/(G$25^2)))))^2+(G105*(G$25-(1/G$25)))^2)^0.5 -> 0.0064658088 | H109: =1/((1+(H$23*(1-(1/(H$25^2)))))^2+(H105*(H$25-(1/H$25)))^2)^0.5 -> 0.010061619 | I109: =1/((1+(I$23*(1-(1/(I$25^2)))))^2+(I105*(I$25-(1/I$25)))^2)^0.5 -> 0.014491242 | J109: =1/((1+(J$23*(1-(1/(J$25^2)))))^2+(J105*(J$25-(1/J$25)))^2)^0.5 -> 0.019786272 | ... CG109: =1/((1+(CG$23*(1-(1/(CG$25^2)))))^2+(CG105*(CG$25-(1/CG$25)))^2)^0.5 -> 0.65517255
B110: M(fn,50% Po,π/4) | C110: =1/((1+(C$23*(1-(1/(C$25^2)))))^2+(C106*(C$25-(1/C$25)))^2)^0.5 -> 1.8181819e-08 | D110: =1/((1+(D$23*(1-(1/(D$25^2)))))^2+(D106*(D$25-(1/D$25)))^2)^0.5 -> 0.00045842786 | E110: =1/((1+(E$23*(1-(1/(E$25^2)))))^2+(E106*(E$25-(1/E$25)))^2)^0.5 -> 0.001680809 | F110: =1/((1+(F$23*(1-(1/(F$25^2)))))^2+(F106*(F$25-(1/F$25)))^2)^0.5 -> 0.0036791582 | G110: =1/((1+(G$23*(1-(1/(G$25^2)))))^2+(G106*(G$25-(1/G$25)))^2)^0.5 -> 0.0064675536 | H110: =1/((1+(H$23*(1-(1/(H$25^2)))))^2+(H106*(H$25-(1/H$25)))^2)^0.5 -> 0.010065851 | I110: =1/((1+(I$23*(1-(1/(I$25^2)))))^2+(I106*(I$25-(1/I$25)))^2)^0.5 -> 0.014500037 | J110: =1/((1+(J$23*(1-(1/(J$25^2)))))^2+(J106*(J$25-(1/J$25)))^2)^0.5 -> 0.019802708 | ... CG110: =1/((1+(CG$23*(1-(1/(CG$25^2)))))^2+(CG106*(CG$25-(1/CG$25)))^2)^0.5 -> 0.67643377
...

Sheet CC
C3: 0 | D3: 1 | E3: 2 | F3: 3 | G3: 4 | H3: 5 | I3: 6 | J3: 7 | K3: PI/4 | L3: 8 | M3: 9 | N3: 10 | O3: PI/3 | P3: 11 | Q3: 12 | R3: 13 | S3: 14 | T3: 15 | U3: PI/2 | V3: 16 | W3: 17 | X3: 18 | Y3: 19 | Z3: 20 | AA3: 2*PI/3 | AB3: 21 | AC3: 22 | AD3: 23 | AE3: 3*PI/4 | AF3: 24 | AG3: 25 | AH3: 26 | AI3: 27 | AJ3: 28 | AK3: 29 | AL3: 30 | AM3: 31
B4: θ | C4: =C3*PI()/MAX($C3:$AM3) -> 0 | D4: =D3*PI()/MAX($C3:$AM3) -> 0.1013417 | E4: =E3*PI()/MAX($C3:$AM3) -> 0.2026834 | F4: =F3*PI()/MAX($C3:$AM3) -> 0.3040251 | G4: =G3*PI()/MAX($C3:$AM3) -> 0.40536679 | H4: =H3*PI()/MAX($C3:$AM3) -> 0.50670849 | I4: =I3*PI()/MAX($C3:$AM3) -> 0.60805019 | J4: =J3*PI()/MAX($C3:$AM3) -> 0.70939189 | K4: =PI()/4 -> 0.78539816 | L4: =L3*PI()/MAX($C3:$AM3) -> 0.81073359 | M4: =M3*PI()/MAX($C3:$AM3) -> 0.91207529 | N4: =N3*PI()/MAX($C3:$AM3) -> 1.013417 | O4: =PI()/3 -> 1.0471976 | P4: =P3*PI()/MAX($C3:$AM3) -> 1.1147587 | Q4: =Q3*PI()/MAX($C3:$AM3) -> 1.2161004 | R4: =R3*PI()/MAX($C3:$AM3) -> 1.3174421 | S4: =S3*PI()/MAX($C3:$AM3) -> 1.4187838 | T4: =T3*PI()/MAX($C3:$AM3) -> 1.5201255 | U4: =PI()/2 -> 1.5707963 | V4: =V3*PI()/MAX($C3:$AM3) -> 1.6214672 | W4: =W3*PI()/MAX($C3:$AM3) -> 1.7228089 | X4: =X3*PI()/MAX($C3:$AM3) -> 1.8241506 | Y4: =Y3*PI()/MAX($C3:$AM3) -> 1.9254923 | Z4: =Z3*PI()/MAX($C3:$AM3) -> 2.026834 | AA4: =2*PI()/3 -> 2.0943951 | AB4: =AB3*PI()/MAX($C3:$AM3) -> 2.1281757 | AC4: =AC3*PI()/MAX($C3:$AM3) -> 2.2295174 | AD4: =AD3*PI()/MAX($C3:$AM3) -> 2.3308591 | AE4: =3*PI()/4 -> 2.3561945 | AF4: =AF3*PI()/MAX($C3:$AM3) -> 2.4322008 | AG4: =AG3*PI()/MAX($C3:$AM3) -> 2.5335425 | AH4: =AH3*PI()/MAX($C3:$AM3) -> 2.6348842 | AI4: =AI3*PI()/MAX($C3:$AM3) -> 2.7362259 | AJ4: =AJ3*PI()/MAX($C3:$AM3) -> 2.8375676 | AK4: =AK3*PI()/MAX($C3:$AM3) -> 2.9389093 | AL4: =AL3*PI()/MAX($C3:$AM3) -> 3.040251 | AM4: =AM3*PI()/MAX($C3:$AM3) -> 3.1415927
B5: V.out | C5: ='Design Spec'!$D$95 -> 25 | D5: ='Design Spec'!$D$95 -> 25 | E5: ='Design Spec'!$D$95 -> 25 | F5: ='Design Spec'!$D$95 -> 25 | G5: ='Design Spec'!$D$95 -> 25 | H5: ='Design Spec'!$D$95 -> 25 | I5: ='Design Spec'!$D$95 -> 25 | J5: ='Design Spec'!$D$95 -> 25 | ... AM5: ='Design Spec'!$D$95 -> 25
B6: V.f | C6: ='Design Spec'!$D$106 -> 0 | D6: ='Design Spec'!$D$106 -> 0 | E6: ='Design Spec'!$D$106 -> 0 | F6: ='Design Spec'!$D$106 -> 0 | G6: ='Design Spec'!$D$106 -> 0 | H6: ='Design Spec'!$D$106 -> 0 | I6: ='Design Spec'!$D$106 -> 0 | J6: ='Design Spec'!$D$106 -> 0 | ... AM6: ='Design Spec'!$D$106 -> 0
B7: Vin_min | C7: ='Design Spec'!$D$83 -> 173.24116 | D7: ='Design Spec'!$D$83 -> 173.24116 | E7: ='Design Spec'!$D$83 -> 173.24116 | F7: ='Design Spec'!$D$83 -> 173.24116 | G7: ='Design Spec'!$D$83 -> 173.24116 | H7: ='Design Spec'!$D$83 -> 173.24116 | I7: ='Design Spec'!$D$83 -> 173.24116 | J7: ='Design Spec'!$D$83 -> 173.24116 | ... AM7: ='Design Spec'!$D$83 -> 173.24116
B8: Vin_max | C8: ='Design Spec'!$D$79 -> 264 | D8: ='Design Spec'!$D$79 -> 264 | E8: ='Design Spec'!$D$79 -> 264 | F8: ='Design Spec'!$D$79 -> 264 | G8: ='Design Spec'!$D$79 -> 264 | H8: ='Design Spec'!$D$79 -> 264 | I8: ='Design Spec'!$D$79 -> 264 | J8: ='Design Spec'!$D$79 -> 264 | ... AM8: ='Design Spec'!$D$79 -> 264
B9: n | C9: =IF('Res. Tank Design'!$F$9,'Res. Tank Design'!$F$9,'Res. Tank Design'!$D$9) -> 6.0241 | D9: =IF('Res. Tank Design'!$F$9,'Res. Tank Design'!$F$9,'Res. Tank Design'!$D$9) -> 6.0241 | E9: =IF('Res. Tank Design'!$F$9,'Res. Tank Design'!$F$9,'Res. Tank Design'!$D$9) -> 6.0241 | F9: =IF('Res. Tank Design'!$F$9,'Res. Tank Design'!$F$9,'Res. Tank Design'!$D$9) -> 6.0241 | G9: =IF('Res. Tank Design'!$F$9,'Res. Tank Design'!$F$9,'Res. Tank Design'!$D$9) -> 6.0241 | H9: =IF('Res. Tank Design'!$F$9,'Res. Tank Design'!$F$9,'Res. Tank Design'!$D$9) -> 6.0241 | I9: =IF('Res. Tank Design'!$F$9,'Res. Tank Design'!$F$9,'Res. Tank Design'!$D$9) -> 6.0241 | J9: =IF('Res. Tank Design'!$F$9,'Res. Tank Design'!$F$9,'Res. Tank Design'!$D$9) -> 6.0241 | ... AM9: =IF('Res. Tank Design'!$F$9,'Res. Tank Design'!$F$9,'Res. Tank Design'!$D$9) -> 6.0241
B10: Po-100% | C10: ='Design Spec'!$D$98 -> 657.5 | D10: ='Design Spec'!$D$98 -> 657.5 | E10: ='Design Spec'!$D$98 -> 657.5 | F10: ='Design Spec'!$D$98 -> 657.5 | G10: ='Design Spec'!$D$98 -> 657.5 | H10: ='Design Spec'!$D$98 -> 657.5 | I10: ='Design Spec'!$D$98 -> 657.5 | J10: ='Design Spec'!$D$98 -> 657.5 | ... AM10: ='Design Spec'!$D$98 -> 657.5
B11: Po-75% | C11: =C10/4*3 -> 493.125 | D11: =D10/4*3 -> 493.125 | E11: =E10/4*3 -> 493.125 | F11: =F10/4*3 -> 493.125 | G11: =G10/4*3 -> 493.125 | H11: =H10/4*3 -> 493.125 | I11: =I10/4*3 -> 493.125 | J11: =J10/4*3 -> 493.125 | ... AM11: =AM10/4*3 -> 493.125
B12: Po-50% | C12: =C10/2 -> 328.75 | D12: =D10/2 -> 328.75 | E12: =E10/2 -> 328.75 | F12: =F10/2 -> 328.75 | G12: =G10/2 -> 328.75 | H12: =H10/2 -> 328.75 | I12: =I10/2 -> 328.75 | J12: =J10/2 -> 328.75 | ... AM12: =AM10/2 -> 328.75
B13: Po-25% | C13: =C10/4 -> 164.375 | D13: =D10/4 -> 164.375 | E13: =E10/4 -> 164.375 | F13: =F10/4 -> 164.375 | G13: =G10/4 -> 164.375 | H13: =H10/4 -> 164.375 | I13: =I10/4 -> 164.375 | J13: =J10/4 -> 164.375 | ... AM13: =AM10/4 -> 164.375
B14: Pinst | C14: =2*'Design Spec'!$D$98*SIN(C4)^2 -> 0 | D14: =2*'Design Spec'!$D$98*SIN(D4)^2 -> 13.459064 | E14: =2*'Design Spec'!$D$98*SIN(E4)^2 -> 53.285239 | F14: =2*'Design Spec'!$D$98*SIN(F4)^2 -> 117.84804 | G14: =2*'Design Spec'!$D$98*SIN(G4)^2 -> 204.50425 | H14: =2*'Design Spec'!$D$98*SIN(H4)^2 -> 309.70616 | I14: =2*'Design Spec'!$D$98*SIN(I4)^2 -> 429.1468 | J14: =2*'Design Spec'!$D$98*SIN(J4)^2 -> 557.93624 | ... AM14: =2*'Design Spec'!$D$98*SIN(AM4)^2 -> 1.9738002e-29
B15: Iout.inst | C15: =C14/C5 -> 0 | D15: =D14/D5 -> 0.53836255 | E15: =E14/E5 -> 2.1314096 | F15: =F14/F5 -> 4.7139215 | G15: =G14/G5 -> 8.18017 | H15: =H14/H5 -> 12.388247 | I15: =I14/I5 -> 17.165872 | J15: =J14/J5 -> 22.317449 | ... AM15: =AM14/AM5 -> 7.8952008e-31
B17: V.out | C17: ='Design Spec'!$D$95 -> 25
B18: n | C18: =IF('Res. Tank Design'!$F$9,'Res. Tank Design'!$F$9,'Res. Tank Design'!$D$9) -> 6.0241
B20: @Vinmin | C20: PI/4 | D20: PI/3 | E20: PI/2 | F20: 5PI/12 | G20: PI/6 | H20: PI/12 | I20: 0 (θ→0) | J20: line cycle (Simpson, 6 points + theta=0)
B21: fsw | C21: =RTC!BC152 -> 110.94098 | D21: =RTC!BC151 -> 118.06446 | E21: =RTC!BC149 -> 127.13742 | F21: =RTC!BC150 -> 124.43412 | G21: =RTC!BC153 -> 103.98798 | H21: =RTC!BC154 -> 97.042789
B22: fr | C22: ='Res. Tank Design'!$D$55 -> 151.74828 | D22: ='Res. Tank Design'!$D$55 -> 151.74828 | E22: ='Res. Tank Design'!$D$55 -> 151.74828 | F22: ='Res. Tank Design'!$D$55 -> 151.74828 | G22: ='Res. Tank Design'!$D$55 -> 151.74828 | H22: ='Res. Tank Design'!$D$55 -> 151.74828
B23: Iout.inst | C23: =2*'Design Spec'!$D$98/'Design Spec'!$D$95*SIN(PI()/4)^2 -> 26.3 | D23: =2*'Design Spec'!$D$98/'Design Spec'!$D$95*SIN(PI()/3)^2 -> 39.45 | E23: =2*'Design Spec'!$D$98/'Design Spec'!$D$95*SIN(PI()/2)^2 -> 52.6 | F23: =2*'Design Spec'!$D$98/'Design Spec'!$D$95*SIN(5*PI()/12)^2 -> 49.076468 | G23: =2*'Design Spec'!$D$98/'Design Spec'!$D$95*SIN(PI()/6)^2 -> 13.15 | H23: =2*'Design Spec'!$D$98/'Design Spec'!$D$95*SIN(PI()/12)^2 -> 3.5235319
B24: Isec.pk.tsw | C24: =PI()*(C22/C21)*C23*(1-COS(PI()*C22/IF(C21<C22,C22,C21)))^(-1) -> 56.507671 | D24: =PI()*(D22/D21)*D23*(1-COS(PI()*D22/IF(D21<D22,D22,D21)))^(-1) -> 79.647376 | E24: =PI()*(E22/E21)*E23*(1-COS(PI()*E22/IF(E21<E22,E22,E21)))^(-1) -> 98.617964 | F24: =PI()*(F22/F21)*F23*(1-COS(PI()*F22/IF(F21<F22,F22,F21)))^(-1) -> 94.010742 | G24: =PI()*(G22/G21)*G23*(1-COS(PI()*G22/IF(G21<G22,G22,G21)))^(-1) -> 30.142985 | H24: =PI()*(H22/H21)*H23*(1-COS(PI()*H22/IF(H21<H22,H22,H21)))^(-1) -> 8.6548312
B25: Isec.rms.tsw (per winding) | C25: =IF('Design Spec'!$D$107=1,C24*SQRT(MIN(C21,C22)/C22/4*(1-SIN(2*PI()*C22/MAX(C21,C22))/(2*PI()*C22/MAX(C21,C22)))),C24*SQRT(MIN(C21,C22)/C22/2*(1-SIN(2*PI()*C22/MAX(C21,C22))/(2*PI()*C22/MAX(C21,C22))))) -> 24.15803 | D25: =IF('Design Spec'!$D$107=1,D24*SQRT(MIN(D21,D22)/D22/4*(1-SIN(2*PI()*D22/MAX(D21,D22))/(2*PI()*D22/MAX(D21,D22)))),D24*SQRT(MIN(D21,D22)/D22/2*(1-SIN(2*PI()*D22/MAX(D21,D22))/(2*PI()*D22/MAX(D21,D22))))) -> 35.126848 | E25: =IF('Design Spec'!$D$107=1,E24*SQRT(MIN(E21,E22)/E22/4*(1-SIN(2*PI()*E22/MAX(E21,E22))/(2*PI()*E22/MAX(E21,E22)))),E24*SQRT(MIN(E21,E22)/E22/2*(1-SIN(2*PI()*E22/MAX(E21,E22))/(2*PI()*E22/MAX(E21,E22))))) -> 45.133689 | F25: =IF('Design Spec'!$D$107=1,F24*SQRT(MIN(F21,F22)/F22/4*(1-SIN(2*PI()*F22/MAX(F21,F22))/(2*PI()*F22/MAX(F21,F22)))),F24*SQRT(MIN(F21,F22)/F22/2*(1-SIN(2*PI()*F22/MAX(F21,F22))/(2*PI()*F22/MAX(F21,F22))))) -> 42.565264 | G25: =IF('Design Spec'!$D$107=1,G24*SQRT(MIN(G21,G22)/G22/4*(1-SIN(2*PI()*G22/MAX(G21,G22))/(2*PI()*G22/MAX(G21,G22)))),G24*SQRT(MIN(G21,G22)/G22/2*(1-SIN(2*PI()*G22/MAX(G21,G22))/(2*PI()*G22/MAX(G21,G22))))) -> 12.476304 | H25: =IF('Design Spec'!$D$107=1,H24*SQRT(MIN(H21,H22)/H22/4*(1-SIN(2*PI()*H22/MAX(H21,H22))/(2*PI()*H22/MAX(H21,H22)))),H24*SQRT(MIN(H21,H22)/H22/2*(1-SIN(2*PI()*H22/MAX(H21,H22))/(2*PI()*H22/MAX(H21,H22))))) -> 3.4605756 | J25: =SQRT((4*H25^2+2*G25^2+4*C25^2+2*D25^2+4*F25^2+1*E25^2)/18) -> 28.329125
B26: Idiode.rms.tsw (per diode) | C26: =IF('Design Spec'!$D$107=1,C25,C25/SQRT(2)) -> 24.15803 | D26: =IF('Design Spec'!$D$107=1,D25,D25/SQRT(2)) -> 35.126848 | E26: =IF('Design Spec'!$D$107=1,E25,E25/SQRT(2)) -> 45.133689 | F26: =IF('Design Spec'!$D$107=1,F25,F25/SQRT(2)) -> 42.565264 | G26: =IF('Design Spec'!$D$107=1,G25,G25/SQRT(2)) -> 12.476304 | H26: =IF('Design Spec'!$D$107=1,H25,H25/SQRT(2)) -> 3.4605756 | J26: =SQRT((4*H26^2+2*G26^2+4*C26^2+2*D26^2+4*F26^2+1*E26^2)/18) -> 28.329125
B27: Itrafo.pk.tsw | C27: =C24/$C$18 -> 9.3802678 | D27: =D24/$C$18 -> 13.221457 | E27: =E24/$C$18 -> 16.370572 | F27: =F24/$C$18 -> 15.605774 | G27: =G24/$C$18 -> 5.0037325 | H27: =H24/$C$18 -> 1.4367011
B28: Ilm.pk.tsw (trapezoidal) | C28: =0.5*(0.5*$C$17*$C$18)/(IF('Res. Tank Design'!$F$45,'Res. Tank Design'!$F$45,'Res. Tank Design'!$D$45)*IF(C21<C22,C22,C21))*1000 -> 12.405618 | D28: =0.5*(0.5*$C$17*$C$18)/(IF('Res. Tank Design'!$F$45,'Res. Tank Design'!$F$45,'Res. Tank Design'!$D$45)*IF(D21<D22,D22,D21))*1000 -> 12.405618 | E28: =0.5*(0.5*$C$17*$C$18)/(IF('Res. Tank Design'!$F$45,'Res. Tank Design'!$F$45,'Res. Tank Design'!$D$45)*IF(E21<E22,E22,E21))*1000 -> 12.405618 | F28: =0.5*(0.5*$C$17*$C$18)/(IF('Res. Tank Design'!$F$45,'Res. Tank Design'!$F$45,'Res. Tank Design'!$D$45)*IF(F21<F22,F22,F21))*1000 -> 12.405618 | G28: =0.5*(0.5*$C$17*$C$18)/(IF('Res. Tank Design'!$F$45,'Res. Tank Design'!$F$45,'Res. Tank Design'!$D$45)*IF(G21<G22,G22,G21))*1000 -> 12.405618 | H28: =0.5*(0.5*$C$17*$C$18)/(IF('Res. Tank Design'!$F$45,'Res. Tank Design'!$F$45,'Res. Tank Design'!$D$45)*IF(H21<H22,H22,H21))*1000 -> 12.405618 | I28: =0.5*(0.5*$C$17*$C$18)/(IF('Res. Tank Design'!$F$45,'Res. Tank Design'!$F$45,'Res. Tank Design'!$D$45)*C22)*1000 -> 12.405618
B29: Ipri.rms.tsw | C29: =SQRT(C27^2/2+C28^2/3+(C28*C21*(1/C21-1/C22))^2) -> 10.316188 | D29: =SQRT(D27^2/2+D28^2/3+(D28*D21*(1/D21-1/D22))^2) -> 12.094878 | E29: =SQRT(E27^2/2+E28^2/3+(E28*E21*(1/E21-1/E22))^2) -> 13.760292 | F29: =SQRT(F27^2/2+F28^2/3+(F28*F21*(1/F21-1/F22))^2) -> 13.343763 | G29: =SQRT(G27^2/2+G28^2/3+(G28*G21*(1/G21-1/G22))^2) -> 8.8917552 | H29: =SQRT(H27^2/2+H28^2/3+(H28*H21*(1/H21-1/H22))^2) -> 8.5048701 | I29: =SQRT(I28^2/3+(I28*(1-'Res. Tank Design'!$D$54))^2) -> 8.7440271 | J29: =SQRT((1*I29^2+4*H29^2+2*G29^2+4*C29^2+2*D29^2+4*F29^2+1*E29^2)/18) -> 10.913174
B30: Imos.rms.tsw (per mos) | C30: =C29/SQRT(2) -> 7.2946461 | D30: =D29/SQRT(2) -> 8.5523705 | E30: =E29/SQRT(2) -> 9.7299955 | F30: =F29/SQRT(2) -> 9.4354655 | G30: =G29/SQRT(2) -> 6.2874204 | H30: =H29/SQRT(2) -> 6.0138513 | J30: =J29/SQRT(2) -> 7.7167794
B31: Icout.rms | C31: =SQRT(0.5*MIN(C21,C22)/C22*(1-SIN(2*PI()*C22/MAX(C21,C22))/(2*PI()*C22/MAX(C21,C22)))*(C24^2)-C23^2+C15^2/2) -> 21.80667 | D31: =SQRT(0.5*MIN(D21,D22)/D22*(1-SIN(2*PI()*D22/MAX(D21,D22))/(2*PI()*D22/MAX(D21,D22)))*(D24^2)-D23^2+D15^2/2) -> 30.193267 | E31: =SQRT(0.5*MIN(E21,E22)/E22*(1-SIN(2*PI()*E22/MAX(E21,E22))/(2*PI()*E22/MAX(E21,E22)))*(E24^2)-E23^2+E15^2/2) -> 36.18855 | F31: =SQRT(0.5*MIN(F21,F22)/F22*(1-SIN(2*PI()*F22/MAX(F21,F22))/(2*PI()*F22/MAX(F21,F22)))*(F24^2)-F23^2+F15^2/2) -> 35.017342 | G31: =SQRT(0.5*MIN(G21,G22)/G22*(1-SIN(2*PI()*G22/MAX(G21,G22))/(2*PI()*G22/MAX(G21,G22)))*(G24^2)-G23^2+G15^2/2) -> 13.109211 | H31: =SQRT(0.5*MIN(H21,H22)/H22*(1-SIN(2*PI()*H22/MAX(H21,H22))/(2*PI()*H22/MAX(H21,H22)))*(H24^2)-H23^2+H15^2/2) -> 9.3952231 | J31: =SQRT((4*H32+2*G32+4*C32+2*D32+4*F32+1*E32)/18-('Design Spec'!$D$98/'Design Spec'!$D$95)^2) -> 30.222321
B32: Isec.node.ms.tsw (for the line-cycle integral) | C32: =0.5*MIN(C21,C22)/C22*(1-SIN(2*PI()*C22/MAX(C21,C22))/(2*PI()*C22/MAX(C21,C22)))*(C24^2) -> 1167.2209 | D32: =0.5*MIN(D21,D22)/D22*(1-SIN(2*PI()*D22/MAX(D21,D22))/(2*PI()*D22/MAX(D21,D22)))*(D24^2) -> 2467.7909 | E32: =0.5*MIN(E21,E22)/E22*(1-SIN(2*PI()*E22/MAX(E21,E22))/(2*PI()*E22/MAX(E21,E22)))*(E24^2) -> 4074.0997 | F32: =0.5*MIN(F21,F22)/F22*(1-SIN(2*PI()*F22/MAX(F21,F22))/(2*PI()*F22/MAX(F21,F22)))*(F24^2) -> 3623.6034 | G32: =0.5*MIN(G21,G22)/G22*(1-SIN(2*PI()*G22/MAX(G21,G22))/(2*PI()*G22/MAX(G21,G22)))*(G24^2) -> 311.31632 | H32: =0.5*MIN(H21,H22)/H22*(1-SIN(2*PI()*H22/MAX(H21,H22))/(2*PI()*H22/MAX(H21,H22)))*(H24^2) -> 23.951167
B33: @Vinmax | C33: PI/4 | D33: PI/3 | E33: PI/2
B34: fsw | C34: =RTC!BC200 -> 167.88432 | D34: =RTC!BC199 -> 217.82115 | E34: =RTC!BC197 -> 249.02959
B35: fr | C35: ='Res. Tank Design'!$D$55 -> 151.74828 | D35: ='Res. Tank Design'!$D$55 -> 151.74828 | E35: ='Res. Tank Design'!$D$55 -> 151.74828
B36: Iout.inst | C36: =2*'Design Spec'!$D$98/'Design Spec'!$D$95*SIN(PI()/4)^2 -> 26.3 | D36: =2*'Design Spec'!$D$98/'Design Spec'!$D$95*SIN(PI()/3)^2 -> 39.45 | E36: =2*'Design Spec'!$D$98/'Design Spec'!$D$95*SIN(PI()/2)^2 -> 52.6
B37: Isec.pk.tsw | C37: =PI()*(C35/C34)*C36*(1-COS(PI()*C35/IF(C34<C35,C35,C34)))^(-1) -> 38.205532 | D37: =PI()*(D35/D34)*D36*(1-COS(PI()*D35/IF(D34<D35,D35,D34)))^(-1) -> 54.671705 | E37: =PI()*(E35/E34)*E36*(1-COS(PI()*E35/IF(E34<E35,E35,E34)))^(-1) -> 75.323194
