Workbook

Sheet Design Spec
I8: Release 1.0
B10: Input data specs. and pre design choices
B12: Parameters | C12: Name | D12: Value | E12: Unit
B13: Minimum Input voltage | C13: VAC.min | D13: 90 | E13: Vac
B14: Maximum Input voltage | C14: VAC.max | D14: 264 | E14: Vac
B15: =IF(D13>(190/SQRT(2)),"Select high mains configuration (1 = FB, 2 = HB)",IF(AND(D13<=(190/SQRT(2)),D14*SQRT(2)>245),"Selected configuration: universal mains range","Select low mains configuration (1 = FB, 2 = HB)")) -> Selected configuration: universal mains range | C15: Config. | D15: 1 | E15: ="-" -> -
B16: Line frequency | C16: fl | D16: 50 | E16: Hz
B17: Minimum Line frequency | C17: fl.min | D17: 47 | E17: Hz
B19: Parameters | C19: Name | D19: Value | E19: Unit | F19: Selected value
B20: Minimum voltage for Res. Tank Design | C20: Vin.min | D20: =IF('Design Spec'!D80=0,IF(2*D13>IF(165>D14/2,165,D14/2),_xlfn.CONCAT(IF(165>D14/2,165,_xlfn.FLOOR.MATH(D14/2)),"-",2*D13),2*D13),D13) -> 165-180 | E20: Vac | F20: 173.24116
B22: Parameters | C22: Name | D22: Value | E22: Unit
B23: Regulated Output Voltage | C23: V.out | D23: 25 | E23: V
B24: Minimum admitted voltage (for hold up req) | C24: Vo_min_adm | D24: 16 | E24: V
B25: Output voltage ripple pk-pk | C25: ∆vout | D25: 10 | E25: %
B26: Hold up capability | C26: Thold | D26: 10 | E26: ms
B27: Maximum Output Power | C27: Pout | D27: 657.5 | E27: W
B28: Expected HB efficiency | C28: ηLLC | D28: 98 | E28: %
B29: Max capacitor height (empty or 0 for unlimited) | C29: h | D29: 25 | E29: mm
B31: Output cap estimation (MCLPR series) | C31: Name | D31: Value | E31: Unit
B32: Output capacitor working voltage | C32: W.V | D32: =OutCap_Sel_DB!V4 -> 50 | E32: V | F32: =IF(D32="","No solution found, increase max height","")
B33: Single capacitor value | C33: Cout.s.est | D33: =OutCap_Sel_DB!W4 -> 4700 | E33: uF
B34: Equivalent Series Resistor | C34: ESR.single | D34: =OutCap_Sel_DB!Z4 -> 0.084656885 | E34: Ω
B35: Case Size diameter | C35: ØD | D35: =OutCap_Sel_DB!X4 -> 30 | E35: mm
B36: Case Size height | C36: h | D36: =OutCap_Sel_DB!Y4 -> 25 | E36: mm
B37: Estimated number of cap | C37: n.Cap | D37: =OutCap_Sel_DB!AA4 -> 8 | E37: -
B38: Expected ouptut cap volume [cm3] | C38: Cap.Volume | D38: =OutCap_Sel_DB!U4 -> 141.37167 | E38: cm3
B40: Parameters | C40: Name | D40: Value | E40: Unit
B41: Upper Resonant Frequency | C41: f.R1 | D41: 150 | E41: kHz
B42: Minimum switching frequency | C42: fsw.min | D42: 50 | E42: kHz
B43: Maximum Switching Frequency (1.5*f.R1 sugg) | C43: fsw.max | D43: =1.5*D41 -> 225 | E43: kHz
B45: Parameters | C45: Name | D45: Value | E45: Unit
B46: Single HB midpoint estimated Cap | C46: c.HB | D46: 800 | E46: pF
B47: Dead Time | C47: t.D | D47: 220 | E47: ns
B48: Parassitic Capacitance | C48: Cp | D48: 2 | E48: nF
B49: EMI filter resistance | C49: R.EMI | D49: 0.15 | E49: Ω
B51: Parameters | C51: Name | D51: Value | E51: Unit
B52: Bridge Rectifier Voltage Drop | C52: Vf.BR | D52: 0.08 | E52: V
B53: Dynamic Resistance (1 diode) | C53: Rd | D53: 0.04 | E53: Ω
B55: Output stage configuration (CT/FB)
B57: Parameters | C57: Name | D57: Value | E57: Unit
B58: Output Rectifier Voltage Drop | C58: Vrect | D58: 0 | E58: V
B59: Output Rectifier configuration (1 = CT, 2 = FB) | C59: Config. | D59: 1 | E59: ="-" -> -
B61: Configuration 1: CT=Center Tap Rectification | F61: Configuration 2: FB=Full Bridge Rectification
B76: To blank
B77: Parameters | C77: Name | D77: Value | E77: Unit
B78: Minimum Input voltage (for input curr) | C78: VAC.min | D78: ='Design Spec'!D13 -> 90 | E78: Vac
B79: Maximum Input voltage | C79: VAC.max | D79: =IF(D80=0,'Design Spec'!D14,IF(D80=1,'Design Spec'!D14*2,IF(D80=2,'Design Spec'!D14,IF(D80=3,'Design Spec'!D14*2,'Design Spec'!D14)))) -> 264 | E79: Vac
B80: =IF(D78>(190/SQRT(2)),"Select high mains configuration (1 = FB, 2 = HB)",IF(AND(D78<=(190/SQRT(2)),D79*SQRT(2)>245),"Universal range configuration","Select low mains configuration (1 = FB, 2 = HB)")) -> Universal range configuration | D80: =IF(D78<=(190/SQRT(2)),IF('Design Spec'!D14*SQRT(2)>245,0,'Design Spec'!D15),'Design Spec'!D15+2) -> 0
I81: 0 | J81: Universal range = calcoli ok
B82: Parameters | C82: Name | D82: Value | E82: Unit | I82: 1 | J82: FB a bassa rete = I calcoli del tank sono ok, cambia la dissipazione ?
B83: Minimum voltage for Res. Tank Design | C83: Vin.min | D83: =IF(D80=0,'Design Spec'!F20,IF(D80=1,'Design Spec'!F20*2,IF(D80=2,'Design Spec'!F20,IF(D80=3,'Design Spec'!F20*2,'Design Spec'!F20)))) -> 173.24116 | E83: Vac | I83: 2 | J83: HB a bassa rete = va dimezzata la tensione di ingresso con la quale si calcola il tank, aumenta dissipazione sui mos
I84: 3 | J84: FB ad alta rete = va raddoppiata la tensione di ingresso con la quale si calcola il tank, diminuisce dissipazione sui mos
B85: Parameters | C85: Name | D85: Value | E85: Unit | I85: 4 | J85: HB ad alta rete = I calcoli del tank sono ok, cambia la dissipazione sul ponte a diodi in ingresso (dovrebbe già essere corretta nei calcoli, prendendo Vinmin)
B86: High line resonant operation | C86: Vin.nom | D86: 225 | E86: Vac
B87: Nominal input voltage (config dependent) | C87: Fixed | D87: =IF(D80=0,D86,IF(D80=1,D86,IF(D80=2,D86/2,IF(D80=3,D86*2,D86)))) -> 225 | E87: Vac
B88: Above resonance modulation depth | D88: 5 | E88: %
B89: Input voltage for imposing resonant operation | C89: Vin.res | D89: =D87*(1-D88/100) -> 213.75 | E89: Vac
B90: Line frequency | C90: fl | D90: ='Design Spec'!D16 -> 50 | E90: Hz
B91: Minimum Line frequency | C91: fl.min | D91: ='Design Spec'!D17 -> 47 | E91: Hz
B92: Maximum cap height | C92: h | D92: =D29 -> 25 | E92: mm
B94: Parameters | C94: Name | D94: Value | E94: Unit
B95: Regulated Output Voltage | C95: V.out | D95: ='Design Spec'!D23 -> 25 | E95: V
B96: ='Design Spec'!B24 -> Minimum admitted voltage (for hold up req) | C96: ='Design Spec'!C24 -> Vo_min_adm | D96: ='Design Spec'!D24 -> 16 | E96: ='Design Spec'!E24 -> V
B97: Output voltage ripple | C97: ∆vout | D97: ='Design Spec'!D25 -> 10 | E97: %
B98: Maximum Output Power | C98: Pout | D98: ='Design Spec'!D27 -> 657.5 | E98: W
B99: Expected HB efficiency | C99: ηLLC | D99: ='Design Spec'!D28 -> 98 | E99: %
B102: Upper Resonant Frequency | C102: f.R1 | D102: ='Design Spec'!D41 -> 150 | E102: kHz
B103: Minimum switching frequency | C103: fsw.min | D103: ='Design Spec'!D42 -> 50 | E103: kHz
B104: Maximum Switching Frequency | C104: fsw.max | D104: ='Design Spec'!D43 -> 225 | E104: kHz
B106: Output Rectifier Voltage Drop | C106: Vrect | D106: ='Design Spec'!D58 -> 0 | E106: V
B107: Output Rectifier configuration (1 = CT, 2 = FB) | D107: ='Design Spec'!D59 -> 1
B108: Bridge Rectifier Voltage Drop | C108: Vf.BR | D108: ='Design Spec'!D52 -> 0.08 | E108: V
B109: ='Design Spec'!B53 -> Dynamic Resistance (1 diode) | C109: ='Design Spec'!C53 -> Rd | D109: ='Design Spec'!D53 -> 0.04 | E109: ='Design Spec'!E53 -> Ω
B111: HB midpoint estimated Cap | C111: c.HB | D111: ='Design Spec'!D46 -> 800 | E111: pF
B112: Dead Time | C112: t.D | D112: ='Design Spec'!D47 -> 220 | E112: ns
B113: Cap… | C113: Cp | D113: ='Design Spec'!D48 -> 2 | E113: nF
B114: EMI filter resistance | C114: R.EMI | D114: ='Design Spec'!D49 -> 0.15 | E114: Ω

Sheet Preliminary Calculation
B4: Preliminary Calculations
B6: Parameters | C6: Name | D6: Value | E6: Unit
B7: Output current | C7: Iout | D7: ='Design Spec'!D98/'Design Spec'!D95 -> 26.3 | E7: A
B8: Output rectifier efficiency | C8: η.rect | D8: ='Design Spec'!D95/('Design Spec'!D95+'Design Spec'!D106*'Design Spec'!D107)*100 -> 100 | E8: %
B9: Transformer output power | C9: P.sec | D9: ='Design Spec'!D98/'Preliminary Calculation'!D8*100 -> 657.5 | E9: W
B10: LLC converter input power | C10: P.in.LLC | D10: ='Design Spec'!D98/('Preliminary Calculation'!D8/100*'Design Spec'!D99/100) -> 670.91837 | E10: W
B11: Max mains input rms current | C11: I.in.max | D11: =D10/'Design Spec'!D78 -> 7.4546485 | E11: A
B12: Output rectifier dissipation | C12: P.d.Drect | D12: =('Design Spec'!D98)*((1-'Preliminary Calculation'!D8/100)/('Preliminary Calculation'!D8/100)) -> 0 | E12: W
B13: LLC converter dissipation (trafo+MOS) | C13: P.d.LLC | D13: =(D9)*((1-('Design Spec'!D99/100))/('Design Spec'!D99/100)) -> 13.418367 | E13: W
B14: Bridge rectifier dissipation | C14: P.D.br | D14: =2*((D11*SQRT(2))*2/PI()*'Design Spec'!D108)+2*('Design Spec'!D109*(D11^2)) -> 5.5195894 | E14: W
B15: EMI filter resistance dissipation | C15: P.D.Rin | D15: ='Design Spec'!D114*D11^2 -> 8.3357677 | E15: W
B16: TOTAL power dissipation | C16: P.D | D16: =D15+D14+D13+D12 -> 27.273724 | E16: W
B17: HB converter expected efficiency | C17: η.HB | D17: =('Design Spec'!D98)/('Design Spec'!D98+('Preliminary Calculation'!D13+'Preliminary Calculation'!D12))*100 -> 98 | E17: %
B18: EMI filter and bridge rectifier efficiency | C18: η.ac | D18: =D10/(D10+(D15+D14))*100 -> 97.976652 | E18: %
B19: Total expected efficiency | C19: η.tot | D19: =D17*D18/100 -> 96.017119 | E19: %
B20: Rated input power | C20: P.in | D20: ='Design Spec'!D98/D19*100 -> 684.77372 | E20: W

Sheet Res. Tank Design
B4: Resonant Tank Design
B6: FHA-based design
B8: Parameters | C8: Name | D8: Value | E8: Unit | F8: Selected Value
B9: Physical Turn Ratio (npri/nsec): | C9: n | D9: =(SQRT(2)*'Design Spec'!D89)/(2*(('Design Spec'!D95+'Design Spec'!D107*'Design Spec'!D106)/'Design Spec'!D107)) -> 6.045763 | E9: ="-" -> - | F9: 7.4527
B10: Maximum Voltage Gain@Vin.min | C10: M.Vmin.pk | D10: =2*IF(F9,F9,D9)*(('Design Spec'!D95+'Design Spec'!D107*'Design Spec'!D106)/'Design Spec'!D107)/(SQRT(2)*'Design Spec'!D83) -> 1.5209592 | E10: ="-" -> -
B11: Minimum Voltage Gain@Vin.min | C11: M.Vmax.pk | D11: =2*IF(F9,F9,D9)*(('Design Spec'!D95+'Design Spec'!D107*'Design Spec'!D106)/'Design Spec'!D107)/(SQRT(2)*'Design Spec'!D79) -> 0.99807854 | E11: ="-" -> -
B12: Min λ ratio for min gain req | C12: λ.min.1 | D12: =(1/(D11))-1 -> 0.0019251559 | E12: ="-" -> -
B13: Min λ ratio for max freq req | C13: λ.min.2 | D13: =D12/(1-('Design Spec'!D102/'Design Spec'!D104)^2) -> 0.0034652806 | E13: ="-" -> -
B14: Min λ ratio for max freq req (TD) | C14: λ.min.TD | D14: =D12/(1-(((PI()^2)/8)*('Design Spec'!D102/'Design Spec'!D104)^2)) -> 0.0042621304 | E14: ="-" -> -
B15: Min λ ratio for min freq req | C15: λ.min.3 | D15: =(('Design Spec'!$D$103/'Design Spec'!$D$102)^2)/(1-('Design Spec'!$D$103/'Design Spec'!$D$102)^2) -> 0.125 | E15: -
B16: Maximum value | C16: λ | D16: =MAX(D12,D13,D14,D15) -> 0.125 | E16: ="-" -> - | F16: removed 1.2 factor on λ.min.1
B17: Equivalent output impedance | C17: Rac | D17: =((IF(F9,F9,D9))^2)*(4/((PI())^2))*(((('Design Spec'!D95+'Design Spec'!D107*'Design Spec'!D106)/'Design Spec'!D107)^2)/('Preliminary Calculation'!D10)) -> 20.969972 | E17: Ω
B18: For ZVS at Vin.min and max load | C18: QZVS.1 | D18: =IF(D10>1,(D16/D10)*SQRT((1/D16)+((D10^2)/((D10^2)-1))),NA()) -> 0.25677291 | E18: ="-" -> -
B19: For ZVS at Vin.max and zero load | C19: QZVS.2 | D19: =(2/PI())*(D16)*(('Design Spec'!D112*(10^-9))/(D17*'Design Spec'!D111*(10^-12))) -> 1.0435781 | E19: ="-" -> -
B20: For ZVS at Vin.max and zero load | C20: QZVS.3 | D20: =((SQRT((D16*(1+D16))))/(2*IF(F9,F9,D9)))*((SQRT(2)*'Design Spec'!D83)/((('Design Spec'!D95+'Design Spec'!D107*'Design Spec'!D106)/'Design Spec'!D107))) -> 0.24655494 | E20: ="-" -> - | F20: Not used since evaluated at f.o
B22: ZVS condition
B24: Parameters | C24: Name | D24: Value | E24: Unit
B25: Margin to achieve ZVS | C25: ZVSmargin | D25: 15 | E25: %
B26: Selected quality factor | C26: QZVS | D26: =1/(1+(D25/100))*MIN(D18:D19) -> 0.22328079 | E26: ="-" -> -
B27: Resonant tank characteristic imp | C27: Z0 | D27: =D17*D26 -> 4.682192 | E27: Ω
B28: Minimum fsw.norm at Vin.min.pk | C28: f.n.min | D28: =1/SQRT((1)+((1/D16)*(1-(1/(D10^(1+(D26/D18)^5)))))) -> 0.45980046 | E28: ="-" -> -
B29: Minimum resonant tank phase shift | C29: φ.min | D29: =ATAN(((((D16^2)+(D16)+(((D28^2)-1)*(D26^2)))*(D28^2))-(D16^2))/(D26*(D28)^3)) -> 0.26084994 | E29: ="-" -> -
B30: Resonant current ZC instant | C30: T.ZC | D30: =(D29)/(2*PI()*D28*'Design Spec'!D102)*1000000 -> 601.93585 | E30: ns
B31: Reference Dead time | C31: T.D | D31: ='Design Spec'!D112 -> 220 | E31: ns
B32: ZVS condition satisfied? | C32: =IF(D30>D31,"Yes","No, increase ZVS margin") -> Yes
B34: Parameters | C34: Name | D34: Value | E34: Unit
B35: Peak Resonant Current | C35: IR1.pk | D35: =(PI()*'Design Spec'!D98)/(SQRT(2)*('Preliminary Calculation'!D17/100)*'Design Spec'!D83*COS('Res. Tank Design'!D29)) -> 8.9042924 | E35: A
B36: Minimum current for achieving ZVS | C36: IR0 | D36: =D35*SIN(D29) -> 2.2964333 | E36: A
B37: Transition time | C37: T.T | D37: ='Design Spec'!D111*(10^-12)*(SQRT(2)*'Design Spec'!D83/'Res. Tank Design'!D36)*10^9 -> 85.349745 | E37: ns
B39: Resonant Tank Parameters
B41: Parameters | C41: Name | D41: Value | E41: Unit | F41: Selected Value
B42: Turn Ratio | C42: n | D42: =IF(F9,F9,D9) -> 7.4527 | E42: ="-" -> -
B43: Resonant Capacitor | C43: C.r | D43: =1/(2*PI()*'Design Spec'!D102*'Res. Tank Design'!D27)*1000000 -> 226.61031 | E43: nF | F43: 100
B44: Leakage inductance | C44: L.r | D44: =1/(IF(F43,F43,D43)*(10^-12)*(2*PI()*'Design Spec'!D102*1000)^2)*1000 -> 11.257909 | E44: µH | F44: 11
B45: Magnetizing inductance | C45: L.m | D45: =IF(F44,F44,D44)/D16 -> 88 | E45: µH | F45: 24
B47: Final Design Check
B49: Parameters | C49: Name | D49: Value | E49: Unit
B50: Series over parallel inductance ratio | C50: λ | D50: =IF(F44,F44,D44)/IF(F45,F45,D45) -> 0.45833333 | E50: ="-" -> -
B51: Real Turn Ratio | C51: n.T | D51: =IF(F9,F9,D9)*(1+D50)^0.5 -> 8.9999903 | E51: ="-" -> -
B52: Series resonant characteristic imp | C52: Z.o | D52: =(IF(F44,F44,D44)/IF(F43,F43,D43)*1000)^0.5 -> 10.488088 | E52: Ω
B53: Parallel resonant characteristic imp | C53: Z.O | D53: =((IF(F44,F44,D44)+IF(F45,F45,D45))*1000/(IF(F43,F43,D43)))^0.5 -> 18.708287 | E53: Ω
B54: Normalized parallel resonant frequency | C54: f.no | D54: =((D50)/(1+D50))^0.5 -> 0.56061191 | E54: ="-" -> -
B55: Series resonant frequency | C55: f.r | D55: =1/(2*PI()*SQRT(IF(F44,F44,D44)*(10^-6)*IF(F43,F43,D43)*(10^-9)))/1000 -> 151.74828 | E55: kHz
B56: Parallel resonant frequency | C56: f.o | D56: =D55*D54 -> 85.071895 | E56: kHz
B57: Primary inductance | C57: L.μ | D57: =SQRT((IF(F45,F45,D45)*(IF(F45,F45,D45)+IF(F44,F44,D44)))) -> 28.982753 | E57: µH
B58: Primary side leakage inductance | C58: L.L1 | D58: =IF(F45,F45,D45)+IF(F44,F44,D44)-D57 -> 6.0172465 | E58: µH
B59: Secondary side leakaged inductance | C59: L.L2 | D59: =D58/D51^2 -> 0.074287154 | E59: µH
B60: Current for achieving ZVS | C60: I.R0.crit | D60: =(SQRT(2*(('Design Spec'!D111*(10^-12))/((IF(F44,F44,D44)+IF(F45,F45,D45))*(10^-6)))))*('Design Spec'!D83) -> 1.171324 | E60: A
B62: Estimated transformer current
B64: Parameters | C64: Name | D64: Value | E64: Unit
B65: Primary RMS current @ Vin min | C65: Ipri.rms (mains cycle) | D65: =CC!C29 -> 10.398379 | E65: A
B66: Primary peak current @ Vin_min | C66: Ipri.pk (at Vin.min pk) | D66: =CC!E27 -> 15.507005 | E66: A
B67: Secondary RMS current @ Vin min | C67: Isec.rms (mains cycle) | D67: =CC!C25 -> 31.171126 | E67: A
B68: Secondary peak current @ Vin_min | C68: Isec.pk (at Vin.min pk) | D68: =CC!E24 -> 115.56906 | E68: A

Sheet Power Components
B4: Input capacitor selection
B6: Parameters | C6: Name | D6: Value | E6: Unit | F6: Selected Value
B7: Minimum Input Cap. | C7: C.in.min | D7: =3*'Preliminary Calculation'!D20 -> 2054.3212 | E7: nF | F7: 2200
B9: Output capacitor selection
B11: Parameter | C11: Name | D11: Value | E11: Unit
B12: Output Power | C12: Pout | D12: ='Design Spec'!D27 -> 657.5 | E12: W
B13: Output current | C13: Iout | D13: ='Preliminary Calculation'!D7 -> 26.3 | E13: A
B14: Regulated output voltage | C14: Vout | D14: ='Design Spec'!D23 -> 25 | E14: V
B15: Minimum admitted voltage | C15: Vo_min_adm | D15: ='Design Spec'!D24 -> 16 | E15: V
B16: Output voltage ripple | C16: Ripple | D16: ='Design Spec'!D25 -> 10 | E16: %
B17: Hold up capability | C17: Thold | D17: ='Design Spec'!D26 -> 10 | E17: ms
B18: Minimum Mains frequency | C18: fl | D18: ='Design Spec'!D17 -> 47 | E18: Hz
B20: Parameter | C20: Name | D20: Value | E20: Unit
B21: Output cap considering ripple pk-pk | C21: Cout1 | D21: =D13/(2*PI()*D18*D14*(D16/100))*10^6 -> 35623.617 | E21: uF
B22: Ouptut cap considering hold up | C22: Cout2 | D22: =(2*D12*D17*(10^-3))/((D14^2)-(D15^2))*10^6 -> 35636.856 | E22: uF
B23: Number of output capacitors | C23: n.Cout | D23: 160 | E23: -
B24: Insert the single capacitor value | C24: Cout.single | D24: 470 | E24: uF
B25: Insert the ESR value of the single capacitor | C25: ESR.single | D25: 30 | E25: mΩ
B26: Total ouptut capacitor Cout | C26: Cout | D26: =D24*D23 -> 75200 | E26: uF
B27: Total ESR of Cout | C27: ESR | D27: =D25/D23 -> 0.1875 | E27: mΩ
B28: Output cap RMS current | C28: I.Cout.RMS | D28: =CC!C31 -> 24.414131 | E28: A
B30: Parameter | C30: Name | D30: Value | E30: Unit
B31: Low frequency ripple voltage pk-pk recalculation | C31: V_Ripple_pk-pk | D31: =D13/(2*PI()*D18*D26*(10^-6)) -> 1.1842958 | E31: V
B32: % Ripple pk-pk on Vout | C32: Ripple pk-pk % | D32: =D31/D14*100 -> 4.7371831 | E32: %
B33: Hold up time recalculation | C33: Thold | D33: =D26/(2*D12)*((D14^2)-(D15^2))/1000 -> 21.101749 | E33: ms
B34: Estimated maximum R&N @ Vinmin | C34: R&N_0 | D34: =D27*CC!$E$24 -> 21.669199 | E34: mV
B35: Maximum allowed R&N @ fsw | C35: R&N_max | D35: 30 | E35: mV
B36: Displacement factor of ceramic capacitor | C36: DF | D36: 2.5 | E36: %
B37: Suggested minimum ceramic capacitor | C37: Cceramic min | D37: =IF((1-D35/D34)*(D36/100)*(10^6)/(D27*2*PI()*CC!$E$21*D35/D34)>0,(1-D35/D34)*(D36/100)*(10^6)/(D27*2*PI()*CC!$E$21*D35/D34),0) -> 0 | E37: uF
B38: Select the ceramic capacitor | C38: Cceramic | D38: 10 | E38: uF
B39: Estimated R&N @ fsw | C39: R&N | D39: =D34/(D27*10^(-6)*2*PI()*CC!$E$21*D38/(D36/100)+1) -> 20.615254 | E39: mV
B40: Estimated dissipated power on output capacitors | C40: P.Cout | D40: =D28*D28*(((2*PI()*CC!C21*1000*D38*10^-6)/(D36/100))+(D27/1000)^-1)^-1 -> 0.10670301 | E40: W
B42: Input Bridge Rectifier
B44: Parameter | C44: Name | D44: Value | E44: Unit
B45: Maximum RMS Input Current | C45: Iin | D45: ='Preliminary Calculation'!D11 -> 7.4546485 | E45: A
B46: Parameter | C46: Name | D46: Value | E46: Unit
B47: Selected Bridge Forward Voltage (1 diode) | C47: Vth | D47: ='Design Spec'!D52 -> 0.08 | E47: V
B48: Dynamic Resistance (1 diode) | C48: Rd | D48: ='Design Spec'!D53 -> 0.04 | E48: Ω | G48: Bridge rectifier schematic
G49: =C50 -> GBJ1506U
B50: Please Select a BRIDGE RECTIFIER part number | C50: GBJ1506U
B52: Parameter | C52: Name | D52: Value | E52: Unit
B53: Rectified Sine Current (half wave)_RMS | C53: I hw_RMS | D53: =D45/SQRT(2) -> 5.2712325 | E53: A
B54: Rectified Sine Current (half wave)_Average | C54: I hw_Average | D54: =0.5*(D45*SQRT(2))*2/PI() -> 3.3557708 | E54: A
B55: Power dissipation | C55: Pbridge | D55: =2*(2*D54*D47)+2*(2*D48*(D53^2)) -> 5.5195894 | E55: W
B57: LLC Half Brigdge Power Switch Selection
B59: Parameter | C59: Name | D59: Value | E59: Unit
B60: Primary RMS current @Vin min | C60: Ipri.rms | D60: =CC!C29 -> 10.398379 | E60: A
B61: Primary RMS Switch current @Vin min | C61: Ipri.rms (per mos) | D61: =CC!C30 -> 7.3527643 | E61: A
B63: Parameter | C63: Name | D63: Value | E63: Unit
B64: Suggested Min Voltage rating for each power | C64: VDS | D64: =(1.3*'Design Spec'!D14*1.414) -> 485.2848 | E64: V
B65: Suggested Min Current rating for each power | C65: IF Switch | D65: =1.3*CC!E27 -> 20.159107 | E65: A
B67: Please Select a dedicated Switch part number | C67: STO60N045DM9
B69: Parameter | C69: Name | D69: Value | E69: Unit
B70: Rdson resistance@25˚C | C70: Rdson | D70: 0.045 | E70: Ω
B71: Drain Capacitance | C71: Coss | D71: 86 | E71: pF
B72: Parassitic Drain Node Capacitance | C72: Cpar | D72: 10 | E72: pF
B73: Operating Ambient Temperature | C73: Ta | D73: 25 | E73: C˚
B76: Parameter | C76: Name | D76: Value | E76: Unit
B77: Total HB parassitic Capacitance | C77: Ctot | D77: =(2*D71)+D72 -> 182 | E77: pF
B78: Maximum Power Losses extimation for each switch | C78: Pdiss.s | D78: =(D70*((D61)^2)) -> 2.4328414 | E78: W
B79: Extimated Rth max j-a | C79: Rth | D79: =(125-D73)/D78 -> 41.104199 | E79: ˚C/W
B81: =IF(OR('Design Spec'!$D$107=1,'Design Spec'!$D$107=2),_xlfn.CONCAT("Secondary Side Power Switch Selection in ",IF('Design Spec'!$D$107=1,"center tap configuration","full bridge configuration")),"Wrong output bridge selection, return to design Spec sheet") -> Secondary Side Power Switch Selection in center tap configuration
B83: Parameter | C83: Name | D83: Value | E83: Unit [ ]
B84: Secondary RMS current @Vin min-each winding | C84: Isec.rms (per winding) | D84: =CC!C25 -> 31.171126 | E84: A
B85: Secondary RMS Switch current @Vin min-each diode | C85: Idiode.rms (per diode) | D85: =CC!C26 -> 31.171126 | E85: A
B86: Secondary peak Switch current @Vin min-each diode | C86: Isec.pk | D86: =CC!E24 -> 115.56906 | E86: A
B88: Parameter | C88: Name | D88: Value | E88: Unit [ ]
B89: Suggested Min Voltage rating for each power switch | C89: VDS | D89: =1.2*2*'Design Spec'!$D$95/'Design Spec'!$D$107 -> 60 | E89: V
B90: Suggested Min Current rating for each power switch | C90: IF Switch | D90: =1.2*D86 -> 138.68287 | E90: A
B92: Please Select a dedicated Switch part number | C92: TPH3R70APL1
B94: Parameter | C94: Name | D94: Value | E94: Unit
B95: Forward voltage drop | C95: Vth | D95: 0 | E95: V
B96: Rdson resistance@25˚C | C96: RD | D96: 0.0031 | E96: Ω
B97: Operating Ambient Temperature | C97: Ta | D97: 25 | E97: C˚
B99: Parameter | C99: Name | D99: Value | E99: Unit
B100: Maximum Power Losses extimation for each switch | C100: Pdiss_d | D100: =(0.5*D95*'Preliminary Calculation'!D7)+D96*(D85)^2 -> 3.0120812 | E100: W
B101: Extimated Rth | C101: Rth | D101: =(125-D97)/D100 -> 33.199636 | E101: ˚C/W
B102: Total Power dissipation | C102: Pdiss | D102: =D100*2*'Design Spec'!$D$107 -> 6.0241624 | E102: W
B104: Conf.1: CT=Center Tap Rectification | C104: Conf.2: FB=Full Bridge Rectification

Sheet Device Setting
B1: Minimum switching frequency = lower resonant frequency | C1: f.sw.min | D1: ='Res. Tank Design'!D56 -> 85.071895 | E1: kHz
B2: Maximum switching frequency at Vinmax and max load | C2: f.sw.max | D2: =RTC!$BD$212 -> 152.08937 | E2: kHz
B3: Maximum switching frequency for component design | C3: f.sw.max.design | D3: =MIN('Design Spec'!D104,D2*1.5) -> 225 | E3: kHz
B4: Resonant Frequency | C4: f.r | D4: ='Res. Tank Design'!D55 -> 151.74828 | E4: kHz
B10: 1-VCO timing components setting
B12: DS_Reference voltage for CT Typ. | C12: VREF | D12: 1.5 | E12: V
B13: DS_Oscillator idle time 350ns Typ. | C13: Tidle | D13: 350 | E13: ns
B14: DS_Timing resistor operating range [5-30]kΩ | C14: Rtmax | D14: 30 | E14: kΩ
B15: DS_IEA_max typ. 400uA | C15: I.CTL.max | D15: 0.4 | E15: mA
B16: DS_Extra osccillator current at start-up: | C16: IOSC.SU | D16: 0.412 | E16: mA
B18: Parameters | C18: Name | D18: Value | E18: Unit | I18: VCO block diagram
B19: Maximum Timing Capacitor | C19: CT.max | D19: =(D15*(10^-3))*((2*D13*D3*(10^-6))-1)*((2*D13*D1*((10^-6)))-1)/(2*D12*((D3-D1)*10^3))*10^12 -> 754.98662 | E19: pF
B20: Minimum Timing Capacitor | C20: CT.min | D20: =(1/(D14*(10^3)))*((1/(2*D1*10^3))-(D13*(10^-9)))*10^12 -> 184.24606 | E20: pF
B21: Select the timing capacitor between CTmin and Ctmax | C21: CT | D21: 470 | E21: pF
B23: Parameters | C23: Name | D23: Value | E23: Unit | F23: Selected Value
B24: Minimum Resistor value | C24: RT.min | D24: =(1/(D21*(10^-12)))*(1/(2*D1*(10^3))-(D13*10^-9))/1000 -> 11.760387 | E24: kΩ | F24: 11
B26: Parameters | C26: Name | D26: Value | E26: Unit
B27: Actual Max. switching frequency | C27: f.Max | D27: =1/(2*(((D21*(10^-12))/(((D15*(10^-3))/D12)+(1/(F24*(10^3)))))+(D13*(10^-9))))/1000 -> 300.40733 | E27: kHz
B28: Actual Min. switching frequency | C28: f.Min | D28: =1/(2*(D21*F24*(10^-9)+D13*(10^-9)))/1000 -> 90.57971 | E28: kHz
B29: Actual Start-up switching frequency | C29: f.start-up | D29: =1/(2*(((D21*(10^-12))/((((D15+D16)*(10^-3))/(D12))+(1/(F24*(10^3)))))+(D13*(10^-9))))/1000 -> 457.29516 | E29: kHz
C31: P.in | D31: ='Preliminary Calculation'!D20 -> 684.77372 | E31: W
C32: Ilr.pk.max | D32: =CC!E27 -> 15.507005 | E32: A
B33: Maximum rms current on sense resistor (at Vinmin) | C33: I.Rcs.rms.max | D33: =MAX(CC!C29,'Preliminary Calculation'!D11) -> 10.398379 | E33: A
B35: 2-ISEN (Pin6) Current sense resistor calculation
B37: Parameters | C37: Name | D37: Value | E37: Unit
B38: Max input power at FB voltage clamped to the VFB.max | C38: R.CS.max1 | D38: =16.8/D31*1000 -> 24.533652 | E38: mΩ
B39: Minimum input voltage, the maximum input peak current | C39: R.CS.max2 | D39: =0.55/D32*1000 -> 35.467841 | E39: mΩ
B40: Sense dissipation @ low mains | C40: P.Rcs.avg | D40: =(MIN(D38,D39)/1000)*(D33)^2 -> 2.6527326 | E40: W
B41: Single sense resistor maximum power dissipation | C41: P.Rcs.sing | D41: 1 | E41: W
B42: Minimum number or parallel sense resistors | C42: N.Rcs.sing | D42: =_xlfn.CEILING.MATH(D40/D41) -> 3 | E42: -
B43: Select number of parallel sense resistors | C43: N.Rcs.parall | D43: 5 | E43: -
B44: Maximum value of single sense resistor | C44: Max.Rcs.parall | D44: =MIN(D38,D39)*D43 -> 122.66826 | E44: mΩ
B45: Select current sense resistor | C45: R.CS.single | D45: 120 | E45: mΩ | F45: 220||220||220||(220+220) | I45: =D43*((180^-1+180^-1+240^-1)^-1) -> 327.27273 | J45: 180||180||240
B46: Current sense resistor | C46: R.CS | D46: =D45/D43 -> 24 | E46: mΩ
B47: Actual estimated power dissipation on current sense resistor | C47: P.Rcs.act | D47: =(D46/1000)*(D33)^2 -> 2.5950309 | E47: W
B48: Actual estimated maximum input power | C48: Pin.max | D48: =16.8/D46*1000 -> 700 | E48: W
B51: 3-BM (pin10) - Burst mode resistor setting:
B53: DS_BM pin current | C53: I.BM | D53: 13.3 | E53: µA
B54: DS_Scaling factor for burst mode threshold setting | C54: k.BM | D54: 0.01 | E54: V/kΩ
B55: DS_Internal FB offset | C55: V.off | D55: 0.5 | E55: V
B56: Parameters | C56: Name | D56: Value | E56: Unit
B57: Input power burst mode threshold | C57: P.in.BM | D57: 75 | E57: W
B58: Expected converter efficiency at BM entering threshold | C58: η.BM.in | D58: 90 | E58: %
B60: Parameters | C60: Name | D60: Value | E60: Unit | F60: Selected Value
B61: Maximum burst mode resistor | C61: R.BM.max | D61: =16.7*(D57*D46*(10^-3)) -> 30.06 | E61: kΩ | F61: 30
B63: Parameters | C63: Name | D63: Value | E63: Unit
B64: Expected BM entering threshold | C64: P.in.BM.exp | D64: =(F61*D54)/(0.167*D46*10^-3) -> 74.850299 | E64: W
B65: Expected output power at BM entering | C65: P.o.BM.exp | D65: =D64*D58/100 -> 67.365269 | E65: W
B67: to blank | C67: Vout | D67: ='Design Spec'!D95 -> 25 | E67: V
B69: 4-ZCD (Pin12) resistors setting:
B71: DS_IC start-up phase end th at ZCD pin | C71: V.Startup.end.th | D71: 1.35 | E71: V
B72: DS_OVP1 threshold | C72: V.OVP1.th | D72: 2.3 | E72: V
B73: DS_OVP2 threshold | C73: V.OVP2.th | D73: 2.5 | E73: V
B74: DS_Maximum auxiliary voltage | C74: V.AUX.max | D74: 25 | E74: V
B76: Parameters | C76: Name | D76: Value | E76: Unit
B77: OVP1 threshold percentage | C77: V.OVP1% | D77: 10 | E77: %
B78: OVP1 threshold | C78: V.OVP1 | D78: =D67*(1+D77/100) -> 27.5 | E78: V
B79: OVP2 threshold | C79: V.OVP2 | D79: =D78*D73/D72 -> 29.891304 | E79: V
B81: Parameters | C81: Name | D81: Value | E81: Unit | F81: Selected Value
B82: Bias current of ZCD resistor divider at OVP1 threshold | C82: I.bias.OVP1 | D82: 120 | E82: µA
B83: Maximum auxiliary to secondary turn ratio (naux/nsec) | C83: n.aux_sec_max | D83: =D74/((D79/'Design Spec'!D107)) -> 0.83636364 | E83: - | F83: 3
B85: Parameters | C85: Name | D85: Value | E85: Unit | F85: Selected Value
B86: Peak aux voltage at OVP1 | C86: V.aux.OVP1 | D86: =F83*D78 -> 82.5 | E86: V
B87: Peak aux voltage at OVP2 | C87: V.aux.OVP2 | D87: =D86/D72*D73 -> 89.673913 | E87: V
B88: Peak aux voltage at end of start-up | C88: V.aux.startup.end | D88: =D86/D72*D71 -> 48.423913 | E88: V
B89: Peak output voltage at end of start-up | C89: V.out.startup.end | D89: =D88/F83 -> 16.141304 | E89: V
B90: Lower ZCD resistor divider | C90: R.ZCD.L.min | D90: =D72/D82*1000 -> 19.166667 | E90: kΩ | F90: 19
B91: Upper ZCD resistor divider | C91: R.ZCD.H.max | D91: =(F90*D86/D72)-F90 -> 662.52174 | E91: kΩ | F91: 680
B93: Parameters | C93: Name | D93: Value | E93: Unit
B94: OVP1 actual thresholds | C94: V.OVP1 | D94: =(D72/F83)*((F91/F90)+1) -> 28.205263 | E94: V
B95: OVP2 actual thresholds | C95: V.OVP2 | D95: =(D73/F83)*((F91/F90)+1) -> 30.657895 | E95: V
B96: OVP1 on auxiliary winding | C96: V.aux.OVP1 | D96: =F83*D94 -> 84.615789 | E96: V
B97: OVP2 on auxiliary winding | C97: V.aux.OVP2 | D97: =F83*D95 -> 91.973684 | E97: V
B98: Actual End-Start-up voltage on aux | C98: V.aux.startup.end | D98: =(D96/D72)*(D71) -> 49.665789 | E98: V
B99: Actual End-Start-up voltage on output | C99: V.out.startup.end | D99: =D98/F83 -> 16.555263 | E99: V
B100: Actual auxiliary regulated voltage | C100: V.aux.reg | D100: ='Design Spec'!D95*F83 -> 75 | E100: V
B102: to balnk | C102: Vacmin | D102: ='Design Spec'!D78 -> 90 | E102: Vac
B104: 5-CFG (Pin11) - resistor setting:
B106: Parameters | C106: Name | D106: Value | E106: Unit | F106: Selected Value | I106: Configuration table summary
B107: K factor | C107: k.CFG | D107: 4 | E107: V/kΩ
B108: Configuration resistor value | C108: R.CFG.max | D108: =SQRT(2)*D102/D107 -> 31.819805 | E108: kΩ | F108: 30
B109: Actual brownout threshold | C109: V.BO | D109: =F108*D107/SQRT(2) -> 84.852814 | E109: V
B110: LOUT2 setting | C110: =IF(OR('Design Spec'!D80=0,'Design Spec'!D80=1,'Design Spec'!D80=3),"Connect to driver","Short to GND") -> Connect to driver
B111: Actual configuration | C111: =IF('Design Spec'!D80=0,IF(F108<47.5,"Morphing enabled","Check R.CFG value"),IF('Design Spec'!D80=1,"FB configuration",IF('Design Spec'!D80=3,IF(F108>47.5,"FB at high mains configuration","Check R.CFG value"),"Forced HB configuration - Splitted Cr mandatory"))) -> Morphing enabled
B113: Split resonant capacitors for forced HB configuration

Sheet CompensationNet&Check
B2: Link input data | C2: Vinmax | D2: ='Design Spec'!D79 -> 264
B3: Link input data | C3: Vinmin | D3: ='Design Spec'!D83 -> 173.24116
B4: Link input data | C4: Vout | D4: ='Design Spec'!D95 -> 25 | E4: V
B5: Link_power components | C5: Cout | D5: ='Power Components'!D26*10^-6 -> 0.0752 | E5: F
B6: Link input data | C6: fl | D6: ='Design Spec'!D90 -> 50 | E6: Hz
B7: Link input data | C7: flmin | D7: ='Design Spec'!D91 -> 47 | E7: Hz
B11: FB and secondary side voltage control loop
B13: Parameters | C13: Name | D13: Value | E13: Unit | H13: Secondary side voltage control loop schematics:
B14: Feedback supply voltage | C14: V.Z | D14: 12 | E14: V
B15: Max feedback current | C15: I.FB.max | D15: =300/D31 -> 566.03774 | E15: µA
B16: Current out of FB pin | C16: I.FB.steady | D16: 150 | E16: µA
B17: FB pin internal resistance | C17: R.FB | D17: 35 | E17: kΩ
B19: Please Select a Voltage Regulator part number | C19: TL431AIT
B21: Parameters | C21: Name | D21: Value | E21: Unit
B22: Tx431 referemce voltage | C22: V.R | D22: 2.495 | E22: V
B23: Tx431 min operating current | C23: I.min | D23: 0.8 | E23: mA
B25: Please Select an Optocoupler part number | C25: SFH617A
B27: Parameters | C27: Name | D27: Value | E27: Unit
B28: Optodiode voltage drop | C28: V.Fo | D28: 1.15 | E28: V
B29: Optocoupler transfer ratio when Itr = 150uA | C29: CTR.steady | D29: 0.37
B30: Optocoupler capacitance | C30: C.opto | D30: 3 | E30: nF
B31: Optocoupler transfer ratio when Itr = 300uA | C31: CTR.max | D31: 0.53 | E31: ="-" -> -
B33: Output feedback divider and Vout setting
B35: Parameters | C35: Name | D35: Value | E35: Unit | F35: Selected value
B36: Upper resistor divider | C36: R.I | D36: 100 | E36: kΩ
B37: Lower resistor divider | C37: Ro | D37: =D22/(D4-D22)*D36 -> 11.086425 | E37: kΩ | F37: 11
B38: Regulated ouput voltage | C38: Vout | D38: =D22*(D36+F37)/F37 -> 25.176818 | E38: V
B40: Parameters | C40: Name | D40: Value | E40: Unit | F40: Selected value
B41: Limiting Resistor | C41: R.p.Max | D41: =D28/D23 -> 1.4375 | E41: kΩ | F41: 1.3
B42: External EA biasing resistor_max value | C42: R.B.max | D42: =(D14-(D22+D28))/(((D16*10^-6)/D29)+(D23*10^-3))/1000 -> 6.931278 | E42: kΩ
B43: External EA biasing resistor_min value | C43: R.B.min | D43: =(D14-(D22+D28))/(((D15*10^-6)/D31)+(D23*10^-3))/1000 -> 4.4727083 | E43: kΩ | F43: 6.2
B44: Maximum Feedback current | C44: I.FB | D44: =((D14-(D22+D28))/(F43*1000)-(D23*10^-3))*D31*(10^6) -> 290.21774 | E44: µA
B46: DS_Gain | C46: K.HV | D46: =3.34*(10^-3) -> 0.00334 | E46: ="-" -> -
B47: DS_Gain | C47: K.M | D47: 0.2 | E47: 1/V^2
B48: DS_Gain | C48: K.FF | D48: 0.2 | E48: V^3
B49: DS_Offset | C49: Vos | D49: 0.5 | E49: V
B51: Link to Preliminary calculations | C51: η.HB | D51: ='Preliminary Calculation'!D17/100 -> 0.98
B52: Link to Device Setting | C52: R.CS | D52: ='Device Setting'!D46*10^(-3) -> 0.024 | E52: Ω
B56: Feedback Loop Requirements
B58: Parameters | C58: Name | D58: Value | E58: Unit
B59: Required phase margin | C59: Φ.M | D59: 50 | E59: deg
B60: Max. 3rd harm. Distortion @ full load: | C60: D.3rd% | D60: 5 | E60: %
B61: Output Power setpoint | C61: Po | D61: ='Design Spec'!D98 -> 657.5 | E61: W
B63: Parameters | C63: Name | D63: Value | E63: Unit | F63: Selected value
B64: Error Amplifier FB voltage at output power Po | C64: V.FB(Po) | D64: =(2*D46)/(D47*D48)*D61/D51*D52 -> 2.6890408 | E64: V
B65: Output ripple voltage @ 2fL and output power Po (peak-peak): | C65: DV(Po,fl) | D65: =(D61/D4)*(1/(2*PI()*D6))*(1/D5) -> 1.113238 | E65: V
B66: Control-to-output Transfer Function (Constant-power Load) @ output power Po | C66: Go(Po) | D66: =(D61/D4)*(1/(D64))*(1/D5) -> 130.05903 | E66: Hz
B67: Error Amplifier Quiescent Point | C67: V.FB_set | D67: =D64+D49 -> 3.1890408 | E67: V
B68: Output ripple voltage @ 2fLmin: (peak-peak) | C68: ΔV.O | D68: =(D61/D4)*(1/(2*PI()*D7))*(1/D5) -> 1.1842958 | E68: V
B70: Parameters | C70: Name | D70: Value | E70: Unit
B71: Control-to-output Transfer Function (Constant-power Load) worst case | C71: G.o_wstOC | D71: =(D61/D4)*(1/(D64))*(1/D5) -> 130.05903 | E71: Hz
B72: Control-to-Output TF Crossover Frequency | C72: f.cto_Cross | D72: =D71/(2*PI()) -> 20.699538 | E72: Hz
B73: Required E/A Gain @ 2fLmin | C73: EA_G.2fl | D73: =4*(((D67-D49)*D60/100)/(D65)) -> 0.48310258 | E73: ="-" -> -
B74: Max-to-min input voltage ratio | C74: Γ.v | D74: =0.744*D2/D3 -> 1.1337721 | E74: ="-" -> -
B76: Parameters | C76: Name | D76: Value | E76: Unit
B77: Required Venable's α factor | C77: α.v | D77: 1.2 | E77: ="-" -> - | F77: fissato
B78: Required Venable's K factor | C78: K.v | D78: =(1/(2*D77))*(((1+(D77^2))*(TAN((D59*PI()/180))))+((((1+(D77^2)*(TAN(D59*PI()/180)))^2)+(4*(D77^2)))^0.5)) -> 2.7218438 | E78: ="-" -> -
B80: Compensated Error Amplifier Goal Transfer Function (Type II + HF pole):
B82: Parameters | C82: Name | D82: Value | E82: Unit
B83: Required Unity Gain Factor | C83: EA.o_Goal | D83: =2*PI()*(2*D7)*(D73)/(D78^2) -> 38.514183 | E83: Hz
B84: Required Central Frequency | C84: f.MB | D84: =(1/(2*PI()))*((D71*1*D78*D83)/(D74))^0.5 -> 17.452974 | E84: Hz
B85: Required Pole Frequencies | C85: f.p_Goal | D85: =D78*D84 -> 47.504269 | E85: Hz
B86: Required Zero Frequency | C86: f.z_Goal | D86: =1/D78*D84 -> 6.412188 | E86: Hz
B87: Added high frequency pole | C87: f.p_HF | D87: 1000 | E87: Hz
B90: ERROR AMPLIFIER Compensation Network Implementation (circuit connected to pin 9)
B92: Parameters | C92: Name | D92: Value | E92: Unit | F92: Selected value
B93: Calculated feedback capacitor CFo | C93: C.Fo | D93: =(D86/D85)*((D29*D17)/(D36*F43*1000*D83))*10^9 -> 73.203358 | E93: nF | F93: 82
B94: Calculated feedback capacitor CF | C94: C.f | D94: =IF(F93,F93,D93)*((D85/D86)-1) -> 525.49155 | E94: nF | F94: 560
B95: Calculated feedback resistor RF | C95: R.f | D95: =1/(2*PI()*(D86*IF(F94,F94,D94)*(10^-9)))/1000 -> 44.322664 | E95: kΩ | F95: 47
B96: Calculated feedback capacitor CFo for fpx pol | C96: C.fx | D96: =((1/(2*PI()*D87*D17*1000))-(D30*10^-9))*(10^9) -> 1.5472841 | E96: nF | F96: 1.55
B98: Implemented Error Amplifier Transfer Function Expression
B100: Parameters | C100: Name | D100: Value | E100: Unit
B101: Implemented EA Unity Gain Factor | C101: EA.o | D101: =D29*D17/((IF(F94,F94,D94)+IF(F93,F93,D93))*(F43*D36))*10^6 -> 32.534419 | E101: Hz
B102: Implemented EA Zero and Pole Frequency | C102: f.z | D102: =1/(2*PI()*(IF(F95,F95,D95)*IF(F94,F94,D94)))*10^6 -> 6.0469203 | E102: Hz
B103: Implemented EA Zero and Pole Frequency | C103: f.p | D103: =1/(((2*PI()*IF(F95,F95,D95)*1000)*((IF(F94,F94,D94)*IF(F93,F93,D93))*(10^(-9))/(IF(F93,F93,D93)+IF(F94,F94,D94))))) -> 47.342962 | E103: Hz
B104: Implemented EA Higher Pole Frequency: | C104: f.px | D104: =1/(2*PI()*D17*1000*((D30+IF(F96,F96,D96))*10^-9)) -> 999.4031 | E104: Hz
B107: Loop Compensation Check @ Operating Conditions
B109: Parameters | C109: Name | D109: Value | E109: Unit
B110: Line frequency | C110: fl | D110: 47 | E110: Hz
B111: Output Power percentage | C111: P.o.% | D111: 100 | E111: %
B112: Output Power setpoint | C112: P.o.x | D112: ='Design Spec'!D27*D111/100 -> 657.5 | E112: W
B114: Parameters | C114: Name | D114: Value | E114: Unit
B115: Error Amplifier Quiescent Point | C115: V.FB_OC | D115: =(2*D46)/(D47*D48)*D112/D51*D52+D49 -> 3.1890408 | E115: V
B116: Output ripple voltage @ 2fL: (peak) | C116: ΔV.O_OC | D116: =(D112/D4)*(1/(2*PI()*D110))*(1/D5) -> 1.1842958 | E116: V
B117: Control-to-Output Transfer function (constant-power load) | C117: G.o_OC | D117: =(D112/D4)*(1/(((2*D46)/(D47*D48)*D112/D51*D52)))*(1/D5) -> 130.05903 | E117: Hz
B118: Control-to-Output TF Crossover Frequency | C118: f.cto_cross | D118: =D117/(2*PI()) -> 20.699538 | E118: Hz
B120: Feedback Loop Requirements check | AT120: Fcross | AV120: 2*fL
B122: Parameters | C122: Name | D122: Value | E122: Unit | H122: frequency | I122: 0.1 | J122: 0.2 | K122: 0.3 | L122: 0.4 | M122: 0.5 | N122: 0.6 | O122: 0.7 | P122: 0.8 | Q122: 0.9 | R122: 1 | S122: 2 | T122: 3 | U122: 4 | V122: 5 | W122: 6 | X122: 7 | Y122: 8 | Z122: 9 | AA122: 10 | AB122: 20 | AC122: 30 | AD122: 40 | AE122: 50 | AF122: 60 | AG122: 70 | AH122: 80 | AI122: 90 | AJ122: 100 | AK122: 200 | AL122: 300 | AM122: 400 | AN122: 500 | AO122: 600 | AP122: 700 | AQ122: 800 | AR122: 900 | AS122: 1000 | AT122: =M167 -> 17.573492 | AU122: frequency | AV122: =2*D110 -> 94 | AW122: Hz
B123: Crossover Frequency | C123: f.cross | D123: =M167 -> 17.573492 | E123: Hz | H123: G.cto_OC | I123: =$D$117/(2*PI()*I122) -> 206.99538 | J123: =$D$117/(2*PI()*J122) -> 103.49769 | K123: =$D$117/(2*PI()*K122) -> 68.998459 | L123: =$D$117/(2*PI()*L122) -> 51.748844 | M123: =$D$117/(2*PI()*M122) -> 41.399075 | N123: =$D$117/(2*PI()*N122) -> 34.499229 | O123: =$D$117/(2*PI()*O122) -> 29.570768 | P123: =$D$117/(2*PI()*P122) -> 25.874422 | ... AT123: =$D$117/(2*PI()*AT122) -> 1.1778841 | AU123: G.cto_OC
B124: Actual Phase Margin | C124: ϕ.M.Act | D124: =180+AT139 -> 50.647308 | E124: Deg
B125: Actual E/A Gain @ 2fL | C125: EAG.2fl.Act | D125: =AV132 -> 0.38597844 | E125: ="-" -> -
B126: Actual 3rd Harmonic Distortion @ 2fL | C126: D.3rd%.Act | D126: =D125*D116/(4*(D115-D49))*100 -> 4.2497741 | E126: % | H126: IGcto_OCI | I126: =20*LOG10(I123) -> 46.319213 | J126: =20*LOG10(J123) -> 40.298613 | K126: =20*LOG10(K123) -> 36.776788 | L126: =20*LOG10(L123) -> 34.278013 | M126: =20*LOG10(M123) -> 32.339813 | N126: =20*LOG10(N123) -> 30.756188 | O126: =20*LOG10(O123) -> 29.417252 | P126: =20*LOG10(P123) -> 28.257413 | ... AT126: =20*LOG10(AT123) -> 1.4220513 | AU126: IGcto_OCI
H127: Fase_Gcto_OC | I127: -90 | J127: -90 | K127: -90 | L127: -90 | M127: -90 | N127: -90 | O127: -90 | P127: -90 | Q127: -90 | R127: -90 | S127: -90 | T127: -90 | U127: -90 | V127: -90 | W127: -90 | X127: -90 | Y127: -90 | Z127: -90 | AA127: -90 | AB127: -90 | AC127: -90 | AD127: -90 | AE127: -90 | AF127: -90 | AG127: -90 | AH127: -90 | AI127: -90 | AJ127: -90 | AK127: -90 | AL127: -90 | AM127: -90 | AN127: -90 | AO127: -90 | AP127: -90 | AQ127: -90 | AR127: -90 | AS127: -90 | AT127: -90 | AU127: Fase_Gcto_OC
B128: Estimated FB ripple at BM entering threshold | C128: ΔV.FM@BM | D128: =('Device Setting'!D57/D4)*(1/(2*PI()*D110))*(1/D5)*D125*1000 -> 52.142126 | E128: mV
B129: Suggested reduction of RBM resistor | C129: ΔRBM | D129: =D128/(1000*2*0.01) -> 2.6071063 | E129: kΩ
H132: EA (f) | I132: =($D$101/(2*PI()*I122))*(((1+(I122/$D$102)^2))/(1+(I122/$D$103)^2))^0.5 -> 51.7871 | J132: =($D$101/(2*PI()*J122))*(((1+(J122/$D$102)^2))/(1+(J122/$D$103)^2))^0.5 -> 25.903994 | K132: =($D$101/(2*PI()*K122))*(((1+(K122/$D$102)^2))/(1+(K122/$D$103)^2))^0.5 -> 17.280927 | L132: =($D$101/(2*PI()*L122))*(((1+(L122/$D$102)^2))/(1+(L122/$D$103)^2))^0.5 -> 12.972862 | M132: =($D$101/(2*PI()*M122))*(((1+(M122/$D$102)^2))/(1+(M122/$D$103)^2))^0.5 -> 10.39079 | N132: =($D$101/(2*PI()*N122))*(((1+(N122/$D$102)^2))/(1+(N122/$D$103)^2))^0.5 -> 8.6717052 | O132: =($D$101/(2*PI()*O122))*(((1+(O122/$D$102)^2))/(1+(O122/$D$103)^2))^0.5 -> 7.445747 | P132: =($D$101/(2*PI()*P122))*(((1+(P122/$D$102)^2))/(1+(P122/$D$103)^2))^0.5 -> 6.5279834 | ... AT132: =($D$101/(2*PI()*AT122))*(((1+(AT122/$D$102)^2))/(1+(AT122/$D$103)^2))^0.5 -> 0.84897958 | AU132: EA (f) | AV132: =($D$101/(2*PI()*AV122))*(((1+(AV122/$D$102)^2))/(1+(AV122/$D$103)^2))^0.5 -> 0.38597844 | AW132: EA(2fL)
H133: IEA(f)I | I133: =20*LOG10(I132) -> 34.284432 | J133: =20*LOG10(J132) -> 28.267335 | K133: =20*LOG10(K132) -> 24.751341 | L133: =20*LOG10(L132) -> 22.260716 | M133: =20*LOG10(M132) -> 20.332971 | N133: =20*LOG10(N132) -> 18.76209 | O133: =20*LOG10(O132) -> 17.438166 | P133: =20*LOG10(P132) -> 16.295581 | ... AT133: =20*LOG10(AT132) -> -1.4220551 | AU133: IEA(f)I
H134: Fase EA | I134: =-90+(ATAN(I122/$D$102)/(2*PI())*360)-(ATAN(I122/$D$103)/(2*PI())*360) -> -89.173589 | J134: =-90+(ATAN(J122/$D$102)/(2*PI())*360)-(ATAN(J122/$D$103)/(2*PI())*360) -> -88.347695 | K134: =-90+(ATAN(K122/$D$102)/(2*PI())*360)-(ATAN(K122/$D$103)/(2*PI())*360) -> -87.522832 | L134: =-90+(ATAN(L122/$D$102)/(2*PI())*360)-(ATAN(L122/$D$103)/(2*PI())*360) -> -86.699513 | M134: =-90+(ATAN(M122/$D$102)/(2*PI())*360)-(ATAN(M122/$D$103)/(2*PI())*360) -> -85.878245 | N134: =-90+(ATAN(N122/$D$102)/(2*PI())*360)-(ATAN(N122/$D$103)/(2*PI())*360) -> -85.059526 | O134: =-90+(ATAN(O122/$D$102)/(2*PI())*360)-(ATAN(O122/$D$103)/(2*PI())*360) -> -84.243849 | P134: =-90+(ATAN(P122/$D$102)/(2*PI())*360)-(ATAN(P122/$D$103)/(2*PI())*360) -> -83.431697 | ... AT134: =-90+(ATAN(AT122/$D$102)/(2*PI())*360)-(ATAN(AT122/$D$103)/(2*PI())*360) -> -39.352692 | AU134: Fase EA
AT137: Zero
H138: IH_OL_OCI | I138: =20*LOG10(I123*I132) -> 80.603645 | J138: =20*LOG10(J123*J132) -> 68.565948 | K138: =20*LOG10(K123*K132) -> 61.528128 | L138: =20*LOG10(L123*L132) -> 56.538729 | M138: =20*LOG10(M123*M132) -> 52.672784 | N138: =20*LOG10(N123*N132) -> 49.518278 | O138: =20*LOG10(O123*O132) -> 46.855418 | P138: =20*LOG10(P123*P132) -> 44.552994 | ... AT138: =20*LOG10(AT123*AT132) -> -3.8078222e-06 | AU138: IH_OL_OCI
...

Sheet BOM&Schematics
I3: Power Part Schematics
C4: BOM and Schematics
C6: Resonant tank parameters
C8: Parameters | D8: Name | E8: Value | F8: Unit | G8: {=IF(AND(VALUE(E9:E13)),"","Please compile on sheet")}
C9: Magnetizing inductance | D9: L.m | E9: ='Res. Tank Design'!F45 -> 24 | F9: µH | G9: =IF(E9,"","Res. Tank Design")
C10: Leakage inductance | D10: L.r | E10: ='Res. Tank Design'!F44 -> 11 | F10: µH | G10: =IF(E10,"","Res. Tank Design")
C11: Resonant Capacitor | D11: C.r | E11: ='Res. Tank Design'!F43 -> 100 | F11: nF | G11: =IF(E11,"","Res. Tank Design")
C12: Pri. to Sec. turn ratio | D12: n | E12: ='Res. Tank Design'!F9 -> 7.4527 | F12: ="-" -> - | G12: =IF(E12,"","Res. Tank Design")
C13: Auxiliary to Secondary turn ratio | D13: n.aux_sec | E13: ='Device Setting'!$F$83 -> 3 | F13: ="-" -> - | G13: =IF(E13,"","Device Setting")
C15: Input and output cap
C17: Parameters | D17: Name | E17: Value | F17: Unit | G17: {=IF(AND(VALUE(E18:E21)),"","Please compile on sheet")}
C18: PFC input Capacitor | D18: Cin | E18: ='Power Components'!$F$7 -> 2200 | F18: nF | G18: =IF(E18,"","Power Components")
C19: Number of output EL capacitor | D19: n.Cout | E19: ='Power Components'!$D$23 -> 160 | F19: - | G19: =IF(E19,"","Power Components")
C20: PFC Output EL Capacitor (single) | D20: Cout | E20: ='Power Components'!$D$24 -> 470 | F20: µF | G20: =IF(E20,"","Power Components")
C21: PFC Output Ceramic Capcitor | D21: Cout ceramic | E21: ='Power Components'!D38 -> 10 | F21: µF | G21: =IF(E21,"","Power Components")
C23: HVSU connecting diodes PN
C25: Selected component | D25: PN
C26: Example of Diodes PN (x 2) | D26: S1M
C28: Input Bridge Rectifier PN
C30: Selected component | D30: PN
C31: Input Bridge Rectifier PN | D31: ='Power Components'!$C$50 -> GBJ1506U | G31: =IF(ISBLANK(D31),"Power Components","")
C33: Sense resistor
C35: Parameters | D35: Name | E35: Value | F35: Unit | G35: {=IF(AND(VALUE(E36:E38)),"","Please compile on sheet")}
C36: Rsense total value | D36: ='Device Setting'!C$46 -> R.CS | E36: ='Device Setting'!$D$46 -> 24 | F36: mΩ | G36: =IF(E36,"","Device Setting")
C37: Single Rsense value | D37: ='Device Setting'!C$45 -> R.CS.single | E37: ='Device Setting'!D$45 -> 120 | F37: mΩ | G37: =IF(E37,"","Device Setting")
C38: Number of Rsense | D38: ='Device Setting'!C$43 -> N.Rcs.parall | E38: ='Device Setting'!$D$43 -> 5 | F38: mΩ | G38: =IF(E38,"","Device Setting")
C40: Compensation network and Output Divider
C42: Parameters | D42: Name | E42: Value | F42: Unit | G42: {=IF(AND(VALUE(E43:E50)),"","Please compile on sheet")}
C43: Feedback capacitor CFo | D43: C.fo | E43: =IF('CompensationNet&Check'!F93,'CompensationNet&Check'!F93,'CompensationNet&Check'!D93) -> 82 | F43: nF | G43: =IF(E43,"","CompensationNet&Checks")
C44: Feedback capacitor CF | D44: C.f | E44: =IF('CompensationNet&Check'!F94,'CompensationNet&Check'!F94,'CompensationNet&Check'!D94) -> 560 | F44: µF | G44: =IF(E44,"","CompensationNet&Checks")
C45: Feedback resistor RF | D45: R.f | E45: =IF('CompensationNet&Check'!F95,'CompensationNet&Check'!F95,'CompensationNet&Check'!D95) -> 47 | F45: kΩ | G45: =IF(E45,"","CompensationNet&Checks")
C46: feedback capacitor | D46: C.fx | E46: =IF('CompensationNet&Check'!F96,'CompensationNet&Check'!F96,'CompensationNet&Check'!D96) -> 1.55 | F46: nF | G46: =IF(E46,"","CompensationNet&Checks")
C47: Output Voltage upper resistor | D47: R.I | E47: ='CompensationNet&Check'!$D$36 -> 100 | F47: kΩ | G47: =IF(E47,"","CompensationNet&Checks")
C48: Output Voltage lower resistor | D48: R.o | E48: =IF('CompensationNet&Check'!$F$37,'CompensationNet&Check'!$F$37,'CompensationNet&Check'!$D$37) -> 11 | F48: kΩ | G48: =IF(E48,"","CompensationNet&Checks")
C49: Photodiode parallel resistor | D49: R.P | E49: =IF('CompensationNet&Check'!$F$41,'CompensationNet&Check'!$F$41,'CompensationNet&Check'!$D$41) -> 1.3 | F49: kΩ | G49: =IF(E49,"","CompensationNet&Checks")
C50: Bias resistor | D50: R.B | E50: =IF('CompensationNet&Check'!$F$43,'CompensationNet&Check'!$F$43,'CompensationNet&Check'!$D$43) -> 6.2 | F50: kΩ | G50: =IF(E50,"","CompensationNet&Checks") | I50: Controller Part Schematics
C52: L6790 pin configuration
C54: Parameters | D54: Name | E54: Value | F54: Unit | G54: {=IF(AND(VALUE(E55:E60)),"","Please compile on sheet")}
C55: Upper ZCD resistor | D55: R.ZCD.L | E55: =IF('Device Setting'!F90,'Device Setting'!F90,'Device Setting'!D90) -> 19 | F55: kΩ | G55: =IF(E55,"","Device Setting")
C56: Lower ZCD resistor | D56: R.ZCD.H | E56: =IF('Device Setting'!F91,'Device Setting'!F91,'Device Setting'!D91) -> 680 | F56: kΩ | G56: =IF(E56,"","Device Setting")
C57: VCO Timing Capacitor | D57: C.T | E57: ='Device Setting'!$D$21 -> 470 | F57: pF | G57: =IF(E57,"","Device Setting")
C58: VCO Timing Resistor | D58: R.T | E58: ='Device Setting'!$F$24 -> 11 | F58: kΩ | G58: =IF(E58,"","Device Setting")
C59: Burst Mode resistor | D59: R.BM | E59: ='Device Setting'!$F$61 -> 30 | F59: kΩ | G59: =IF(E59,"","Device Setting")
C60: CFG resistor | D60: R.CFG | E60: ='Device Setting'!$F$108 -> 30 | F60: kΩ | G60: =IF(E60,"","Device Setting")
C72: Half Bridge Switches PN
C74: Parameters | D74: Name | E74: PN | G74: =IF(ISBLANK(E75),"Please compile on sheet","")
C75: Primary switches | D75: HVG1, HVG2, LVG1, LVG2 | E75: ='Power Components'!$C$67 -> STO60N045DM9 | G75: =IF(ISBLANK(E75),"Power Components","")
C77: Output power stage PN
C79: Parameters | D79: Name | E79: PN | G79: =IF(ISBLANK(E80),"Please compile on sheet","")
C80: =IF('Design Spec'!D107=1,"Center Tap diodes","Full Bridge diodes") -> Center Tap diodes | D80: =IF('Design Spec'!D107=1,"D1, D2","D1, D2, D3, D4") -> D1, D2 | E80: ='Power Components'!$C$92 -> TPH3R70APL1 | G80: =IF(ISBLANK(E80),"Power Components","")
C82: Optocoupler PN
C84: Parameters | D84: PN | G84: =IF(ISBLANK(D85),"Please compile on sheet","")
C85: Feedabck Optocoupler | D85: ='CompensationNet&Check'!$C$25 -> SFH617A | G85: =IF(ISBLANK(D85),"CompensationNet&Checks","")
C87: EA Voltage Reference PN
C89: Parameters | D89: PN | G89: =IF(ISBLANK(D90),"Please compile on sheet","")
C90: External Error Amplifier | D90: ='CompensationNet&Check'!$C$19 -> TL431AIT | G90: =IF(ISBLANK(D90),"CompensationNet&Checks","")

Sheet RTC
C3: 1 | D3: 2 | E3: 3 | F3: 4 | G3: 5 | H3: 6 | I3: 7 | J3: 8 | K3: 9 | L3: 10 | M3: 11 | N3: 12 | O3: 13 | P3: 14 | Q3: 15 | R3: 16 | S3: 17 | T3: 18 | U3: 19 | V3: 20 | W3: 21 | X3: 22 | Y3: 23 | Z3: 24 | AA3: 25 | AB3: 26 | AC3: 27 | AD3: 28 | AE3: 29 | AF3: 30 | AG3: 31 | AH3: 32 | AI3: 33 | AJ3: 34 | AK3: 35 | AL3: 36 | AM3: 37 | AN3: 38 | AO3: 39 | AP3: 40 | AQ3: 41 | AR3: 42 | AS3: 43 | AT3: 44 | AU3: 45 | AV3: 46 | AW3: 47 | AX3: 48 | AY3: 49 | AZ3: 50 | BA3: 51 | BB3: 52 | BC3: 53 | BD3: 54 | BE3: 55 | BF3: 56 | BG3: 57 | BH3: 58 | BI3: 59 | BJ3: 60 | BK3: 61 | BL3: 62 | BM3: 63 | BN3: 64 | BO3: 65 | BP3: 66 | BQ3: 67 | BR3: 68 | BS3: 69 | BT3: 70 | BU3: 71 | BV3: 72 | BW3: 73 | BX3: 74 | BY3: 75 | BZ3: 76 | CA3: 77 | CB3: 78 | CC3: 79 | CD3: 80 | CE3: 81 | CF3: 82 | CG3: 83
B4: θ | C4: 0.1 | D4: 0.2 | E4: 0.3 | F4: 0.4 | G4: 0.5 | H4: 0.6 | I4: 0.7 | J4: 0.8 | K4: 0.9 | L4: 1 | M4: 1.1 | N4: 1.2 | O4: 1.3 | P4: 1.4 | Q4: 1.5 | R4: 1.6 | S4: 1.7 | T4: 1.8 | U4: 1.9 | V4: 2 | W4: 2.1 | X4: 2.2 | Y4: 2.3 | Z4: 2.4 | AA4: 2.5 | AB4: 2.6 | AC4: 2.7 | AD4: 2.8 | AE4: 2.9 | AF4: 3 | AG4: 3.09 | AH4: 3.1
B5: V.out | C5: ='Design Spec'!$D$95 -> 25 | D5: ='Design Spec'!$D$95 -> 25 | E5: ='Design Spec'!$D$95 -> 25 | F5: ='Design Spec'!$D$95 -> 25 | G5: ='Design Spec'!$D$95 -> 25 | H5: ='Design Spec'!$D$95 -> 25 | I5: ='Design Spec'!$D$95 -> 25 | J5: ='Design Spec'!$D$95 -> 25 | ... CG5: ='Design Spec'!$D$95 -> 25
B6: V.f | C6: ='Design Spec'!$D$106 -> 0 | D6: ='Design Spec'!$D$106 -> 0 | E6: ='Design Spec'!$D$106 -> 0 | F6: ='Design Spec'!$D$106 -> 0 | G6: ='Design Spec'!$D$106 -> 0 | H6: ='Design Spec'!$D$106 -> 0 | I6: ='Design Spec'!$D$106 -> 0 | J6: ='Design Spec'!$D$106 -> 0 | ... CG6: ='Design Spec'!$D$106 -> 0
B7: Vin_min | C7: ='Design Spec'!$D$83 -> 173.24116 | D7: ='Design Spec'!$D$83 -> 173.24116 | E7: ='Design Spec'!$D$83 -> 173.24116 | F7: ='Design Spec'!$D$83 -> 173.24116 | G7: ='Design Spec'!$D$83 -> 173.24116 | H7: ='Design Spec'!$D$83 -> 173.24116 | I7: ='Design Spec'!$D$83 -> 173.24116 | J7: ='Design Spec'!$D$83 -> 173.24116 | ... CG7: ='Design Spec'!$D$83 -> 173.24116
B8: Vin_nom | C8: ='Design Spec'!$D$87 -> 225 | D8: ='Design Spec'!$D$87 -> 225 | E8: ='Design Spec'!$D$87 -> 225 | F8: ='Design Spec'!$D$87 -> 225 | G8: ='Design Spec'!$D$87 -> 225 | H8: ='Design Spec'!$D$87 -> 225 | I8: ='Design Spec'!$D$87 -> 225 | J8: ='Design Spec'!$D$87 -> 225 | ... CG8: ='Design Spec'!$D$87 -> 225
B9: Vin_max | C9: ='Design Spec'!$D$79 -> 264 | D9: ='Design Spec'!$D$79 -> 264 | E9: ='Design Spec'!$D$79 -> 264 | F9: ='Design Spec'!$D$79 -> 264 | G9: ='Design Spec'!$D$79 -> 264 | H9: ='Design Spec'!$D$79 -> 264 | I9: ='Design Spec'!$D$79 -> 264 | J9: ='Design Spec'!$D$79 -> 264 | ... CG9: ='Design Spec'!$D$79 -> 264
B10: n | C10: =IF('Res. Tank Design'!$F$9,'Res. Tank Design'!$F$9,'Res. Tank Design'!$D$9) -> 7.4527 | D10: =IF('Res. Tank Design'!$F$9,'Res. Tank Design'!$F$9,'Res. Tank Design'!$D$9) -> 7.4527 | E10: =IF('Res. Tank Design'!$F$9,'Res. Tank Design'!$F$9,'Res. Tank Design'!$D$9) -> 7.4527 | F10: =IF('Res. Tank Design'!$F$9,'Res. Tank Design'!$F$9,'Res. Tank Design'!$D$9) -> 7.4527 | G10: =IF('Res. Tank Design'!$F$9,'Res. Tank Design'!$F$9,'Res. Tank Design'!$D$9) -> 7.4527 | H10: =IF('Res. Tank Design'!$F$9,'Res. Tank Design'!$F$9,'Res. Tank Design'!$D$9) -> 7.4527 | I10: =IF('Res. Tank Design'!$F$9,'Res. Tank Design'!$F$9,'Res. Tank Design'!$D$9) -> 7.4527 | J10: =IF('Res. Tank Design'!$F$9,'Res. Tank Design'!$F$9,'Res. Tank Design'!$D$9) -> 7.4527 | ... CG10: =IF('Res. Tank Design'!$F$9,'Res. Tank Design'!$F$9,'Res. Tank Design'!$D$9) -> 7.4527
B11: Output Rectifier configuration (1 = CT, 2 = FB) | C11: ='Design Spec'!$D$107 -> 1 | D11: ='Design Spec'!$D$107 -> 1 | E11: ='Design Spec'!$D$107 -> 1 | F11: ='Design Spec'!$D$107 -> 1 | G11: ='Design Spec'!$D$107 -> 1 | H11: ='Design Spec'!$D$107 -> 1 | I11: ='Design Spec'!$D$107 -> 1 | J11: ='Design Spec'!$D$107 -> 1 | ... CG11: ='Design Spec'!$D$107 -> 1
B12: Po-100% | C12: ='Design Spec'!$D$98 -> 657.5 | D12: ='Design Spec'!$D$98 -> 657.5 | E12: ='Design Spec'!$D$98 -> 657.5 | F12: ='Design Spec'!$D$98 -> 657.5 | G12: ='Design Spec'!$D$98 -> 657.5 | H12: ='Design Spec'!$D$98 -> 657.5 | I12: ='Design Spec'!$D$98 -> 657.5 | J12: ='Design Spec'!$D$98 -> 657.5 | ... CG12: ='Design Spec'!$D$98 -> 657.5
B13: Po-75% | C13: =C12/4*3 -> 493.125 | D13: =D12/4*3 -> 493.125 | E13: =E12/4*3 -> 493.125 | F13: =F12/4*3 -> 493.125 | G13: =G12/4*3 -> 493.125 | H13: =H12/4*3 -> 493.125 | I13: =I12/4*3 -> 493.125 | J13: =J12/4*3 -> 493.125 | ... CG13: =CG12/4*3 -> 493.125
B14: Po-50% | C14: =C12/2 -> 328.75 | D14: =D12/2 -> 328.75 | E14: =E12/2 -> 328.75 | F14: =F12/2 -> 328.75 | G14: =G12/2 -> 328.75 | H14: =H12/2 -> 328.75 | I14: =I12/2 -> 328.75 | J14: =J12/2 -> 328.75 | ... CG14: =CG12/2 -> 328.75
B15: Po-25% | C15: =C12/4 -> 164.375 | D15: =D12/4 -> 164.375 | E15: =E12/4 -> 164.375 | F15: =F12/4 -> 164.375 | G15: =G12/4 -> 164.375 | H15: =H12/4 -> 164.375 | I15: =I12/4 -> 164.375 | J15: =J12/4 -> 164.375 | ... CG15: =CG12/4 -> 164.375
B16: Mreq(Vin_min, Vout,θ ) | C16: =2*C$10*((C$5+C$11*C$6)/C$11)/(SQRT(2)*C7*SIN(C$4)) -> 15.234971 | D16: =2*D$10*((D$5+D$11*D$6)/D$11)/(SQRT(2)*D7*SIN(D$4)) -> 7.6557322 | E16: =2*E$10*((E$5+E$11*E$6)/E$11)/(SQRT(2)*E7*SIN(E$4)) -> 5.1467181 | F16: =2*F$10*((F$5+F$11*F$6)/F$11)/(SQRT(2)*F7*SIN(F$4)) -> 3.9057205 | G16: =2*G$10*((G$5+G$11*G$6)/G$11)/(SQRT(2)*G7*SIN(G$4)) -> 3.1724618 | H16: =2*H$10*((H$5+H$11*H$6)/H$11)/(SQRT(2)*H7*SIN(H$4)) -> 2.6936677 | I16: =2*I$10*((I$5+I$11*I$6)/I$11)/(SQRT(2)*I7*SIN(I$4)) -> 2.3609398 | J16: =2*J$10*((J$5+J$11*J$6)/J$11)/(SQRT(2)*J7*SIN(J$4)) -> 2.120229 | ... AH16: =2*AH$10*((AH$5+AH$11*AH$6)/AH$11)/(SQRT(2)*AH7*SIN(AH$4)) -> 36.578522
B17: Mreq(Vin_max, Vout,θ ) | C17: =2*C$10*((C$5+C$11*C$6)/C$11)/(SQRT(2)*C9*SIN(C$4)) -> 9.9974395 | D17: =2*D$10*((D$5+D$11*D$6)/D$11)/(SQRT(2)*D9*SIN(D$4)) -> 5.0238179 | E17: =2*E$10*((E$5+E$11*E$6)/E$11)/(SQRT(2)*E9*SIN(E$4)) -> 3.3773614 | F17: =2*F$10*((F$5+F$11*F$6)/F$11)/(SQRT(2)*F9*SIN(F$4)) -> 2.5629983 | G17: =2*G$10*((G$5+G$11*G$6)/G$11)/(SQRT(2)*G9*SIN(G$4)) -> 2.0818218 | H17: =2*H$10*((H$5+H$11*H$6)/H$11)/(SQRT(2)*H9*SIN(H$4)) -> 1.7676292 | I17: =2*I$10*((I$5+I$11*I$6)/I$11)/(SQRT(2)*I9*SIN(I$4)) -> 1.5492877 | J17: =2*J$10*((J$5+J$11*J$6)/J$11)/(SQRT(2)*J9*SIN(J$4)) -> 1.3913293 | ... AH17: =2*AH$10*((AH$5+AH$11*AH$6)/AH$11)/(SQRT(2)*AH9*SIN(AH$4)) -> 24.003431
B18: Mreq(Vin_max, Vout,π/2 ) | C18: =2*C10*((C5+C11*C6)/C11)/(SQRT(2)*C9*SIN(PI()/2)) -> 0.99807854 | D18: =2*D10*((D5+D11*D6)/D11)/(SQRT(2)*D9*SIN(PI()/2)) -> 0.99807854 | E18: =2*E10*((E5+E11*E6)/E11)/(SQRT(2)*E9*SIN(PI()/2)) -> 0.99807854 | F18: =2*F10*((F5+F11*F6)/F11)/(SQRT(2)*F9*SIN(PI()/2)) -> 0.99807854 | G18: =2*G10*((G5+G11*G6)/G11)/(SQRT(2)*G9*SIN(PI()/2)) -> 0.99807854 | H18: =2*H10*((H5+H11*H6)/H11)/(SQRT(2)*H9*SIN(PI()/2)) -> 0.99807854 | I18: =2*I10*((I5+I11*I6)/I11)/(SQRT(2)*I9*SIN(PI()/2)) -> 0.99807854 | J18: =2*J10*((J5+J11*J6)/J11)/(SQRT(2)*J9*SIN(PI()/2)) -> 0.99807854 | ... CG18: =2*CG10*((CG5+CG11*CG6)/CG11)/(SQRT(2)*CG9*SIN(PI()/2)) -> 0.99807854
B19: P(100% Po,θ ) | C19: =2*C12*(SIN(C4))^2 -> 13.106225 | D19: =2*D12*(SIN(D4))^2 -> 51.902396 | E19: =2*E12*(SIN(E4))^2 -> 114.84183 | F19: =2*F12*(SIN(F4))^2 -> 199.41534 | G19: =2*G12*(SIN(G4))^2 -> 302.25123 | H19: =2*H12*(SIN(H4))^2 -> 419.24978 | I19: =2*I12*(SIN(I4))^2 -> 545.7466 | J19: =2*J12*(SIN(J4))^2 -> 676.69869 | ... AH19: =2*AH12*(SIN(AH4))^2 -> 2.2735712
B20: P(75% Po,θ ) | C20: =2*C13*(SIN(C4))^2 -> 9.8296688 | D20: =2*D13*(SIN(D4))^2 -> 38.926797 | E20: =2*E13*(SIN(E4))^2 -> 86.131375 | F20: =2*F13*(SIN(F4))^2 -> 149.5615 | G20: =2*G13*(SIN(G4))^2 -> 226.68843 | H20: =2*H13*(SIN(H4))^2 -> 314.43733 | I20: =2*I13*(SIN(I4))^2 -> 409.30995 | J20: =2*J13*(SIN(J4))^2 -> 507.52401 | ... AH20: =2*AH13*(SIN(AH4))^2 -> 1.7051784
B21: P(50% Po,θ ) | C21: =2*C14*(SIN(C4))^2 -> 6.5531125 | D21: =2*D14*(SIN(D4))^2 -> 25.951198 | E21: =2*E14*(SIN(E4))^2 -> 57.420917 | F21: =2*F14*(SIN(F4))^2 -> 99.707669 | G21: =2*G14*(SIN(G4))^2 -> 151.12562 | H21: =2*H14*(SIN(H4))^2 -> 209.62489 | I21: =2*I14*(SIN(I4))^2 -> 272.8733 | J21: =2*J14*(SIN(J4))^2 -> 338.34934 | ... AH21: =2*AH14*(SIN(AH4))^2 -> 1.1367856
B22: P(25% Po,θ ) | C22: =2*C15*(SIN(C4))^2 -> 3.2765563 | D22: =2*D15*(SIN(D4))^2 -> 12.975599 | E22: =2*E15*(SIN(E4))^2 -> 28.710458 | F22: =2*F15*(SIN(F4))^2 -> 49.853835 | G22: =2*G15*(SIN(G4))^2 -> 75.562808 | H22: =2*H15*(SIN(H4))^2 -> 104.81244 | I22: =2*I15*(SIN(I4))^2 -> 136.43665 | J22: =2*J15*(SIN(J4))^2 -> 169.17467 | ... AH22: =2*AH15*(SIN(AH4))^2 -> 0.5683928
B23: λ | C23: ='Res. Tank Design'!$D$50 -> 0.45833333 | D23: ='Res. Tank Design'!$D$50 -> 0.45833333 | E23: ='Res. Tank Design'!$D$50 -> 0.45833333 | F23: ='Res. Tank Design'!$D$50 -> 0.45833333 | G23: ='Res. Tank Design'!$D$50 -> 0.45833333 | H23: ='Res. Tank Design'!$D$50 -> 0.45833333 | I23: ='Res. Tank Design'!$D$50 -> 0.45833333 | J23: ='Res. Tank Design'!$D$50 -> 0.45833333 | ... CG23: ='Res. Tank Design'!$D$50 -> 0.45833333
B24: fn.0 | C24: ='Res. Tank Design'!$D$56/'Res. Tank Design'!$D$55 -> 0.56061191 | D24: ='Res. Tank Design'!$D$56/'Res. Tank Design'!$D$55 -> 0.56061191 | E24: ='Res. Tank Design'!$D$56/'Res. Tank Design'!$D$55 -> 0.56061191 | F24: ='Res. Tank Design'!$D$56/'Res. Tank Design'!$D$55 -> 0.56061191 | G24: ='Res. Tank Design'!$D$56/'Res. Tank Design'!$D$55 -> 0.56061191 | H24: ='Res. Tank Design'!$D$56/'Res. Tank Design'!$D$55 -> 0.56061191 | I24: ='Res. Tank Design'!$D$56/'Res. Tank Design'!$D$55 -> 0.56061191 | J24: ='Res. Tank Design'!$D$56/'Res. Tank Design'!$D$55 -> 0.56061191 | ... CG24: ='Res. Tank Design'!$D$56/'Res. Tank Design'!$D$55 -> 0.56061191
B25: fn | C25: 0.0001 | D25: =IF(OR(E25<=D24,E25-1/69>D24),E25-1/69,D24-0.0001) -> 0.024280027 | E25: =IF(OR(F25<=E24,F25-1/69>E24),F25-1/69,E24-0.0001) -> 0.03877278 | F25: =IF(OR(G25<=F24,G25-1/69>F24),G25-1/69,F24-0.0001) -> 0.053265534 | G25: =IF(OR(H25<=G24,H25-1/69>G24),H25-1/69,G24-0.0001) -> 0.067758287 | H25: =IF(OR(I25<=H24,I25-1/69>H24),I25-1/69,H24-0.0001) -> 0.082251041 | I25: =IF(OR(J25<=I24,J25-1/69>I24),J25-1/69,I24-0.0001) -> 0.096743795 | J25: =IF(OR(K25<=J24,K25-1/69>J24),K25-1/69,J24-0.0001) -> 0.11123655 | K25: =IF(OR(L25<=K24,L25-1/69>K24),L25-1/69,K24-0.0001) -> 0.1257293 | ... BS25: =IF(OR(BT25<=BS24,BT25-1/69>BS24),BT25-1/69,BS24-0.0001) -> 0.98550725 | BT25: =($CG$25-1)*(BT3-70)/($CG$3-70)+1 -> 1 | BU25: =($CG$25-1)*(BU3-70)/($CG$3-70)+1 -> 1.0387046 | BV25: =($CG$25-1)*(BV3-70)/($CG$3-70)+1 -> 1.0774093 | BW25: =($CG$25-1)*(BW3-70)/($CG$3-70)+1 -> 1.1161139 | BX25: =($CG$25-1)*(BX3-70)/($CG$3-70)+1 -> 1.1548185 | BY25: =($CG$25-1)*(BY3-70)/($CG$3-70)+1 -> 1.1935232 | BZ25: =($CG$25-1)*(BZ3-70)/($CG$3-70)+1 -> 1.2322278 | CA25: =($CG$25-1)*(CA3-70)/($CG$3-70)+1 -> 1.2709324 | ... CF25: =($CG$25-1)*(CF3-70)/($CG$3-70)+1 -> 1.4644556 | CG25: =1.5*$CG$26 -> 1.5031602
B26: fn.max | C26: =(C23/(1+C23-(1/C18)))^0.5 -> 1.0021068 | D26: =(D23/(1+D23-(1/D18)))^0.5 -> 1.0021068 | E26: =(E23/(1+E23-(1/E18)))^0.5 -> 1.0021068 | F26: =(F23/(1+F23-(1/F18)))^0.5 -> 1.0021068 | G26: =(G23/(1+G23-(1/G18)))^0.5 -> 1.0021068 | H26: =(H23/(1+H23-(1/H18)))^0.5 -> 1.0021068 | I26: =(I23/(1+I23-(1/I18)))^0.5 -> 1.0021068 | J26: =(J23/(1+J23-(1/J18)))^0.5 -> 1.0021068 | ... CG26: =(CG23/(1+CG23-(1/CG18)))^0.5 -> 1.0021068
B27: fmax | C27: =C26*'Res. Tank Design'!$D$55 -> 152.06799 | D27: =D26*'Res. Tank Design'!$D$55 -> 152.06799 | E27: =E26*'Res. Tank Design'!$D$55 -> 152.06799 | F27: =F26*'Res. Tank Design'!$D$55 -> 152.06799 | G27: =G26*'Res. Tank Design'!$D$55 -> 152.06799 | H27: =H26*'Res. Tank Design'!$D$55 -> 152.06799 | I27: =I26*'Res. Tank Design'!$D$55 -> 152.06799 | J27: =J26*'Res. Tank Design'!$D$55 -> 152.06799 | ... CG27: =CG26*'Res. Tank Design'!$D$55 -> 152.06799
B28: M.OL(fn) | C28: =1/ABS(1+C23-(C23/(C25^2))) -> 2.1818183e-08 | D28: =1/ABS(1+D23-(D23/(D25^2))) -> 0.0012886419 | E28: =1/ABS(1+E23-(E23/(E25^2))) -> 0.0032957541 | F28: =1/ABS(1+F23-(F23/(F25^2))) -> 0.0062466838 | G28: =1/ABS(1+G23-(G23/(G25^2))) -> 0.010165635 | H28: =1/ABS(1+H23-(H23/(H25^2))) -> 0.015085231 | I28: =1/ABS(1+I23-(I23/(I25^2))) -> 0.021047207 | J28: =1/ABS(1+J23-(J23/(J25^2))) -> 0.02810332 | ... CG28: =1/ABS(1+CG23-(CG23/(CG25^2))) -> 0.79650477
B29: M.Z(fn) | C29: =IF(D30>C30,NA(),(IF(C30<1,NA(),C30))) -> #N/A | D29: =IF(E30>D30,NA(),(IF(D30<1,NA(),D30))) -> #N/A | E29: =IF(F30>E30,NA(),(IF(E30<1,NA(),E30))) -> #N/A | F29: =IF(G30>F30,NA(),(IF(F30<1,NA(),F30))) -> #N/A | G29: =IF(H30>G30,NA(),(IF(G30<1,NA(),G30))) -> #N/A | H29: =IF(I30>H30,NA(),(IF(H30<1,NA(),H30))) -> #N/A | I29: =IF(J30>I30,NA(),(IF(I30<1,NA(),I30))) -> #N/A | J29: =IF(K30>J30,NA(),(IF(J30<1,NA(),J30))) -> #N/A | ... CG29: =IF(CH30>CG30,NA(),(IF(CG30<1,NA(),CG30))) -> #N/A
C30: =IFERROR(C25/((((C25^2)*(1+C23))-C23)^0.5),C28) -> 2.1818183e-08 | D30: =IFERROR(D25/((((D25^2)*(1+D23))-D23)^0.5),D28) -> 0.0012886419 | E30: =IFERROR(E25/((((E25^2)*(1+E23))-E23)^0.5),E28) -> 0.0032957541 | F30: =IFERROR(F25/((((F25^2)*(1+F23))-F23)^0.5),F28) -> 0.0062466838 | G30: =IFERROR(G25/((((G25^2)*(1+G23))-G23)^0.5),G28) -> 0.010165635 | H30: =IFERROR(H25/((((H25^2)*(1+H23))-H23)^0.5),H28) -> 0.015085231 | I30: =IFERROR(I25/((((I25^2)*(1+I23))-I23)^0.5),I28) -> 0.021047207 | J30: =IFERROR(J25/((((J25^2)*(1+J23))-J23)^0.5),J28) -> 0.02810332 | ... CG30: =IFERROR(CG25/((((CG25^2)*(1+CG23))-CG23)^0.5),CG28) -> 0.89247116
B31: Minf | C31: =1/(1+C23) -> 0.68571429 | D31: =1/(1+D23) -> 0.68571429 | E31: =1/(1+E23) -> 0.68571429 | F31: =1/(1+F23) -> 0.68571429 | G31: =1/(1+G23) -> 0.68571429 | H31: =1/(1+H23) -> 0.68571429 | I31: =1/(1+I23) -> 0.68571429 | J31: =1/(1+J23) -> 0.68571429 | ... CG31: =1/(1+CG23) -> 0.68571429
B33: π/2 | C33: =PI()/2 -> 1.5707963 | D33: =PI()/2 -> 1.5707963 | E33: =PI()/2 -> 1.5707963 | F33: =PI()/2 -> 1.5707963 | G33: =PI()/2 -> 1.5707963 | H33: =PI()/2 -> 1.5707963 | I33: =PI()/2 -> 1.5707963 | J33: =PI()/2 -> 1.5707963 | ... CG33: =PI()/2 -> 1.5707963
B34: 5π/12 | C34: =5*PI()/12 -> 1.3089969 | D34: =5*PI()/12 -> 1.3089969 | E34: =5*PI()/12 -> 1.3089969 | F34: =5*PI()/12 -> 1.3089969 | G34: =5*PI()/12 -> 1.3089969 | H34: =5*PI()/12 -> 1.3089969 | I34: =5*PI()/12 -> 1.3089969 | J34: =5*PI()/12 -> 1.3089969 | ... CG34: =5*PI()/12 -> 1.3089969
B35: π/3 | C35: =PI()/3 -> 1.0471976 | D35: =PI()/3 -> 1.0471976 | E35: =PI()/3 -> 1.0471976 | F35: =PI()/3 -> 1.0471976 | G35: =PI()/3 -> 1.0471976 | H35: =PI()/3 -> 1.0471976 | I35: =PI()/3 -> 1.0471976 | J35: =PI()/3 -> 1.0471976 | ... CG35: =PI()/3 -> 1.0471976
B36: π/4 | C36: =PI()/4 -> 0.78539816 | D36: =PI()/4 -> 0.78539816 | E36: =PI()/4 -> 0.78539816 | F36: =PI()/4 -> 0.78539816 | G36: =PI()/4 -> 0.78539816 | H36: =PI()/4 -> 0.78539816 | I36: =PI()/4 -> 0.78539816 | J36: =PI()/4 -> 0.78539816 | ... CG36: =PI()/4 -> 0.78539816
B37: π/6 | C37: =PI()/6 -> 0.52359878 | D37: =PI()/6 -> 0.52359878 | E37: =PI()/6 -> 0.52359878 | F37: =PI()/6 -> 0.52359878 | G37: =PI()/6 -> 0.52359878 | H37: =PI()/6 -> 0.52359878 | I37: =PI()/6 -> 0.52359878 | J37: =PI()/6 -> 0.52359878 | ... CG37: =PI()/6 -> 0.52359878
B38: π/12 | C38: =PI()/12 -> 0.26179939 | D38: =PI()/12 -> 0.26179939 | E38: =PI()/12 -> 0.26179939 | F38: =PI()/12 -> 0.26179939 | G38: =PI()/12 -> 0.26179939 | H38: =PI()/12 -> 0.26179939 | I38: =PI()/12 -> 0.26179939 | J38: =PI()/12 -> 0.26179939 | ... CG38: =PI()/12 -> 0.26179939
B39: η.HB | C39: ='Preliminary Calculation'!$D$17 -> 98 | D39: ='Preliminary Calculation'!$D$17 -> 98 | E39: ='Preliminary Calculation'!$D$17 -> 98 | F39: ='Preliminary Calculation'!$D$17 -> 98 | G39: ='Preliminary Calculation'!$D$17 -> 98 | H39: ='Preliminary Calculation'!$D$17 -> 98 | I39: ='Preliminary Calculation'!$D$17 -> 98 | J39: ='Preliminary Calculation'!$D$17 -> 98 | ... CG39: ='Preliminary Calculation'!$D$17 -> 98
B40: Z0 | C40: ='Res. Tank Design'!$D$52 -> 10.488088 | D40: ='Res. Tank Design'!$D$52 -> 10.488088 | E40: ='Res. Tank Design'!$D$52 -> 10.488088 | F40: ='Res. Tank Design'!$D$52 -> 10.488088 | G40: ='Res. Tank Design'!$D$52 -> 10.488088 | H40: ='Res. Tank Design'!$D$52 -> 10.488088 | I40: ='Res. Tank Design'!$D$52 -> 10.488088 | J40: ='Res. Tank Design'!$D$52 -> 10.488088 | ... CG40: ='Res. Tank Design'!$D$52 -> 10.488088
B41: Q(Po,π/2 ) | C41: =(C$40/(C$10^2))*((PI()^2)/4)*(C$12*100/C$39)*(((SIN(C33))^2)/((C$5+C$11*C$6)/C$11)^2) -> 0.50014794 | D41: =(D$40/(D$10^2))*((PI()^2)/4)*(D$12*100/D$39)*(((SIN(D33))^2)/((D$5+D$11*D$6)/D$11)^2) -> 0.50014794 | E41: =(E$40/(E$10^2))*((PI()^2)/4)*(E$12*100/E$39)*(((SIN(E33))^2)/((E$5+E$11*E$6)/E$11)^2) -> 0.50014794 | F41: =(F$40/(F$10^2))*((PI()^2)/4)*(F$12*100/F$39)*(((SIN(F33))^2)/((F$5+F$11*F$6)/F$11)^2) -> 0.50014794 | G41: =(G$40/(G$10^2))*((PI()^2)/4)*(G$12*100/G$39)*(((SIN(G33))^2)/((G$5+G$11*G$6)/G$11)^2) -> 0.50014794 | H41: =(H$40/(H$10^2))*((PI()^2)/4)*(H$12*100/H$39)*(((SIN(H33))^2)/((H$5+H$11*H$6)/H$11)^2) -> 0.50014794 | I41: =(I$40/(I$10^2))*((PI()^2)/4)*(I$12*100/I$39)*(((SIN(I33))^2)/((I$5+I$11*I$6)/I$11)^2) -> 0.50014794 | J41: =(J$40/(J$10^2))*((PI()^2)/4)*(J$12*100/J$39)*(((SIN(J33))^2)/((J$5+J$11*J$6)/J$11)^2) -> 0.50014794 | ... CG41: =(CG$40/(CG$10^2))*((PI()^2)/4)*(CG$12*100/CG$39)*(((SIN(CG33))^2)/((CG$5+CG$11*CG$6)/CG$11)^2) -> 0.50014794
B42: Q(Po,5π/12 ) | C42: =(C$40/(C$10^2))*((PI()^2)/4)*(C$12*100/C$39)*(((SIN(C34))^2)/((C$5+C$11*C$6)/C$11)^2) -> 0.46664438 | D42: =(D$40/(D$10^2))*((PI()^2)/4)*(D$12*100/D$39)*(((SIN(D34))^2)/((D$5+D$11*D$6)/D$11)^2) -> 0.46664438 | E42: =(E$40/(E$10^2))*((PI()^2)/4)*(E$12*100/E$39)*(((SIN(E34))^2)/((E$5+E$11*E$6)/E$11)^2) -> 0.46664438 | F42: =(F$40/(F$10^2))*((PI()^2)/4)*(F$12*100/F$39)*(((SIN(F34))^2)/((F$5+F$11*F$6)/F$11)^2) -> 0.46664438 | G42: =(G$40/(G$10^2))*((PI()^2)/4)*(G$12*100/G$39)*(((SIN(G34))^2)/((G$5+G$11*G$6)/G$11)^2) -> 0.46664438 | H42: =(H$40/(H$10^2))*((PI()^2)/4)*(H$12*100/H$39)*(((SIN(H34))^2)/((H$5+H$11*H$6)/H$11)^2) -> 0.46664438 | I42: =(I$40/(I$10^2))*((PI()^2)/4)*(I$12*100/I$39)*(((SIN(I34))^2)/((I$5+I$11*I$6)/I$11)^2) -> 0.46664438 | J42: =(J$40/(J$10^2))*((PI()^2)/4)*(J$12*100/J$39)*(((SIN(J34))^2)/((J$5+J$11*J$6)/J$11)^2) -> 0.46664438 | ... CG42: =(CG$40/(CG$10^2))*((PI()^2)/4)*(CG$12*100/CG$39)*(((SIN(CG34))^2)/((CG$5+CG$11*CG$6)/CG$11)^2) -> 0.46664438
B43: Q(Po,π/3) | C43: =(C$40/(C$10^2))*((PI()^2)/4)*(C$12*100/C$39)*(((SIN(C35))^2)/((C$5+C$11*C$6)/C$11)^2) -> 0.37511095 | D43: =(D$40/(D$10^2))*((PI()^2)/4)*(D$12*100/D$39)*(((SIN(D35))^2)/((D$5+D$11*D$6)/D$11)^2) -> 0.37511095 | E43: =(E$40/(E$10^2))*((PI()^2)/4)*(E$12*100/E$39)*(((SIN(E35))^2)/((E$5+E$11*E$6)/E$11)^2) -> 0.37511095 | F43: =(F$40/(F$10^2))*((PI()^2)/4)*(F$12*100/F$39)*(((SIN(F35))^2)/((F$5+F$11*F$6)/F$11)^2) -> 0.37511095 | G43: =(G$40/(G$10^2))*((PI()^2)/4)*(G$12*100/G$39)*(((SIN(G35))^2)/((G$5+G$11*G$6)/G$11)^2) -> 0.37511095 | H43: =(H$40/(H$10^2))*((PI()^2)/4)*(H$12*100/H$39)*(((SIN(H35))^2)/((H$5+H$11*H$6)/H$11)^2) -> 0.37511095 | I43: =(I$40/(I$10^2))*((PI()^2)/4)*(I$12*100/I$39)*(((SIN(I35))^2)/((I$5+I$11*I$6)/I$11)^2) -> 0.37511095 | J43: =(J$40/(J$10^2))*((PI()^2)/4)*(J$12*100/J$39)*(((SIN(J35))^2)/((J$5+J$11*J$6)/J$11)^2) -> 0.37511095 | ... CG43: =(CG$40/(CG$10^2))*((PI()^2)/4)*(CG$12*100/CG$39)*(((SIN(CG35))^2)/((CG$5+CG$11*CG$6)/CG$11)^2) -> 0.37511095
B44: Q(Po,π/4 ) | C44: =(C$40/(C$10^2))*((PI()^2)/4)*(C$12*100/C$39)*(((SIN(C36))^2)/((C$5+C$11*C$6)/C$11)^2) -> 0.25007397 | D44: =(D$40/(D$10^2))*((PI()^2)/4)*(D$12*100/D$39)*(((SIN(D36))^2)/((D$5+D$11*D$6)/D$11)^2) -> 0.25007397 | E44: =(E$40/(E$10^2))*((PI()^2)/4)*(E$12*100/E$39)*(((SIN(E36))^2)/((E$5+E$11*E$6)/E$11)^2) -> 0.25007397 | F44: =(F$40/(F$10^2))*((PI()^2)/4)*(F$12*100/F$39)*(((SIN(F36))^2)/((F$5+F$11*F$6)/F$11)^2) -> 0.25007397 | G44: =(G$40/(G$10^2))*((PI()^2)/4)*(G$12*100/G$39)*(((SIN(G36))^2)/((G$5+G$11*G$6)/G$11)^2) -> 0.25007397 | H44: =(H$40/(H$10^2))*((PI()^2)/4)*(H$12*100/H$39)*(((SIN(H36))^2)/((H$5+H$11*H$6)/H$11)^2) -> 0.25007397 | I44: =(I$40/(I$10^2))*((PI()^2)/4)*(I$12*100/I$39)*(((SIN(I36))^2)/((I$5+I$11*I$6)/I$11)^2) -> 0.25007397 | J44: =(J$40/(J$10^2))*((PI()^2)/4)*(J$12*100/J$39)*(((SIN(J36))^2)/((J$5+J$11*J$6)/J$11)^2) -> 0.25007397 | ... CG44: =(CG$40/(CG$10^2))*((PI()^2)/4)*(CG$12*100/CG$39)*(((SIN(CG36))^2)/((CG$5+CG$11*CG$6)/CG$11)^2) -> 0.25007397
B45: Q(Po,π/6) | C45: =(C$40/(C$10^2))*((PI()^2)/4)*(C$12*100/C$39)*(((SIN(C37))^2)/((C$5+C$11*C$6)/C$11)^2) -> 0.12503698 | D45: =(D$40/(D$10^2))*((PI()^2)/4)*(D$12*100/D$39)*(((SIN(D37))^2)/((D$5+D$11*D$6)/D$11)^2) -> 0.12503698 | E45: =(E$40/(E$10^2))*((PI()^2)/4)*(E$12*100/E$39)*(((SIN(E37))^2)/((E$5+E$11*E$6)/E$11)^2) -> 0.12503698 | F45: =(F$40/(F$10^2))*((PI()^2)/4)*(F$12*100/F$39)*(((SIN(F37))^2)/((F$5+F$11*F$6)/F$11)^2) -> 0.12503698 | G45: =(G$40/(G$10^2))*((PI()^2)/4)*(G$12*100/G$39)*(((SIN(G37))^2)/((G$5+G$11*G$6)/G$11)^2) -> 0.12503698 | H45: =(H$40/(H$10^2))*((PI()^2)/4)*(H$12*100/H$39)*(((SIN(H37))^2)/((H$5+H$11*H$6)/H$11)^2) -> 0.12503698 | I45: =(I$40/(I$10^2))*((PI()^2)/4)*(I$12*100/I$39)*(((SIN(I37))^2)/((I$5+I$11*I$6)/I$11)^2) -> 0.12503698 | J45: =(J$40/(J$10^2))*((PI()^2)/4)*(J$12*100/J$39)*(((SIN(J37))^2)/((J$5+J$11*J$6)/J$11)^2) -> 0.12503698 | ... CG45: =(CG$40/(CG$10^2))*((PI()^2)/4)*(CG$12*100/CG$39)*(((SIN(CG37))^2)/((CG$5+CG$11*CG$6)/CG$11)^2) -> 0.12503698
B46: Q(Po,π/12) | C46: =(C$40/(C$10^2))*((PI()^2)/4)*(C$12*100/C$39)*(((SIN(C38))^2)/((C$5+C$11*C$6)/C$11)^2) -> 0.033503559 | D46: =(D$40/(D$10^2))*((PI()^2)/4)*(D$12*100/D$39)*(((SIN(D38))^2)/((D$5+D$11*D$6)/D$11)^2) -> 0.033503559 | E46: =(E$40/(E$10^2))*((PI()^2)/4)*(E$12*100/E$39)*(((SIN(E38))^2)/((E$5+E$11*E$6)/E$11)^2) -> 0.033503559 | F46: =(F$40/(F$10^2))*((PI()^2)/4)*(F$12*100/F$39)*(((SIN(F38))^2)/((F$5+F$11*F$6)/F$11)^2) -> 0.033503559 | G46: =(G$40/(G$10^2))*((PI()^2)/4)*(G$12*100/G$39)*(((SIN(G38))^2)/((G$5+G$11*G$6)/G$11)^2) -> 0.033503559 | H46: =(H$40/(H$10^2))*((PI()^2)/4)*(H$12*100/H$39)*(((SIN(H38))^2)/((H$5+H$11*H$6)/H$11)^2) -> 0.033503559 | I46: =(I$40/(I$10^2))*((PI()^2)/4)*(I$12*100/I$39)*(((SIN(I38))^2)/((I$5+I$11*I$6)/I$11)^2) -> 0.033503559 | J46: =(J$40/(J$10^2))*((PI()^2)/4)*(J$12*100/J$39)*(((SIN(J38))^2)/((J$5+J$11*J$6)/J$11)^2) -> 0.033503559 | ... CG46: =(CG$40/(CG$10^2))*((PI()^2)/4)*(CG$12*100/CG$39)*(((SIN(CG38))^2)/((CG$5+CG$11*CG$6)/CG$11)^2) -> 0.033503559 | CH46: Fn max gain | CI46: This cell value is fn at maximum gain
B47: M(fn,Po,π/2) | C47: =1/((1+(C$23*(1-(1/(C$25^2)))))^2+(C41*(C$25-(1/C$25)))^2)^0.5 -> 2.1818182e-08 | D47: =1/((1+(D$23*(1-(1/(D$25^2)))))^2+(D41*(D$25-(1/D$25)))^2)^0.5 -> 0.0012881887 | E47: =1/((1+(E$23*(1-(1/(E$25^2)))))^2+(E41*(E$25-(1/E$25)))^2)^0.5 -> 0.0032927886 | F47: =1/((1+(F$23*(1-(1/(F$25^2)))))^2+(F41*(F$25-(1/F$25)))^2)^0.5 -> 0.0062360266 | G47: =1/((1+(G$23*(1-(1/(G$25^2)))))^2+(G41*(G$25-(1/G$25)))^2)^0.5 -> 0.010137397 | H47: =1/((1+(H$23*(1-(1/(H$25^2)))))^2+(H41*(H$25-(1/H$25)))^2)^0.5 -> 0.015023008 | I47: =1/((1+(I$23*(1-(1/(I$25^2)))))^2+(I41*(I$25-(1/I$25)))^2)^0.5 -> 0.020925988 | J47: =1/((1+(J$23*(1-(1/(J$25^2)))))^2+(J41*(J$25-(1/J$25)))^2)^0.5 -> 0.027887001 | ... CG47: =1/((1+(CG$23*(1-(1/(CG$25^2)))))^2+(CG41*(CG$25-(1/CG$25)))^2)^0.5 -> 0.75552665 | CH47: {=INDIRECT(CI47)} -> 0.57971014 | CI47: =ADDRESS(25,CJ47) -> $AQ$25 | CJ47: =MATCH(CK47,C47:CG47,0) -> 43 | CK47: =MAX(C47:CG47) -> 1.7775008
B48: M(fn,Po,5π/12) | C48: =1/((1+(C$23*(1-(1/(C$25^2)))))^2+(C42*(C$25-(1/C$25)))^2)^0.5 -> 2.1818182e-08 | D48: =1/((1+(D$23*(1-(1/(D$25^2)))))^2+(D42*(D$25-(1/D$25)))^2)^0.5 -> 0.0012882474 | E48: =1/((1+(E$23*(1-(1/(E$25^2)))))^2+(E42*(E$25-(1/E$25)))^2)^0.5 -> 0.0032931722 | F48: =1/((1+(F$23*(1-(1/(F$25^2)))))^2+(F42*(F$25-(1/F$25)))^2)^0.5 -> 0.0062374035 | G48: =1/((1+(G$23*(1-(1/(G$25^2)))))^2+(G42*(G$25-(1/G$25)))^2)^0.5 -> 0.01014104 | H48: =1/((1+(H$23*(1-(1/(H$25^2)))))^2+(H42*(H$25-(1/H$25)))^2)^0.5 -> 0.015031022 | I48: =1/((1+(I$23*(1-(1/(I$25^2)))))^2+(I42*(I$25-(1/I$25)))^2)^0.5 -> 0.020941566 | J48: =1/((1+(J$23*(1-(1/(J$25^2)))))^2+(J42*(J$25-(1/J$25)))^2)^0.5 -> 0.02791473 | ... CG48: =1/((1+(CG$23*(1-(1/(CG$25^2)))))^2+(CG42*(CG$25-(1/CG$25)))^2)^0.5 -> 0.7604786 | CH48: {=INDIRECT(CI48)} -> 0.57971014 | CI48: =ADDRESS(25,CJ48) -> $AQ$25 | CJ48: =MATCH(CK48,C48:CG48,0) -> 43 | CK48: =MAX(C48:CG48) -> 1.8835664
B49: M(fn,Po,π/3) | C49: =1/((1+(C$23*(1-(1/(C$25^2)))))^2+(C43*(C$25-(1/C$25)))^2)^0.5 -> 2.1818182e-08 | D49: =1/((1+(D$23*(1-(1/(D$25^2)))))^2+(D43*(D$25-(1/D$25)))^2)^0.5 -> 0.0012883869 | E49: =1/((1+(E$23*(1-(1/(E$25^2)))))^2+(E43*(E$25-(1/E$25)))^2)^0.5 -> 0.003294085 | F49: =1/((1+(F$23*(1-(1/(F$25^2)))))^2+(F43*(F$25-(1/F$25)))^2)^0.5 -> 0.0062406824 | G49: =1/((1+(G$23*(1-(1/(G$25^2)))))^2+(G43*(G$25-(1/G$25)))^2)^0.5 -> 0.010149722 | H49: =1/((1+(H$23*(1-(1/(H$25^2)))))^2+(H43*(H$25-(1/H$25)))^2)^0.5 -> 0.015050136 | I49: =1/((1+(I$23*(1-(1/(I$25^2)))))^2+(I43*(I$25-(1/I$25)))^2)^0.5 -> 0.020978763 | J49: =1/((1+(J$23*(1-(1/(J$25^2)))))^2+(J43*(J$25-(1/J$25)))^2)^0.5 -> 0.027981024 | ... CG49: =1/((1+(CG$23*(1-(1/(CG$25^2)))))^2+(CG43*(CG$25-(1/CG$25)))^2)^0.5 -> 0.77266049 | CH49: {=INDIRECT(CI49)} -> 0.56521739 | CI49: =ADDRESS(25,CJ49) -> $AP$25 | CJ49: =MATCH(CK49,C49:CG49,0) -> 42 | CK49: =MAX(C49:CG49) -> 2.2794758
B50: M(fn,Po,π/4) | C50: =1/((1+(C$23*(1-(1/(C$25^2)))))^2+(C44*(C$25-(1/C$25)))^2)^0.5 -> 2.1818182e-08 | D50: =1/((1+(D$23*(1-(1/(D$25^2)))))^2+(D44*(D$25-(1/D$25)))^2)^0.5 -> 0.0012885286 | E50: =1/((1+(E$23*(1-(1/(E$25^2)))))^2+(E44*(E$25-(1/E$25)))^2)^0.5 -> 0.0032950119 | F50: =1/((1+(F$23*(1-(1/(F$25^2)))))^2+(F44*(F$25-(1/F$25)))^2)^0.5 -> 0.0062440144 | G50: =1/((1+(G$23*(1-(1/(G$25^2)))))^2+(G44*(G$25-(1/G$25)))^2)^0.5 -> 0.010158553 | H50: =1/((1+(H$23*(1-(1/(H$25^2)))))^2+(H44*(H$25-(1/H$25)))^2)^0.5 -> 0.015069603 | I50: =1/((1+(I$23*(1-(1/(I$25^2)))))^2+(I44*(I$25-(1/I$25)))^2)^0.5 -> 0.021016705 | J50: =1/((1+(J$23*(1-(1/(J$25^2)))))^2+(J44*(J$25-(1/J$25)))^2)^0.5 -> 0.028048768 | ... CG50: =1/((1+(CG$23*(1-(1/(CG$25^2)))))^2+(CG44*(CG$25-(1/CG$25)))^2)^0.5 -> 0.7856382 | CH50: {=INDIRECT(CI50)} -> 0.56051191 | CI50: =ADDRESS(25,CJ50) -> $AO$25 | CJ50: =MATCH(CK50,C50:CG50,0) -> 41 | CK50: =MAX(C50:CG50) -> 3.3156909
B51: M(fn,Po,π/6) | C51: =1/((1+(C$23*(1-(1/(C$25^2)))))^2+(C45*(C$25-(1/C$25)))^2)^0.5 -> 2.1818183e-08 | D51: =1/((1+(D$23*(1-(1/(D$25^2)))))^2+(D45*(D$25-(1/D$25)))^2)^0.5 -> 0.0012886136 | E51: =1/((1+(E$23*(1-(1/(E$25^2)))))^2+(E45*(E$25-(1/E$25)))^2)^0.5 -> 0.0032955685 | F51: =1/((1+(F$23*(1-(1/(F$25^2)))))^2+(F45*(F$25-(1/F$25)))^2)^0.5 -> 0.0062460161 | G51: =1/((1+(G$23*(1-(1/(G$25^2)))))^2+(G45*(G$25-(1/G$25)))^2)^0.5 -> 0.010163863 | H51: =1/((1+(H$23*(1-(1/(H$25^2)))))^2+(H45*(H$25-(1/H$25)))^2)^0.5 -> 0.015081319 | I51: =1/((1+(I$23*(1-(1/(I$25^2)))))^2+(I45*(I$25-(1/I$25)))^2)^0.5 -> 0.021039569 | J51: =1/((1+(J$23*(1-(1/(J$25^2)))))^2+(J45*(J$25-(1/J$25)))^2)^0.5 -> 0.028089652 | ... CG51: =1/((1+(CG$23*(1-(1/(CG$25^2)))))^2+(CG45*(CG$25-(1/CG$25)))^2)^0.5 -> 0.79374591 | CH51: {=INDIRECT(CI51)} -> 0.54601916 | CI51: =ADDRESS(25,CJ51) -> $AN$25 | CJ51: =MATCH(CK51,C51:CG51,0) -> 40 | CK51: =MAX(C51:CG51) -> 6.5618771
B52: M(fn,Po,π/12) | C52: =1/((1+(C$23*(1-(1/(C$25^2)))))^2+(C46*(C$25-(1/C$25)))^2)^0.5 -> 2.1818183e-08 | D52: =1/((1+(D$23*(1-(1/(D$25^2)))))^2+(D46*(D$25-(1/D$25)))^2)^0.5 -> 0.0012886399 | E52: =1/((1+(E$23*(1-(1/(E$25^2)))))^2+(E46*(E$25-(1/E$25)))^2)^0.5 -> 0.0032957407 | F52: =1/((1+(F$23*(1-(1/(F$25^2)))))^2+(F46*(F$25-(1/F$25)))^2)^0.5 -> 0.0062466359 | G52: =1/((1+(G$23*(1-(1/(G$25^2)))))^2+(G46*(G$25-(1/G$25)))^2)^0.5 -> 0.010165508 | H52: =1/((1+(H$23*(1-(1/(H$25^2)))))^2+(H46*(H$25-(1/H$25)))^2)^0.5 -> 0.01508495 | I52: =1/((1+(I$23*(1-(1/(I$25^2)))))^2+(I46*(I$25-(1/I$25)))^2)^0.5 -> 0.021046658 | J52: =1/((1+(J$23*(1-(1/(J$25^2)))))^2+(J46*(J$25-(1/J$25)))^2)^0.5 -> 0.028102338 | ... CG52: =1/((1+(CG$23*(1-(1/(CG$25^2)))))^2+(CG46*(CG$25-(1/CG$25)))^2)^0.5 -> 0.79630574 | CH52: {=INDIRECT(CI52)} -> 0.5315264 | CI52: =ADDRESS(25,CJ52) -> $AM$25 | CJ52: =MATCH(CK52,C52:CG52,0) -> 39 | CK52: =MAX(C52:CG52) -> 24.391849
B53: Mreq(Vin_min, Vout,π/2 ) | C53: =2*C$10*((C$5+C$11*C$6)/C$11)/(SQRT(2)*C$7*SIN(C33)) -> 1.5209592 | D53: =2*D$10*((D$5+D$11*D$6)/D$11)/(SQRT(2)*D$7*SIN(D33)) -> 1.5209592 | E53: =2*E$10*((E$5+E$11*E$6)/E$11)/(SQRT(2)*E$7*SIN(E33)) -> 1.5209592 | F53: =2*F$10*((F$5+F$11*F$6)/F$11)/(SQRT(2)*F$7*SIN(F33)) -> 1.5209592 | G53: =2*G$10*((G$5+G$11*G$6)/G$11)/(SQRT(2)*G$7*SIN(G33)) -> 1.5209592 | H53: =2*H$10*((H$5+H$11*H$6)/H$11)/(SQRT(2)*H$7*SIN(H33)) -> 1.5209592 | I53: =2*I$10*((I$5+I$11*I$6)/I$11)/(SQRT(2)*I$7*SIN(I33)) -> 1.5209592 | J53: =2*J$10*((J$5+J$11*J$6)/J$11)/(SQRT(2)*J$7*SIN(J33)) -> 1.5209592 | ... CG53: =2*CG$10*((CG$5+CG$11*CG$6)/CG$11)/(SQRT(2)*CG$7*SIN(CG33)) -> 1.5209592
B54: Mreq(Vin_min, Vout,5π/12 ) | C54: =2*C$10*((C$5+C$11*C$6)/C$11)/(SQRT(2)*C$7*SIN(C34)) -> 1.5746128 | D54: =2*D$10*((D$5+D$11*D$6)/D$11)/(SQRT(2)*D$7*SIN(D34)) -> 1.5746128 | E54: =2*E$10*((E$5+E$11*E$6)/E$11)/(SQRT(2)*E$7*SIN(E34)) -> 1.5746128 | F54: =2*F$10*((F$5+F$11*F$6)/F$11)/(SQRT(2)*F$7*SIN(F34)) -> 1.5746128 | G54: =2*G$10*((G$5+G$11*G$6)/G$11)/(SQRT(2)*G$7*SIN(G34)) -> 1.5746128 | H54: =2*H$10*((H$5+H$11*H$6)/H$11)/(SQRT(2)*H$7*SIN(H34)) -> 1.5746128 | I54: =2*I$10*((I$5+I$11*I$6)/I$11)/(SQRT(2)*I$7*SIN(I34)) -> 1.5746128 | J54: =2*J$10*((J$5+J$11*J$6)/J$11)/(SQRT(2)*J$7*SIN(J34)) -> 1.5746128 | ... CG54: =2*CG$10*((CG$5+CG$11*CG$6)/CG$11)/(SQRT(2)*CG$7*SIN(CG34)) -> 1.5746128
B55: Mreq(Vin_min, Vout,π/3 ) | C55: =2*C$10*((C$5+C$11*C$6)/C$11)/(SQRT(2)*C$7*SIN(C35)) -> 1.7562524 | D55: =2*D$10*((D$5+D$11*D$6)/D$11)/(SQRT(2)*D$7*SIN(D35)) -> 1.7562524 | E55: =2*E$10*((E$5+E$11*E$6)/E$11)/(SQRT(2)*E$7*SIN(E35)) -> 1.7562524 | F55: =2*F$10*((F$5+F$11*F$6)/F$11)/(SQRT(2)*F$7*SIN(F35)) -> 1.7562524 | G55: =2*G$10*((G$5+G$11*G$6)/G$11)/(SQRT(2)*G$7*SIN(G35)) -> 1.7562524 | H55: =2*H$10*((H$5+H$11*H$6)/H$11)/(SQRT(2)*H$7*SIN(H35)) -> 1.7562524 | I55: =2*I$10*((I$5+I$11*I$6)/I$11)/(SQRT(2)*I$7*SIN(I35)) -> 1.7562524 | J55: =2*J$10*((J$5+J$11*J$6)/J$11)/(SQRT(2)*J$7*SIN(J35)) -> 1.7562524 | ... CG55: =2*CG$10*((CG$5+CG$11*CG$6)/CG$11)/(SQRT(2)*CG$7*SIN(CG35)) -> 1.7562524
B56: Mreq(Vin_min, Vout,π/4 ) | C56: =2*C$10*((C$5+C$11*C$6)/C$11)/(SQRT(2)*C$7*SIN(C36)) -> 2.1509611 | D56: =2*D$10*((D$5+D$11*D$6)/D$11)/(SQRT(2)*D$7*SIN(D36)) -> 2.1509611 | E56: =2*E$10*((E$5+E$11*E$6)/E$11)/(SQRT(2)*E$7*SIN(E36)) -> 2.1509611 | F56: =2*F$10*((F$5+F$11*F$6)/F$11)/(SQRT(2)*F$7*SIN(F36)) -> 2.1509611 | G56: =2*G$10*((G$5+G$11*G$6)/G$11)/(SQRT(2)*G$7*SIN(G36)) -> 2.1509611 | H56: =2*H$10*((H$5+H$11*H$6)/H$11)/(SQRT(2)*H$7*SIN(H36)) -> 2.1509611 | I56: =2*I$10*((I$5+I$11*I$6)/I$11)/(SQRT(2)*I$7*SIN(I36)) -> 2.1509611 | J56: =2*J$10*((J$5+J$11*J$6)/J$11)/(SQRT(2)*J$7*SIN(J36)) -> 2.1509611 | ... CG56: =2*CG$10*((CG$5+CG$11*CG$6)/CG$11)/(SQRT(2)*CG$7*SIN(CG36)) -> 2.1509611
B57: Mreq(Vin_min, Vout,π/6 ) | C57: =2*C$10*((C$5+C$11*C$6)/C$11)/(SQRT(2)*C$7*SIN(C37)) -> 3.0419184 | D57: =2*D$10*((D$5+D$11*D$6)/D$11)/(SQRT(2)*D$7*SIN(D37)) -> 3.0419184 | E57: =2*E$10*((E$5+E$11*E$6)/E$11)/(SQRT(2)*E$7*SIN(E37)) -> 3.0419184 | F57: =2*F$10*((F$5+F$11*F$6)/F$11)/(SQRT(2)*F$7*SIN(F37)) -> 3.0419184 | G57: =2*G$10*((G$5+G$11*G$6)/G$11)/(SQRT(2)*G$7*SIN(G37)) -> 3.0419184 | H57: =2*H$10*((H$5+H$11*H$6)/H$11)/(SQRT(2)*H$7*SIN(H37)) -> 3.0419184 | I57: =2*I$10*((I$5+I$11*I$6)/I$11)/(SQRT(2)*I$7*SIN(I37)) -> 3.0419184 | J57: =2*J$10*((J$5+J$11*J$6)/J$11)/(SQRT(2)*J$7*SIN(J37)) -> 3.0419184 | ... CG57: =2*CG$10*((CG$5+CG$11*CG$6)/CG$11)/(SQRT(2)*CG$7*SIN(CG37)) -> 3.0419184
B58: Mreq(Vin_min, Vout,π/12 ) | C58: =2*C$10*((C$5+C$11*C$6)/C$11)/(SQRT(2)*C$7*SIN(C38)) -> 5.876535 | D58: =2*D$10*((D$5+D$11*D$6)/D$11)/(SQRT(2)*D$7*SIN(D38)) -> 5.876535 | E58: =2*E$10*((E$5+E$11*E$6)/E$11)/(SQRT(2)*E$7*SIN(E38)) -> 5.876535 | F58: =2*F$10*((F$5+F$11*F$6)/F$11)/(SQRT(2)*F$7*SIN(F38)) -> 5.876535 | G58: =2*G$10*((G$5+G$11*G$6)/G$11)/(SQRT(2)*G$7*SIN(G38)) -> 5.876535 | H58: =2*H$10*((H$5+H$11*H$6)/H$11)/(SQRT(2)*H$7*SIN(H38)) -> 5.876535 | I58: =2*I$10*((I$5+I$11*I$6)/I$11)/(SQRT(2)*I$7*SIN(I38)) -> 5.876535 | J58: =2*J$10*((J$5+J$11*J$6)/J$11)/(SQRT(2)*J$7*SIN(J38)) -> 5.876535 | ... CG58: =2*CG$10*((CG$5+CG$11*CG$6)/CG$11)/(SQRT(2)*CG$7*SIN(CG38)) -> 5.876535
B60: fn where M(fn,Po,π/2)=Mreq(Vin_min, Vout,π/2 ) | D60: =IF(AND(D$25>D$24,IF(ISNA(D$29),TRUE,D47>=D$29),(D53-D47-(-D$25*(D47-C47)/(D$25-C$25)))/((D47-C47)/(D$25-C$25))<=D$25,(D53-D47-(-D$25*(D47-C47)/(D$25-C$25)))/((D47-C47)/(D$25-C$25))>C$25),(D53-D47-(-D$25*(D47-C47)/(D$25-C$25)))/((D47-C47)/(D$25-C$25)),0) -> 0 | E60: =IF(AND(E$25>E$24,IF(ISNA(E$29),TRUE,E47>=E$29),(E53-E47-(-E$25*(E47-D47)/(E$25-D$25)))/((E47-D47)/(E$25-D$25))<=E$25,(E53-E47-(-E$25*(E47-D47)/(E$25-D$25)))/((E47-D47)/(E$25-D$25))>D$25),(E53-E47-(-E$25*(E47-D47)/(E$25-D$25)))/((E47-D47)/(E$25-D$25)),0) -> 0 | F60: =IF(AND(F$25>F$24,IF(ISNA(F$29),TRUE,F47>=F$29),(F53-F47-(-F$25*(F47-E47)/(F$25-E$25)))/((F47-E47)/(F$25-E$25))<=F$25,(F53-F47-(-F$25*(F47-E47)/(F$25-E$25)))/((F47-E47)/(F$25-E$25))>E$25),(F53-F47-(-F$25*(F47-E47)/(F$25-E$25)))/((F47-E47)/(F$25-E$25)),0) -> 0 | G60: =IF(AND(G$25>G$24,IF(ISNA(G$29),TRUE,G47>=G$29),(G53-G47-(-G$25*(G47-F47)/(G$25-F$25)))/((G47-F47)/(G$25-F$25))<=G$25,(G53-G47-(-G$25*(G47-F47)/(G$25-F$25)))/((G47-F47)/(G$25-F$25))>F$25),(G53-G47-(-G$25*(G47-F47)/(G$25-F$25)))/((G47-F47)/(G$25-F$25)),0) -> 0 | H60: =IF(AND(H$25>H$24,IF(ISNA(H$29),TRUE,H47>=H$29),(H53-H47-(-H$25*(H47-G47)/(H$25-G$25)))/((H47-G47)/(H$25-G$25))<=H$25,(H53-H47-(-H$25*(H47-G47)/(H$25-G$25)))/((H47-G47)/(H$25-G$25))>G$25),(H53-H47-(-H$25*(H47-G47)/(H$25-G$25)))/((H47-G47)/(H$25-G$25)),0) -> 0 | I60: =IF(AND(I$25>I$24,IF(ISNA(I$29),TRUE,I47>=I$29),(I53-I47-(-I$25*(I47-H47)/(I$25-H$25)))/((I47-H47)/(I$25-H$25))<=I$25,(I53-I47-(-I$25*(I47-H47)/(I$25-H$25)))/((I47-H47)/(I$25-H$25))>H$25),(I53-I47-(-I$25*(I47-H47)/(I$25-H$25)))/((I47-H47)/(I$25-H$25)),0) -> 0 | J60: =IF(AND(J$25>J$24,IF(ISNA(J$29),TRUE,J47>=J$29),(J53-J47-(-J$25*(J47-I47)/(J$25-I$25)))/((J47-I47)/(J$25-I$25))<=J$25,(J53-J47-(-J$25*(J47-I47)/(J$25-I$25)))/((J47-I47)/(J$25-I$25))>I$25),(J53-J47-(-J$25*(J47-I47)/(J$25-I$25)))/((J47-I47)/(J$25-I$25)),0) -> 0 | K60: =IF(AND(K$25>K$24,IF(ISNA(K$29),TRUE,K47>=K$29),(K53-K47-(-K$25*(K47-J47)/(K$25-J$25)))/((K47-J47)/(K$25-J$25))<=K$25,(K53-K47-(-K$25*(K47-J47)/(K$25-J$25)))/((K47-J47)/(K$25-J$25))>J$25),(K53-K47-(-K$25*(K47-J47)/(K$25-J$25)))/((K47-J47)/(K$25-J$25)),0) -> 0 | ... CG60: =IF(AND(CG$25>CG$24,IF(ISNA(CG$29),TRUE,CG47>=CG$29),(CG53-CG47-(-CG$25*(CG47-CF47)/(CG$25-CF$25)))/((CG47-CF47)/(CG$25-CF$25))<=CG$25,(CG53-CG47-(-CG$25*(CG47-CF47)/(CG$25-CF$25)))/((CG47-CF47)/(CG$25-CF$25))>CF$25),(CG53-CG47-(-CG$25*(CG47-CF47)/(CG$25-CF$25)))/((CG47-CF47)/(CG$25-CF$25)),0) -> 0 | CH60: {=IF(MAX(D60:CG60),MAX(D60:CG60),INDIRECT(CI47))} -> 0.71493086
B61: fn where M(fn,Po,5π/12)=Mreq(Vin_min, Vout,5π/12 ) | D61: =IF(AND(D$25>D$24,IF(ISNA(D$29),TRUE,D48>=D$29),(D54-D48-(-D$25*(D48-C48)/(D$25-C$25)))/((D48-C48)/(D$25-C$25))<=D$25,(D54-D48-(-D$25*(D48-C48)/(D$25-C$25)))/((D48-C48)/(D$25-C$25))>C$25),(D54-D48-(-D$25*(D48-C48)/(D$25-C$25)))/((D48-C48)/(D$25-C$25)),0) -> 0 | E61: =IF(AND(E$25>E$24,IF(ISNA(E$29),TRUE,E48>=E$29),(E54-E48-(-E$25*(E48-D48)/(E$25-D$25)))/((E48-D48)/(E$25-D$25))<=E$25,(E54-E48-(-E$25*(E48-D48)/(E$25-D$25)))/((E48-D48)/(E$25-D$25))>D$25),(E54-E48-(-E$25*(E48-D48)/(E$25-D$25)))/((E48-D48)/(E$25-D$25)),0) -> 0 | F61: =IF(AND(F$25>F$24,IF(ISNA(F$29),TRUE,F48>=F$29),(F54-F48-(-F$25*(F48-E48)/(F$25-E$25)))/((F48-E48)/(F$25-E$25))<=F$25,(F54-F48-(-F$25*(F48-E48)/(F$25-E$25)))/((F48-E48)/(F$25-E$25))>E$25),(F54-F48-(-F$25*(F48-E48)/(F$25-E$25)))/((F48-E48)/(F$25-E$25)),0) -> 0 | G61: =IF(AND(G$25>G$24,IF(ISNA(G$29),TRUE,G48>=G$29),(G54-G48-(-G$25*(G48-F48)/(G$25-F$25)))/((G48-F48)/(G$25-F$25))<=G$25,(G54-G48-(-G$25*(G48-F48)/(G$25-F$25)))/((G48-F48)/(G$25-F$25))>F$25),(G54-G48-(-G$25*(G48-F48)/(G$25-F$25)))/((G48-F48)/(G$25-F$25)),0) -> 0 | H61: =IF(AND(H$25>H$24,IF(ISNA(H$29),TRUE,H48>=H$29),(H54-H48-(-H$25*(H48-G48)/(H$25-G$25)))/((H48-G48)/(H$25-G$25))<=H$25,(H54-H48-(-H$25*(H48-G48)/(H$25-G$25)))/((H48-G48)/(H$25-G$25))>G$25),(H54-H48-(-H$25*(H48-G48)/(H$25-G$25)))/((H48-G48)/(H$25-G$25)),0) -> 0 | I61: =IF(AND(I$25>I$24,IF(ISNA(I$29),TRUE,I48>=I$29),(I54-I48-(-I$25*(I48-H48)/(I$25-H$25)))/((I48-H48)/(I$25-H$25))<=I$25,(I54-I48-(-I$25*(I48-H48)/(I$25-H$25)))/((I48-H48)/(I$25-H$25))>H$25),(I54-I48-(-I$25*(I48-H48)/(I$25-H$25)))/((I48-H48)/(I$25-H$25)),0) -> 0 | J61: =IF(AND(J$25>J$24,IF(ISNA(J$29),TRUE,J48>=J$29),(J54-J48-(-J$25*(J48-I48)/(J$25-I$25)))/((J48-I48)/(J$25-I$25))<=J$25,(J54-J48-(-J$25*(J48-I48)/(J$25-I$25)))/((J48-I48)/(J$25-I$25))>I$25),(J54-J48-(-J$25*(J48-I48)/(J$25-I$25)))/((J48-I48)/(J$25-I$25)),0) -> 0 | K61: =IF(AND(K$25>K$24,IF(ISNA(K$29),TRUE,K48>=K$29),(K54-K48-(-K$25*(K48-J48)/(K$25-J$25)))/((K48-J48)/(K$25-J$25))<=K$25,(K54-K48-(-K$25*(K48-J48)/(K$25-J$25)))/((K48-J48)/(K$25-J$25))>J$25),(K54-K48-(-K$25*(K48-J48)/(K$25-J$25)))/((K48-J48)/(K$25-J$25)),0) -> 0 | ... CG61: =IF(AND(CG$25>CG$24,IF(ISNA(CG$29),TRUE,CG48>=CG$29),(CG54-CG48-(-CG$25*(CG48-CF48)/(CG$25-CF$25)))/((CG48-CF48)/(CG$25-CF$25))<=CG$25,(CG54-CG48-(-CG$25*(CG48-CF48)/(CG$25-CF$25)))/((CG48-CF48)/(CG$25-CF$25))>CF$25),(CG54-CG48-(-CG$25*(CG48-CF48)/(CG$25-CF$25)))/((CG48-CF48)/(CG$25-CF$25)),0) -> 0 | CH61: {=IF(MAX(D61:CG61),MAX(D61:CG61),INDIRECT(CI48))} -> 0.70770292
B62: fn where M(fn,Po,π/3)=Mreq(Vin_min, Vout,π/3 ) | D62: =IF(AND(D$25>D$24,IF(ISNA(D$29),TRUE,D49>=D$29),(D55-D49-(-D$25*(D49-C49)/(D$25-C$25)))/((D49-C49)/(D$25-C$25))<=D$25,(D55-D49-(-D$25*(D49-C49)/(D$25-C$25)))/((D49-C49)/(D$25-C$25))>C$25),(D55-D49-(-D$25*(D49-C49)/(D$25-C$25)))/((D49-C49)/(D$25-C$25)),0) -> 0 | E62: =IF(AND(E$25>E$24,IF(ISNA(E$29),TRUE,E49>=E$29),(E55-E49-(-E$25*(E49-D49)/(E$25-D$25)))/((E49-D49)/(E$25-D$25))<=E$25,(E55-E49-(-E$25*(E49-D49)/(E$25-D$25)))/((E49-D49)/(E$25-D$25))>D$25),(E55-E49-(-E$25*(E49-D49)/(E$25-D$25)))/((E49-D49)/(E$25-D$25)),0) -> 0 | F62: =IF(AND(F$25>F$24,IF(ISNA(F$29),TRUE,F49>=F$29),(F55-F49-(-F$25*(F49-E49)/(F$25-E$25)))/((F49-E49)/(F$25-E$25))<=F$25,(F55-F49-(-F$25*(F49-E49)/(F$25-E$25)))/((F49-E49)/(F$25-E$25))>E$25),(F55-F49-(-F$25*(F49-E49)/(F$25-E$25)))/((F49-E49)/(F$25-E$25)),0) -> 0 | G62: =IF(AND(G$25>G$24,IF(ISNA(G$29),TRUE,G49>=G$29),(G55-G49-(-G$25*(G49-F49)/(G$25-F$25)))/((G49-F49)/(G$25-F$25))<=G$25,(G55-G49-(-G$25*(G49-F49)/(G$25-F$25)))/((G49-F49)/(G$25-F$25))>F$25),(G55-G49-(-G$25*(G49-F49)/(G$25-F$25)))/((G49-F49)/(G$25-F$25)),0) -> 0 | H62: =IF(AND(H$25>H$24,IF(ISNA(H$29),TRUE,H49>=H$29),(H55-H49-(-H$25*(H49-G49)/(H$25-G$25)))/((H49-G49)/(H$25-G$25))<=H$25,(H55-H49-(-H$25*(H49-G49)/(H$25-G$25)))/((H49-G49)/(H$25-G$25))>G$25),(H55-H49-(-H$25*(H49-G49)/(H$25-G$25)))/((H49-G49)/(H$25-G$25)),0) -> 0 | I62: =IF(AND(I$25>I$24,IF(ISNA(I$29),TRUE,I49>=I$29),(I55-I49-(-I$25*(I49-H49)/(I$25-H$25)))/((I49-H49)/(I$25-H$25))<=I$25,(I55-I49-(-I$25*(I49-H49)/(I$25-H$25)))/((I49-H49)/(I$25-H$25))>H$25),(I55-I49-(-I$25*(I49-H49)/(I$25-H$25)))/((I49-H49)/(I$25-H$25)),0) -> 0 | J62: =IF(AND(J$25>J$24,IF(ISNA(J$29),TRUE,J49>=J$29),(J55-J49-(-J$25*(J49-I49)/(J$25-I$25)))/((J49-I49)/(J$25-I$25))<=J$25,(J55-J49-(-J$25*(J49-I49)/(J$25-I$25)))/((J49-I49)/(J$25-I$25))>I$25),(J55-J49-(-J$25*(J49-I49)/(J$25-I$25)))/((J49-I49)/(J$25-I$25)),0) -> 0 | K62: =IF(AND(K$25>K$24,IF(ISNA(K$29),TRUE,K49>=K$29),(K55-K49-(-K$25*(K49-J49)/(K$25-J$25)))/((K49-J49)/(K$25-J$25))<=K$25,(K55-K49-(-K$25*(K49-J49)/(K$25-J$25)))/((K49-J49)/(K$25-J$25))>J$25),(K55-K49-(-K$25*(K49-J49)/(K$25-J$25)))/((K49-J49)/(K$25-J$25)),0) -> 0 | ... CG62: =IF(AND(CG$25>CG$24,IF(ISNA(CG$29),TRUE,CG49>=CG$29),(CG55-CG49-(-CG$25*(CG49-CF49)/(CG$25-CF$25)))/((CG49-CF49)/(CG$25-CF$25))<=CG$25,(CG55-CG49-(-CG$25*(CG49-CF49)/(CG$25-CF$25)))/((CG49-CF49)/(CG$25-CF$25))>CF$25),(CG55-CG49-(-CG$25*(CG49-CF49)/(CG$25-CF$25)))/((CG49-CF49)/(CG$25-CF$25)),0) -> 0 | CH62: {=IF(MAX(D62:CG62),MAX(D62:CG62),INDIRECT(CI49))} -> 0.68892795
B63: fn where M(fn,Po,π/4)=Mreq(Vin_min, Vout,π/4 ) | D63: =IF(AND(D$25>D$24,IF(ISNA(D$29),TRUE,D50>=D$29),(D56-D50-(-D$25*(D50-C50)/(D$25-C$25)))/((D50-C50)/(D$25-C$25))<=D$25,(D56-D50-(-D$25*(D50-C50)/(D$25-C$25)))/((D50-C50)/(D$25-C$25))>C$25),(D56-D50-(-D$25*(D50-C50)/(D$25-C$25)))/((D50-C50)/(D$25-C$25)),0) -> 0 | E63: =IF(AND(E$25>E$24,IF(ISNA(E$29),TRUE,E50>=E$29),(E56-E50-(-E$25*(E50-D50)/(E$25-D$25)))/((E50-D50)/(E$25-D$25))<=E$25,(E56-E50-(-E$25*(E50-D50)/(E$25-D$25)))/((E50-D50)/(E$25-D$25))>D$25),(E56-E50-(-E$25*(E50-D50)/(E$25-D$25)))/((E50-D50)/(E$25-D$25)),0) -> 0 | F63: =IF(AND(F$25>F$24,IF(ISNA(F$29),TRUE,F50>=F$29),(F56-F50-(-F$25*(F50-E50)/(F$25-E$25)))/((F50-E50)/(F$25-E$25))<=F$25,(F56-F50-(-F$25*(F50-E50)/(F$25-E$25)))/((F50-E50)/(F$25-E$25))>E$25),(F56-F50-(-F$25*(F50-E50)/(F$25-E$25)))/((F50-E50)/(F$25-E$25)),0) -> 0 | G63: =IF(AND(G$25>G$24,IF(ISNA(G$29),TRUE,G50>=G$29),(G56-G50-(-G$25*(G50-F50)/(G$25-F$25)))/((G50-F50)/(G$25-F$25))<=G$25,(G56-G50-(-G$25*(G50-F50)/(G$25-F$25)))/((G50-F50)/(G$25-F$25))>F$25),(G56-G50-(-G$25*(G50-F50)/(G$25-F$25)))/((G50-F50)/(G$25-F$25)),0) -> 0 | H63: =IF(AND(H$25>H$24,IF(ISNA(H$29),TRUE,H50>=H$29),(H56-H50-(-H$25*(H50-G50)/(H$25-G$25)))/((H50-G50)/(H$25-G$25))<=H$25,(H56-H50-(-H$25*(H50-G50)/(H$25-G$25)))/((H50-G50)/(H$25-G$25))>G$25),(H56-H50-(-H$25*(H50-G50)/(H$25-G$25)))/((H50-G50)/(H$25-G$25)),0) -> 0 | I63: =IF(AND(I$25>I$24,IF(ISNA(I$29),TRUE,I50>=I$29),(I56-I50-(-I$25*(I50-H50)/(I$25-H$25)))/((I50-H50)/(I$25-H$25))<=I$25,(I56-I50-(-I$25*(I50-H50)/(I$25-H$25)))/((I50-H50)/(I$25-H$25))>H$25),(I56-I50-(-I$25*(I50-H50)/(I$25-H$25)))/((I50-H50)/(I$25-H$25)),0) -> 0 | J63: =IF(AND(J$25>J$24,IF(ISNA(J$29),TRUE,J50>=J$29),(J56-J50-(-J$25*(J50-I50)/(J$25-I$25)))/((J50-I50)/(J$25-I$25))<=J$25,(J56-J50-(-J$25*(J50-I50)/(J$25-I$25)))/((J50-I50)/(J$25-I$25))>I$25),(J56-J50-(-J$25*(J50-I50)/(J$25-I$25)))/((J50-I50)/(J$25-I$25)),0) -> 0 | K63: =IF(AND(K$25>K$24,IF(ISNA(K$29),TRUE,K50>=K$29),(K56-K50-(-K$25*(K50-J50)/(K$25-J$25)))/((K50-J50)/(K$25-J$25))<=K$25,(K56-K50-(-K$25*(K50-J50)/(K$25-J$25)))/((K50-J50)/(K$25-J$25))>J$25),(K56-K50-(-K$25*(K50-J50)/(K$25-J$25)))/((K50-J50)/(K$25-J$25)),0) -> 0 | ... CG63: =IF(AND(CG$25>CG$24,IF(ISNA(CG$29),TRUE,CG50>=CG$29),(CG56-CG50-(-CG$25*(CG50-CF50)/(CG$25-CF$25)))/((CG50-CF50)/(CG$25-CF$25))<=CG$25,(CG56-CG50-(-CG$25*(CG50-CF50)/(CG$25-CF$25)))/((CG50-CF50)/(CG$25-CF$25))>CF$25),(CG56-CG50-(-CG$25*(CG50-CF50)/(CG$25-CF$25)))/((CG50-CF50)/(CG$25-CF$25)),0) -> 0 | CH63: {=IF(MAX(D63:CG63),MAX(D63:CG63),INDIRECT(CI50))} -> 0.66266363
B64: fn where M(fn,Po,π/6)=Mreq(Vin_min, Vout,π/6 ) | D64: =IF(AND(D$25>D$24,IF(ISNA(D$29),TRUE,D51>=D$29),(D57-D51-(-D$25*(D51-C51)/(D$25-C$25)))/((D51-C51)/(D$25-C$25))<=D$25,(D57-D51-(-D$25*(D51-C51)/(D$25-C$25)))/((D51-C51)/(D$25-C$25))>C$25),(D57-D51-(-D$25*(D51-C51)/(D$25-C$25)))/((D51-C51)/(D$25-C$25)),0) -> 0 | E64: =IF(AND(E$25>E$24,IF(ISNA(E$29),TRUE,E51>=E$29),(E57-E51-(-E$25*(E51-D51)/(E$25-D$25)))/((E51-D51)/(E$25-D$25))<=E$25,(E57-E51-(-E$25*(E51-D51)/(E$25-D$25)))/((E51-D51)/(E$25-D$25))>D$25),(E57-E51-(-E$25*(E51-D51)/(E$25-D$25)))/((E51-D51)/(E$25-D$25)),0) -> 0 | F64: =IF(AND(F$25>F$24,IF(ISNA(F$29),TRUE,F51>=F$29),(F57-F51-(-F$25*(F51-E51)/(F$25-E$25)))/((F51-E51)/(F$25-E$25))<=F$25,(F57-F51-(-F$25*(F51-E51)/(F$25-E$25)))/((F51-E51)/(F$25-E$25))>E$25),(F57-F51-(-F$25*(F51-E51)/(F$25-E$25)))/((F51-E51)/(F$25-E$25)),0) -> 0 | G64: =IF(AND(G$25>G$24,IF(ISNA(G$29),TRUE,G51>=G$29),(G57-G51-(-G$25*(G51-F51)/(G$25-F$25)))/((G51-F51)/(G$25-F$25))<=G$25,(G57-G51-(-G$25*(G51-F51)/(G$25-F$25)))/((G51-F51)/(G$25-F$25))>F$25),(G57-G51-(-G$25*(G51-F51)/(G$25-F$25)))/((G51-F51)/(G$25-F$25)),0) -> 0 | H64: =IF(AND(H$25>H$24,IF(ISNA(H$29),TRUE,H51>=H$29),(H57-H51-(-H$25*(H51-G51)/(H$25-G$25)))/((H51-G51)/(H$25-G$25))<=H$25,(H57-H51-(-H$25*(H51-G51)/(H$25-G$25)))/((H51-G51)/(H$25-G$25))>G$25),(H57-H51-(-H$25*(H51-G51)/(H$25-G$25)))/((H51-G51)/(H$25-G$25)),0) -> 0 | I64: =IF(AND(I$25>I$24,IF(ISNA(I$29),TRUE,I51>=I$29),(I57-I51-(-I$25*(I51-H51)/(I$25-H$25)))/((I51-H51)/(I$25-H$25))<=I$25,(I57-I51-(-I$25*(I51-H51)/(I$25-H$25)))/((I51-H51)/(I$25-H$25))>H$25),(I57-I51-(-I$25*(I51-H51)/(I$25-H$25)))/((I51-H51)/(I$25-H$25)),0) -> 0 | J64: =IF(AND(J$25>J$24,IF(ISNA(J$29),TRUE,J51>=J$29),(J57-J51-(-J$25*(J51-I51)/(J$25-I$25)))/((J51-I51)/(J$25-I$25))<=J$25,(J57-J51-(-J$25*(J51-I51)/(J$25-I$25)))/((J51-I51)/(J$25-I$25))>I$25),(J57-J51-(-J$25*(J51-I51)/(J$25-I$25)))/((J51-I51)/(J$25-I$25)),0) -> 0 | K64: =IF(AND(K$25>K$24,IF(ISNA(K$29),TRUE,K51>=K$29),(K57-K51-(-K$25*(K51-J51)/(K$25-J$25)))/((K51-J51)/(K$25-J$25))<=K$25,(K57-K51-(-K$25*(K51-J51)/(K$25-J$25)))/((K51-J51)/(K$25-J$25))>J$25),(K57-K51-(-K$25*(K51-J51)/(K$25-J$25)))/((K51-J51)/(K$25-J$25)),0) -> 0 | ... CG64: =IF(AND(CG$25>CG$24,IF(ISNA(CG$29),TRUE,CG51>=CG$29),(CG57-CG51-(-CG$25*(CG51-CF51)/(CG$25-CF$25)))/((CG51-CF51)/(CG$25-CF$25))<=CG$25,(CG57-CG51-(-CG$25*(CG51-CF51)/(CG$25-CF$25)))/((CG51-CF51)/(CG$25-CF$25))>CF$25),(CG57-CG51-(-CG$25*(CG51-CF51)/(CG$25-CF$25)))/((CG51-CF51)/(CG$25-CF$25)),0) -> 0 | CH64: {=IF(MAX(D64:CG64),MAX(D64:CG64),INDIRECT(CI51))} -> 0.63132155
B65: fn where M(fn,Po,π/12)=Mreq(Vin_min, Vout,π/12 ) | D65: =IF(AND(D$25>D$24,IF(ISNA(D$29),TRUE,D52>=D$29),(D58-D52-(-D$25*(D52-C52)/(D$25-C$25)))/((D52-C52)/(D$25-C$25))<=D$25,(D58-D52-(-D$25*(D52-C52)/(D$25-C$25)))/((D52-C52)/(D$25-C$25))>C$25),(D58-D52-(-D$25*(D52-C52)/(D$25-C$25)))/((D52-C52)/(D$25-C$25)),0) -> 0 | E65: =IF(AND(E$25>E$24,IF(ISNA(E$29),TRUE,E52>=E$29),(E58-E52-(-E$25*(E52-D52)/(E$25-D$25)))/((E52-D52)/(E$25-D$25))<=E$25,(E58-E52-(-E$25*(E52-D52)/(E$25-D$25)))/((E52-D52)/(E$25-D$25))>D$25),(E58-E52-(-E$25*(E52-D52)/(E$25-D$25)))/((E52-D52)/(E$25-D$25)),0) -> 0 | F65: =IF(AND(F$25>F$24,IF(ISNA(F$29),TRUE,F52>=F$29),(F58-F52-(-F$25*(F52-E52)/(F$25-E$25)))/((F52-E52)/(F$25-E$25))<=F$25,(F58-F52-(-F$25*(F52-E52)/(F$25-E$25)))/((F52-E52)/(F$25-E$25))>E$25),(F58-F52-(-F$25*(F52-E52)/(F$25-E$25)))/((F52-E52)/(F$25-E$25)),0) -> 0 | G65: =IF(AND(G$25>G$24,IF(ISNA(G$29),TRUE,G52>=G$29),(G58-G52-(-G$25*(G52-F52)/(G$25-F$25)))/((G52-F52)/(G$25-F$25))<=G$25,(G58-G52-(-G$25*(G52-F52)/(G$25-F$25)))/((G52-F52)/(G$25-F$25))>F$25),(G58-G52-(-G$25*(G52-F52)/(G$25-F$25)))/((G52-F52)/(G$25-F$25)),0) -> 0 | H65: =IF(AND(H$25>H$24,IF(ISNA(H$29),TRUE,H52>=H$29),(H58-H52-(-H$25*(H52-G52)/(H$25-G$25)))/((H52-G52)/(H$25-G$25))<=H$25,(H58-H52-(-H$25*(H52-G52)/(H$25-G$25)))/((H52-G52)/(H$25-G$25))>G$25),(H58-H52-(-H$25*(H52-G52)/(H$25-G$25)))/((H52-G52)/(H$25-G$25)),0) -> 0 | I65: =IF(AND(I$25>I$24,IF(ISNA(I$29),TRUE,I52>=I$29),(I58-I52-(-I$25*(I52-H52)/(I$25-H$25)))/((I52-H52)/(I$25-H$25))<=I$25,(I58-I52-(-I$25*(I52-H52)/(I$25-H$25)))/((I52-H52)/(I$25-H$25))>H$25),(I58-I52-(-I$25*(I52-H52)/(I$25-H$25)))/((I52-H52)/(I$25-H$25)),0) -> 0 | J65: =IF(AND(J$25>J$24,IF(ISNA(J$29),TRUE,J52>=J$29),(J58-J52-(-J$25*(J52-I52)/(J$25-I$25)))/((J52-I52)/(J$25-I$25))<=J$25,(J58-J52-(-J$25*(J52-I52)/(J$25-I$25)))/((J52-I52)/(J$25-I$25))>I$25),(J58-J52-(-J$25*(J52-I52)/(J$25-I$25)))/((J52-I52)/(J$25-I$25)),0) -> 0 | K65: =IF(AND(K$25>K$24,IF(ISNA(K$29),TRUE,K52>=K$29),(K58-K52-(-K$25*(K52-J52)/(K$25-J$25)))/((K52-J52)/(K$25-J$25))<=K$25,(K58-K52-(-K$25*(K52-J52)/(K$25-J$25)))/((K52-J52)/(K$25-J$25))>J$25),(K58-K52-(-K$25*(K52-J52)/(K$25-J$25)))/((K52-J52)/(K$25-J$25)),0) -> 0 | ... CG65: =IF(AND(CG$25>CG$24,IF(ISNA(CG$29),TRUE,CG52>=CG$29),(CG58-CG52-(-CG$25*(CG52-CF52)/(CG$25-CF$25)))/((CG52-CF52)/(CG$25-CF$25))<=CG$25,(CG58-CG52-(-CG$25*(CG52-CF52)/(CG$25-CF$25)))/((CG52-CF52)/(CG$25-CF$25))>CF$25),(CG58-CG52-(-CG$25*(CG52-CF52)/(CG$25-CF$25)))/((CG52-CF52)/(CG$25-CF$25)),0) -> 0 | CH65: {=IF(MAX(D65:CG65),MAX(D65:CG65),INDIRECT(CI52))} -> 0.59607196
B67: Mreq(Vin_max, Vout,π/2 ) | C67: =2*C$10*((C$5+C$11*C$6)/C$11)/(SQRT(2)*C$9*SIN(C33)) -> 0.99807854 | D67: =2*D$10*((D$5+D$11*D$6)/D$11)/(SQRT(2)*D$9*SIN(D33)) -> 0.99807854 | E67: =2*E$10*((E$5+E$11*E$6)/E$11)/(SQRT(2)*E$9*SIN(E33)) -> 0.99807854 | F67: =2*F$10*((F$5+F$11*F$6)/F$11)/(SQRT(2)*F$9*SIN(F33)) -> 0.99807854 | G67: =2*G$10*((G$5+G$11*G$6)/G$11)/(SQRT(2)*G$9*SIN(G33)) -> 0.99807854 | H67: =2*H$10*((H$5+H$11*H$6)/H$11)/(SQRT(2)*H$9*SIN(H33)) -> 0.99807854 | I67: =2*I$10*((I$5+I$11*I$6)/I$11)/(SQRT(2)*I$9*SIN(I33)) -> 0.99807854 | J67: =2*J$10*((J$5+J$11*J$6)/J$11)/(SQRT(2)*J$9*SIN(J33)) -> 0.99807854 | ... CG67: =2*CG$10*((CG$5+CG$11*CG$6)/CG$11)/(SQRT(2)*CG$9*SIN(CG33)) -> 0.99807854
B68: Mreq(Vin_max, Vout,5π/12 ) | C68: =2*C$10*((C$5+C$11*C$6)/C$11)/(SQRT(2)*C$9*SIN(C34)) -> 1.0332869 | D68: =2*D$10*((D$5+D$11*D$6)/D$11)/(SQRT(2)*D$9*SIN(D34)) -> 1.0332869 | E68: =2*E$10*((E$5+E$11*E$6)/E$11)/(SQRT(2)*E$9*SIN(E34)) -> 1.0332869 | F68: =2*F$10*((F$5+F$11*F$6)/F$11)/(SQRT(2)*F$9*SIN(F34)) -> 1.0332869 | G68: =2*G$10*((G$5+G$11*G$6)/G$11)/(SQRT(2)*G$9*SIN(G34)) -> 1.0332869 | H68: =2*H$10*((H$5+H$11*H$6)/H$11)/(SQRT(2)*H$9*SIN(H34)) -> 1.0332869 | I68: =2*I$10*((I$5+I$11*I$6)/I$11)/(SQRT(2)*I$9*SIN(I34)) -> 1.0332869 | J68: =2*J$10*((J$5+J$11*J$6)/J$11)/(SQRT(2)*J$9*SIN(J34)) -> 1.0332869 | ... CG68: =2*CG$10*((CG$5+CG$11*CG$6)/CG$11)/(SQRT(2)*CG$9*SIN(CG34)) -> 1.0332869
B69: Mreq(Vin_max, Vout,π/3 ) | C69: =2*C$10*((C$5+C$11*C$6)/C$11)/(SQRT(2)*C$9*SIN(C35)) -> 1.1524818 | D69: =2*D$10*((D$5+D$11*D$6)/D$11)/(SQRT(2)*D$9*SIN(D35)) -> 1.1524818 | E69: =2*E$10*((E$5+E$11*E$6)/E$11)/(SQRT(2)*E$9*SIN(E35)) -> 1.1524818 | F69: =2*F$10*((F$5+F$11*F$6)/F$11)/(SQRT(2)*F$9*SIN(F35)) -> 1.1524818 | G69: =2*G$10*((G$5+G$11*G$6)/G$11)/(SQRT(2)*G$9*SIN(G35)) -> 1.1524818 | H69: =2*H$10*((H$5+H$11*H$6)/H$11)/(SQRT(2)*H$9*SIN(H35)) -> 1.1524818 | I69: =2*I$10*((I$5+I$11*I$6)/I$11)/(SQRT(2)*I$9*SIN(I35)) -> 1.1524818 | J69: =2*J$10*((J$5+J$11*J$6)/J$11)/(SQRT(2)*J$9*SIN(J35)) -> 1.1524818 | ... CG69: =2*CG$10*((CG$5+CG$11*CG$6)/CG$11)/(SQRT(2)*CG$9*SIN(CG35)) -> 1.1524818
B70: Mreq(Vin_max, Vout,π/4 ) | C70: =2*C$10*((C$5+C$11*C$6)/C$11)/(SQRT(2)*C$9*SIN(C36)) -> 1.4114962 | D70: =2*D$10*((D$5+D$11*D$6)/D$11)/(SQRT(2)*D$9*SIN(D36)) -> 1.4114962 | E70: =2*E$10*((E$5+E$11*E$6)/E$11)/(SQRT(2)*E$9*SIN(E36)) -> 1.4114962 | F70: =2*F$10*((F$5+F$11*F$6)/F$11)/(SQRT(2)*F$9*SIN(F36)) -> 1.4114962 | G70: =2*G$10*((G$5+G$11*G$6)/G$11)/(SQRT(2)*G$9*SIN(G36)) -> 1.4114962 | H70: =2*H$10*((H$5+H$11*H$6)/H$11)/(SQRT(2)*H$9*SIN(H36)) -> 1.4114962 | I70: =2*I$10*((I$5+I$11*I$6)/I$11)/(SQRT(2)*I$9*SIN(I36)) -> 1.4114962 | J70: =2*J$10*((J$5+J$11*J$6)/J$11)/(SQRT(2)*J$9*SIN(J36)) -> 1.4114962 | ... CG70: =2*CG$10*((CG$5+CG$11*CG$6)/CG$11)/(SQRT(2)*CG$9*SIN(CG36)) -> 1.4114962
B71: Mreq(Vin_max, Vout,π/6 ) | C71: =2*C$10*((C$5+C$11*C$6)/C$11)/(SQRT(2)*C$9*SIN(C37)) -> 1.9961571 | D71: =2*D$10*((D$5+D$11*D$6)/D$11)/(SQRT(2)*D$9*SIN(D37)) -> 1.9961571 | E71: =2*E$10*((E$5+E$11*E$6)/E$11)/(SQRT(2)*E$9*SIN(E37)) -> 1.9961571 | F71: =2*F$10*((F$5+F$11*F$6)/F$11)/(SQRT(2)*F$9*SIN(F37)) -> 1.9961571 | G71: =2*G$10*((G$5+G$11*G$6)/G$11)/(SQRT(2)*G$9*SIN(G37)) -> 1.9961571 | H71: =2*H$10*((H$5+H$11*H$6)/H$11)/(SQRT(2)*H$9*SIN(H37)) -> 1.9961571 | I71: =2*I$10*((I$5+I$11*I$6)/I$11)/(SQRT(2)*I$9*SIN(I37)) -> 1.9961571 | J71: =2*J$10*((J$5+J$11*J$6)/J$11)/(SQRT(2)*J$9*SIN(J37)) -> 1.9961571 | ... CG71: =2*CG$10*((CG$5+CG$11*CG$6)/CG$11)/(SQRT(2)*CG$9*SIN(CG37)) -> 1.9961571
B72: Mreq(Vin_max, Vout,π/12 ) | C72: =2*C$10*((C$5+C$11*C$6)/C$11)/(SQRT(2)*C$9*SIN(C38)) -> 3.8562794 | D72: =2*D$10*((D$5+D$11*D$6)/D$11)/(SQRT(2)*D$9*SIN(D38)) -> 3.8562794 | E72: =2*E$10*((E$5+E$11*E$6)/E$11)/(SQRT(2)*E$9*SIN(E38)) -> 3.8562794 | F72: =2*F$10*((F$5+F$11*F$6)/F$11)/(SQRT(2)*F$9*SIN(F38)) -> 3.8562794 | G72: =2*G$10*((G$5+G$11*G$6)/G$11)/(SQRT(2)*G$9*SIN(G38)) -> 3.8562794 | H72: =2*H$10*((H$5+H$11*H$6)/H$11)/(SQRT(2)*H$9*SIN(H38)) -> 3.8562794 | I72: =2*I$10*((I$5+I$11*I$6)/I$11)/(SQRT(2)*I$9*SIN(I38)) -> 3.8562794 | J72: =2*J$10*((J$5+J$11*J$6)/J$11)/(SQRT(2)*J$9*SIN(J38)) -> 3.8562794 | ... CG72: =2*CG$10*((CG$5+CG$11*CG$6)/CG$11)/(SQRT(2)*CG$9*SIN(CG38)) -> 3.8562794
B74: fn where M(fn,Po,π/2)=Mreq(Vin_max, Vout,π/2 ) | D74: =IF(AND(D$25>D$24,IF(ISNA(D$29),TRUE,D47>=D$29),(D67-D47-(-D$25*(D47-C47)/(D$25-C$25)))/((D47-C47)/(D$25-C$25))<=D$25,(D67-D47-(-D$25*(D47-C47)/(D$25-C$25)))/((D47-C47)/(D$25-C$25))>C$25),(D67-D47-(-D$25*(D47-C47)/(D$25-C$25)))/((D47-C47)/(D$25-C$25)),0) -> 0 | E74: =IF(AND(E$25>E$24,IF(ISNA(E$29),TRUE,E47>=E$29),(E67-E47-(-E$25*(E47-D47)/(E$25-D$25)))/((E47-D47)/(E$25-D$25))<=E$25,(E67-E47-(-E$25*(E47-D47)/(E$25-D$25)))/((E47-D47)/(E$25-D$25))>D$25),(E67-E47-(-E$25*(E47-D47)/(E$25-D$25)))/((E47-D47)/(E$25-D$25)),0) -> 0 | F74: =IF(AND(F$25>F$24,IF(ISNA(F$29),TRUE,F47>=F$29),(F67-F47-(-F$25*(F47-E47)/(F$25-E$25)))/((F47-E47)/(F$25-E$25))<=F$25,(F67-F47-(-F$25*(F47-E47)/(F$25-E$25)))/((F47-E47)/(F$25-E$25))>E$25),(F67-F47-(-F$25*(F47-E47)/(F$25-E$25)))/((F47-E47)/(F$25-E$25)),0) -> 0 | G74: =IF(AND(G$25>G$24,IF(ISNA(G$29),TRUE,G47>=G$29),(G67-G47-(-G$25*(G47-F47)/(G$25-F$25)))/((G47-F47)/(G$25-F$25))<=G$25,(G67-G47-(-G$25*(G47-F47)/(G$25-F$25)))/((G47-F47)/(G$25-F$25))>F$25),(G67-G47-(-G$25*(G47-F47)/(G$25-F$25)))/((G47-F47)/(G$25-F$25)),0) -> 0 | H74: =IF(AND(H$25>H$24,IF(ISNA(H$29),TRUE,H47>=H$29),(H67-H47-(-H$25*(H47-G47)/(H$25-G$25)))/((H47-G47)/(H$25-G$25))<=H$25,(H67-H47-(-H$25*(H47-G47)/(H$25-G$25)))/((H47-G47)/(H$25-G$25))>G$25),(H67-H47-(-H$25*(H47-G47)/(H$25-G$25)))/((H47-G47)/(H$25-G$25)),0) -> 0 | I74: =IF(AND(I$25>I$24,IF(ISNA(I$29),TRUE,I47>=I$29),(I67-I47-(-I$25*(I47-H47)/(I$25-H$25)))/((I47-H47)/(I$25-H$25))<=I$25,(I67-I47-(-I$25*(I47-H47)/(I$25-H$25)))/((I47-H47)/(I$25-H$25))>H$25),(I67-I47-(-I$25*(I47-H47)/(I$25-H$25)))/((I47-H47)/(I$25-H$25)),0) -> 0 | J74: =IF(AND(J$25>J$24,IF(ISNA(J$29),TRUE,J47>=J$29),(J67-J47-(-J$25*(J47-I47)/(J$25-I$25)))/((J47-I47)/(J$25-I$25))<=J$25,(J67-J47-(-J$25*(J47-I47)/(J$25-I$25)))/((J47-I47)/(J$25-I$25))>I$25),(J67-J47-(-J$25*(J47-I47)/(J$25-I$25)))/((J47-I47)/(J$25-I$25)),0) -> 0 | K74: =IF(AND(K$25>K$24,IF(ISNA(K$29),TRUE,K47>=K$29),(K67-K47-(-K$25*(K47-J47)/(K$25-J$25)))/((K47-J47)/(K$25-J$25))<=K$25,(K67-K47-(-K$25*(K47-J47)/(K$25-J$25)))/((K47-J47)/(K$25-J$25))>J$25),(K67-K47-(-K$25*(K47-J47)/(K$25-J$25)))/((K47-J47)/(K$25-J$25)),0) -> 0 | ... CG74: =IF(AND(CG$25>CG$24,IF(ISNA(CG$29),TRUE,CG47>=CG$29),(CG67-CG47-(-CG$25*(CG47-CF47)/(CG$25-CF$25)))/((CG47-CF47)/(CG$25-CF$25))<=CG$25,(CG67-CG47-(-CG$25*(CG47-CF47)/(CG$25-CF$25)))/((CG47-CF47)/(CG$25-CF$25))>CF$25),(CG67-CG47-(-CG$25*(CG47-CF47)/(CG$25-CF$25)))/((CG47-CF47)/(CG$25-CF$25)),0) -> 0 | CH74: {=IF(MAX(D74:CG74),MAX(D74:CG74),INDIRECT(CI47))} -> 1.0022477
B75: fn where M(fn,Po,5π/12)=Mreq(Vin_max, Vout,5π/12 ) | D75: =IF(AND(D$25>D$24,IF(ISNA(D$29),TRUE,D48>=D$29),(D68-D48-(-D$25*(D48-C48)/(D$25-C$25)))/((D48-C48)/(D$25-C$25))<=D$25,(D68-D48-(-D$25*(D48-C48)/(D$25-C$25)))/((D48-C48)/(D$25-C$25))>C$25),(D68-D48-(-D$25*(D48-C48)/(D$25-C$25)))/((D48-C48)/(D$25-C$25)),0) -> 0 | E75: =IF(AND(E$25>E$24,IF(ISNA(E$29),TRUE,E48>=E$29),(E68-E48-(-E$25*(E48-D48)/(E$25-D$25)))/((E48-D48)/(E$25-D$25))<=E$25,(E68-E48-(-E$25*(E48-D48)/(E$25-D$25)))/((E48-D48)/(E$25-D$25))>D$25),(E68-E48-(-E$25*(E48-D48)/(E$25-D$25)))/((E48-D48)/(E$25-D$25)),0) -> 0 | F75: =IF(AND(F$25>F$24,IF(ISNA(F$29),TRUE,F48>=F$29),(F68-F48-(-F$25*(F48-E48)/(F$25-E$25)))/((F48-E48)/(F$25-E$25))<=F$25,(F68-F48-(-F$25*(F48-E48)/(F$25-E$25)))/((F48-E48)/(F$25-E$25))>E$25),(F68-F48-(-F$25*(F48-E48)/(F$25-E$25)))/((F48-E48)/(F$25-E$25)),0) -> 0 | G75: =IF(AND(G$25>G$24,IF(ISNA(G$29),TRUE,G48>=G$29),(G68-G48-(-G$25*(G48-F48)/(G$25-F$25)))/((G48-F48)/(G$25-F$25))<=G$25,(G68-G48-(-G$25*(G48-F48)/(G$25-F$25)))/((G48-F48)/(G$25-F$25))>F$25),(G68-G48-(-G$25*(G48-F48)/(G$25-F$25)))/((G48-F48)/(G$25-F$25)),0) -> 0 | H75: =IF(AND(H$25>H$24,IF(ISNA(H$29),TRUE,H48>=H$29),(H68-H48-(-H$25*(H48-G48)/(H$25-G$25)))/((H48-G48)/(H$25-G$25))<=H$25,(H68-H48-(-H$25*(H48-G48)/(H$25-G$25)))/((H48-G48)/(H$25-G$25))>G$25),(H68-H48-(-H$25*(H48-G48)/(H$25-G$25)))/((H48-G48)/(H$25-G$25)),0) -> 0 | I75: =IF(AND(I$25>I$24,IF(ISNA(I$29),TRUE,I48>=I$29),(I68-I48-(-I$25*(I48-H48)/(I$25-H$25)))/((I48-H48)/(I$25-H$25))<=I$25,(I68-I48-(-I$25*(I48-H48)/(I$25-H$25)))/((I48-H48)/(I$25-H$25))>H$25),(I68-I48-(-I$25*(I48-H48)/(I$25-H$25)))/((I48-H48)/(I$25-H$25)),0) -> 0 | J75: =IF(AND(J$25>J$24,IF(ISNA(J$29),TRUE,J48>=J$29),(J68-J48-(-J$25*(J48-I48)/(J$25-I$25)))/((J48-I48)/(J$25-I$25))<=J$25,(J68-J48-(-J$25*(J48-I48)/(J$25-I$25)))/((J48-I48)/(J$25-I$25))>I$25),(J68-J48-(-J$25*(J48-I48)/(J$25-I$25)))/((J48-I48)/(J$25-I$25)),0) -> 0 | K75: =IF(AND(K$25>K$24,IF(ISNA(K$29),TRUE,K48>=K$29),(K68-K48-(-K$25*(K48-J48)/(K$25-J$25)))/((K48-J48)/(K$25-J$25))<=K$25,(K68-K48-(-K$25*(K48-J48)/(K$25-J$25)))/((K48-J48)/(K$25-J$25))>J$25),(K68-K48-(-K$25*(K48-J48)/(K$25-J$25)))/((K48-J48)/(K$25-J$25)),0) -> 0 | ... CG75: =IF(AND(CG$25>CG$24,IF(ISNA(CG$29),TRUE,CG48>=CG$29),(CG68-CG48-(-CG$25*(CG48-CF48)/(CG$25-CF$25)))/((CG48-CF48)/(CG$25-CF$25))<=CG$25,(CG68-CG48-(-CG$25*(CG48-CF48)/(CG$25-CF$25)))/((CG48-CF48)/(CG$25-CF$25))>CF$25),(CG68-CG48-(-CG$25*(CG48-CF48)/(CG$25-CF$25)))/((CG48-CF48)/(CG$25-CF$25)),0) -> 0 | CH75: {=IF(MAX(D75:CG75),MAX(D75:CG75),INDIRECT(CI48))} -> 0.96617717
B76: fn where M(fn,Po,π/3)=Mreq(Vin_max, Vout,π/3 ) | D76: =IF(AND(D$25>D$24,IF(ISNA(D$29),TRUE,D49>=D$29),(D69-D49-(-D$25*(D49-C49)/(D$25-C$25)))/((D49-C49)/(D$25-C$25))<=D$25,(D69-D49-(-D$25*(D49-C49)/(D$25-C$25)))/((D49-C49)/(D$25-C$25))>C$25),(D69-D49-(-D$25*(D49-C49)/(D$25-C$25)))/((D49-C49)/(D$25-C$25)),0) -> 0 | E76: =IF(AND(E$25>E$24,IF(ISNA(E$29),TRUE,E49>=E$29),(E69-E49-(-E$25*(E49-D49)/(E$25-D$25)))/((E49-D49)/(E$25-D$25))<=E$25,(E69-E49-(-E$25*(E49-D49)/(E$25-D$25)))/((E49-D49)/(E$25-D$25))>D$25),(E69-E49-(-E$25*(E49-D49)/(E$25-D$25)))/((E49-D49)/(E$25-D$25)),0) -> 0 | F76: =IF(AND(F$25>F$24,IF(ISNA(F$29),TRUE,F49>=F$29),(F69-F49-(-F$25*(F49-E49)/(F$25-E$25)))/((F49-E49)/(F$25-E$25))<=F$25,(F69-F49-(-F$25*(F49-E49)/(F$25-E$25)))/((F49-E49)/(F$25-E$25))>E$25),(F69-F49-(-F$25*(F49-E49)/(F$25-E$25)))/((F49-E49)/(F$25-E$25)),0) -> 0 | G76: =IF(AND(G$25>G$24,IF(ISNA(G$29),TRUE,G49>=G$29),(G69-G49-(-G$25*(G49-F49)/(G$25-F$25)))/((G49-F49)/(G$25-F$25))<=G$25,(G69-G49-(-G$25*(G49-F49)/(G$25-F$25)))/((G49-F49)/(G$25-F$25))>F$25),(G69-G49-(-G$25*(G49-F49)/(G$25-F$25)))/((G49-F49)/(G$25-F$25)),0) -> 0 | H76: =IF(AND(H$25>H$24,IF(ISNA(H$29),TRUE,H49>=H$29),(H69-H49-(-H$25*(H49-G49)/(H$25-G$25)))/((H49-G49)/(H$25-G$25))<=H$25,(H69-H49-(-H$25*(H49-G49)/(H$25-G$25)))/((H49-G49)/(H$25-G$25))>G$25),(H69-H49-(-H$25*(H49-G49)/(H$25-G$25)))/((H49-G49)/(H$25-G$25)),0) -> 0 | I76: =IF(AND(I$25>I$24,IF(ISNA(I$29),TRUE,I49>=I$29),(I69-I49-(-I$25*(I49-H49)/(I$25-H$25)))/((I49-H49)/(I$25-H$25))<=I$25,(I69-I49-(-I$25*(I49-H49)/(I$25-H$25)))/((I49-H49)/(I$25-H$25))>H$25),(I69-I49-(-I$25*(I49-H49)/(I$25-H$25)))/((I49-H49)/(I$25-H$25)),0) -> 0 | J76: =IF(AND(J$25>J$24,IF(ISNA(J$29),TRUE,J49>=J$29),(J69-J49-(-J$25*(J49-I49)/(J$25-I$25)))/((J49-I49)/(J$25-I$25))<=J$25,(J69-J49-(-J$25*(J49-I49)/(J$25-I$25)))/((J49-I49)/(J$25-I$25))>I$25),(J69-J49-(-J$25*(J49-I49)/(J$25-I$25)))/((J49-I49)/(J$25-I$25)),0) -> 0 | K76: =IF(AND(K$25>K$24,IF(ISNA(K$29),TRUE,K49>=K$29),(K69-K49-(-K$25*(K49-J49)/(K$25-J$25)))/((K49-J49)/(K$25-J$25))<=K$25,(K69-K49-(-K$25*(K49-J49)/(K$25-J$25)))/((K49-J49)/(K$25-J$25))>J$25),(K69-K49-(-K$25*(K49-J49)/(K$25-J$25)))/((K49-J49)/(K$25-J$25)),0) -> 0 | ... CG76: =IF(AND(CG$25>CG$24,IF(ISNA(CG$29),TRUE,CG49>=CG$29),(CG69-CG49-(-CG$25*(CG49-CF49)/(CG$25-CF$25)))/((CG49-CF49)/(CG$25-CF$25))<=CG$25,(CG69-CG49-(-CG$25*(CG49-CF49)/(CG$25-CF$25)))/((CG49-CF49)/(CG$25-CF$25))>CF$25),(CG69-CG49-(-CG$25*(CG49-CF49)/(CG$25-CF$25)))/((CG49-CF49)/(CG$25-CF$25)),0) -> 0 | CH76: {=IF(MAX(D76:CG76),MAX(D76:CG76),INDIRECT(CI49))} -> 0.87685503
B77: fn where M(fn,Po,π/4)=Mreq(Vin_max, Vout,π/4 ) | D77: =IF(AND(D$25>D$24,IF(ISNA(D$29),TRUE,D50>=D$29),(D70-D50-(-D$25*(D50-C50)/(D$25-C$25)))/((D50-C50)/(D$25-C$25))<=D$25,(D70-D50-(-D$25*(D50-C50)/(D$25-C$25)))/((D50-C50)/(D$25-C$25))>C$25),(D70-D50-(-D$25*(D50-C50)/(D$25-C$25)))/((D50-C50)/(D$25-C$25)),0) -> 0 | E77: =IF(AND(E$25>E$24,IF(ISNA(E$29),TRUE,E50>=E$29),(E70-E50-(-E$25*(E50-D50)/(E$25-D$25)))/((E50-D50)/(E$25-D$25))<=E$25,(E70-E50-(-E$25*(E50-D50)/(E$25-D$25)))/((E50-D50)/(E$25-D$25))>D$25),(E70-E50-(-E$25*(E50-D50)/(E$25-D$25)))/((E50-D50)/(E$25-D$25)),0) -> 0 | F77: =IF(AND(F$25>F$24,IF(ISNA(F$29),TRUE,F50>=F$29),(F70-F50-(-F$25*(F50-E50)/(F$25-E$25)))/((F50-E50)/(F$25-E$25))<=F$25,(F70-F50-(-F$25*(F50-E50)/(F$25-E$25)))/((F50-E50)/(F$25-E$25))>E$25),(F70-F50-(-F$25*(F50-E50)/(F$25-E$25)))/((F50-E50)/(F$25-E$25)),0) -> 0 | G77: =IF(AND(G$25>G$24,IF(ISNA(G$29),TRUE,G50>=G$29),(G70-G50-(-G$25*(G50-F50)/(G$25-F$25)))/((G50-F50)/(G$25-F$25))<=G$25,(G70-G50-(-G$25*(G50-F50)/(G$25-F$25)))/((G50-F50)/(G$25-F$25))>F$25),(G70-G50-(-G$25*(G50-F50)/(G$25-F$25)))/((G50-F50)/(G$25-F$25)),0) -> 0 | H77: =IF(AND(H$25>H$24,IF(ISNA(H$29),TRUE,H50>=H$29),(H70-H50-(-H$25*(H50-G50)/(H$25-G$25)))/((H50-G50)/(H$25-G$25))<=H$25,(H70-H50-(-H$25*(H50-G50)/(H$25-G$25)))/((H50-G50)/(H$25-G$25))>G$25),(H70-H50-(-H$25*(H50-G50)/(H$25-G$25)))/((H50-G50)/(H$25-G$25)),0) -> 0 | I77: =IF(AND(I$25>I$24,IF(ISNA(I$29),TRUE,I50>=I$29),(I70-I50-(-I$25*(I50-H50)/(I$25-H$25)))/((I50-H50)/(I$25-H$25))<=I$25,(I70-I50-(-I$25*(I50-H50)/(I$25-H$25)))/((I50-H50)/(I$25-H$25))>H$25),(I70-I50-(-I$25*(I50-H50)/(I$25-H$25)))/((I50-H50)/(I$25-H$25)),0) -> 0 | J77: =IF(AND(J$25>J$24,IF(ISNA(J$29),TRUE,J50>=J$29),(J70-J50-(-J$25*(J50-I50)/(J$25-I$25)))/((J50-I50)/(J$25-I$25))<=J$25,(J70-J50-(-J$25*(J50-I50)/(J$25-I$25)))/((J50-I50)/(J$25-I$25))>I$25),(J70-J50-(-J$25*(J50-I50)/(J$25-I$25)))/((J50-I50)/(J$25-I$25)),0) -> 0 | K77: =IF(AND(K$25>K$24,IF(ISNA(K$29),TRUE,K50>=K$29),(K70-K50-(-K$25*(K50-J50)/(K$25-J$25)))/((K50-J50)/(K$25-J$25))<=K$25,(K70-K50-(-K$25*(K50-J50)/(K$25-J$25)))/((K50-J50)/(K$25-J$25))>J$25),(K70-K50-(-K$25*(K50-J50)/(K$25-J$25)))/((K50-J50)/(K$25-J$25)),0) -> 0 | ... CG77: =IF(AND(CG$25>CG$24,IF(ISNA(CG$29),TRUE,CG50>=CG$29),(CG70-CG50-(-CG$25*(CG50-CF50)/(CG$25-CF$25)))/((CG50-CF50)/(CG$25-CF$25))<=CG$25,(CG70-CG50-(-CG$25*(CG50-CF50)/(CG$25-CF$25)))/((CG50-CF50)/(CG$25-CF$25))>CF$25),(CG70-CG50-(-CG$25*(CG50-CF50)/(CG$25-CF$25)))/((CG50-CF50)/(CG$25-CF$25)),0) -> 0 | CH77: {=IF(MAX(D77:CG77),MAX(D77:CG77),INDIRECT(CI50))} -> 0.77598273
B78: fn where M(fn,Po,π/6)=Mreq(Vin_max, Vout,π/6 ) | D78: =IF(AND(D$25>D$24,IF(ISNA(D$29),TRUE,D51>=D$29),(D71-D51-(-D$25*(D51-C51)/(D$25-C$25)))/((D51-C51)/(D$25-C$25))<=D$25,(D71-D51-(-D$25*(D51-C51)/(D$25-C$25)))/((D51-C51)/(D$25-C$25))>C$25),(D71-D51-(-D$25*(D51-C51)/(D$25-C$25)))/((D51-C51)/(D$25-C$25)),0) -> 0 | E78: =IF(AND(E$25>E$24,IF(ISNA(E$29),TRUE,E51>=E$29),(E71-E51-(-E$25*(E51-D51)/(E$25-D$25)))/((E51-D51)/(E$25-D$25))<=E$25,(E71-E51-(-E$25*(E51-D51)/(E$25-D$25)))/((E51-D51)/(E$25-D$25))>D$25),(E71-E51-(-E$25*(E51-D51)/(E$25-D$25)))/((E51-D51)/(E$25-D$25)),0) -> 0 | F78: =IF(AND(F$25>F$24,IF(ISNA(F$29),TRUE,F51>=F$29),(F71-F51-(-F$25*(F51-E51)/(F$25-E$25)))/((F51-E51)/(F$25-E$25))<=F$25,(F71-F51-(-F$25*(F51-E51)/(F$25-E$25)))/((F51-E51)/(F$25-E$25))>E$25),(F71-F51-(-F$25*(F51-E51)/(F$25-E$25)))/((F51-E51)/(F$25-E$25)),0) -> 0 | G78: =IF(AND(G$25>G$24,IF(ISNA(G$29),TRUE,G51>=G$29),(G71-G51-(-G$25*(G51-F51)/(G$25-F$25)))/((G51-F51)/(G$25-F$25))<=G$25,(G71-G51-(-G$25*(G51-F51)/(G$25-F$25)))/((G51-F51)/(G$25-F$25))>F$25),(G71-G51-(-G$25*(G51-F51)/(G$25-F$25)))/((G51-F51)/(G$25-F$25)),0) -> 0 | H78: =IF(AND(H$25>H$24,IF(ISNA(H$29),TRUE,H51>=H$29),(H71-H51-(-H$25*(H51-G51)/(H$25-G$25)))/((H51-G51)/(H$25-G$25))<=H$25,(H71-H51-(-H$25*(H51-G51)/(H$25-G$25)))/((H51-G51)/(H$25-G$25))>G$25),(H71-H51-(-H$25*(H51-G51)/(H$25-G$25)))/((H51-G51)/(H$25-G$25)),0) -> 0 | I78: =IF(AND(I$25>I$24,IF(ISNA(I$29),TRUE,I51>=I$29),(I71-I51-(-I$25*(I51-H51)/(I$25-H$25)))/((I51-H51)/(I$25-H$25))<=I$25,(I71-I51-(-I$25*(I51-H51)/(I$25-H$25)))/((I51-H51)/(I$25-H$25))>H$25),(I71-I51-(-I$25*(I51-H51)/(I$25-H$25)))/((I51-H51)/(I$25-H$25)),0) -> 0 | J78: =IF(AND(J$25>J$24,IF(ISNA(J$29),TRUE,J51>=J$29),(J71-J51-(-J$25*(J51-I51)/(J$25-I$25)))/((J51-I51)/(J$25-I$25))<=J$25,(J71-J51-(-J$25*(J51-I51)/(J$25-I$25)))/((J51-I51)/(J$25-I$25))>I$25),(J71-J51-(-J$25*(J51-I51)/(J$25-I$25)))/((J51-I51)/(J$25-I$25)),0) -> 0 | K78: =IF(AND(K$25>K$24,IF(ISNA(K$29),TRUE,K51>=K$29),(K71-K51-(-K$25*(K51-J51)/(K$25-J$25)))/((K51-J51)/(K$25-J$25))<=K$25,(K71-K51-(-K$25*(K51-J51)/(K$25-J$25)))/((K51-J51)/(K$25-J$25))>J$25),(K71-K51-(-K$25*(K51-J51)/(K$25-J$25)))/((K51-J51)/(K$25-J$25)),0) -> 0 | ... CG78: =IF(AND(CG$25>CG$24,IF(ISNA(CG$29),TRUE,CG51>=CG$29),(CG71-CG51-(-CG$25*(CG51-CF51)/(CG$25-CF$25)))/((CG51-CF51)/(CG$25-CF$25))<=CG$25,(CG71-CG51-(-CG$25*(CG51-CF51)/(CG$25-CF$25)))/((CG51-CF51)/(CG$25-CF$25))>CF$25),(CG71-CG51-(-CG$25*(CG51-CF51)/(CG$25-CF$25)))/((CG51-CF51)/(CG$25-CF$25)),0) -> 0 | CH78: {=IF(MAX(D78:CG78),MAX(D78:CG78),INDIRECT(CI51))} -> 0.68899767
B79: fn where M(fn,Po,π/12)=Mreq(Vin_max, Vout,π/12 ) | D79: =IF(AND(D$25>D$24,IF(ISNA(D$29),TRUE,D52>=D$29),(D72-D52-(-D$25*(D52-C52)/(D$25-C$25)))/((D52-C52)/(D$25-C$25))<=D$25,(D72-D52-(-D$25*(D52-C52)/(D$25-C$25)))/((D52-C52)/(D$25-C$25))>C$25),(D72-D52-(-D$25*(D52-C52)/(D$25-C$25)))/((D52-C52)/(D$25-C$25)),0) -> 0 | E79: =IF(AND(E$25>E$24,IF(ISNA(E$29),TRUE,E52>=E$29),(E72-E52-(-E$25*(E52-D52)/(E$25-D$25)))/((E52-D52)/(E$25-D$25))<=E$25,(E72-E52-(-E$25*(E52-D52)/(E$25-D$25)))/((E52-D52)/(E$25-D$25))>D$25),(E72-E52-(-E$25*(E52-D52)/(E$25-D$25)))/((E52-D52)/(E$25-D$25)),0) -> 0 | F79: =IF(AND(F$25>F$24,IF(ISNA(F$29),TRUE,F52>=F$29),(F72-F52-(-F$25*(F52-E52)/(F$25-E$25)))/((F52-E52)/(F$25-E$25))<=F$25,(F72-F52-(-F$25*(F52-E52)/(F$25-E$25)))/((F52-E52)/(F$25-E$25))>E$25),(F72-F52-(-F$25*(F52-E52)/(F$25-E$25)))/((F52-E52)/(F$25-E$25)),0) -> 0 | G79: =IF(AND(G$25>G$24,IF(ISNA(G$29),TRUE,G52>=G$29),(G72-G52-(-G$25*(G52-F52)/(G$25-F$25)))/((G52-F52)/(G$25-F$25))<=G$25,(G72-G52-(-G$25*(G52-F52)/(G$25-F$25)))/((G52-F52)/(G$25-F$25))>F$25),(G72-G52-(-G$25*(G52-F52)/(G$25-F$25)))/((G52-F52)/(G$25-F$25)),0) -> 0 | H79: =IF(AND(H$25>H$24,IF(ISNA(H$29),TRUE,H52>=H$29),(H72-H52-(-H$25*(H52-G52)/(H$25-G$25)))/((H52-G52)/(H$25-G$25))<=H$25,(H72-H52-(-H$25*(H52-G52)/(H$25-G$25)))/((H52-G52)/(H$25-G$25))>G$25),(H72-H52-(-H$25*(H52-G52)/(H$25-G$25)))/((H52-G52)/(H$25-G$25)),0) -> 0 | I79: =IF(AND(I$25>I$24,IF(ISNA(I$29),TRUE,I52>=I$29),(I72-I52-(-I$25*(I52-H52)/(I$25-H$25)))/((I52-H52)/(I$25-H$25))<=I$25,(I72-I52-(-I$25*(I52-H52)/(I$25-H$25)))/((I52-H52)/(I$25-H$25))>H$25),(I72-I52-(-I$25*(I52-H52)/(I$25-H$25)))/((I52-H52)/(I$25-H$25)),0) -> 0 | J79: =IF(AND(J$25>J$24,IF(ISNA(J$29),TRUE,J52>=J$29),(J72-J52-(-J$25*(J52-I52)/(J$25-I$25)))/((J52-I52)/(J$25-I$25))<=J$25,(J72-J52-(-J$25*(J52-I52)/(J$25-I$25)))/((J52-I52)/(J$25-I$25))>I$25),(J72-J52-(-J$25*(J52-I52)/(J$25-I$25)))/((J52-I52)/(J$25-I$25)),0) -> 0 | K79: =IF(AND(K$25>K$24,IF(ISNA(K$29),TRUE,K52>=K$29),(K72-K52-(-K$25*(K52-J52)/(K$25-J$25)))/((K52-J52)/(K$25-J$25))<=K$25,(K72-K52-(-K$25*(K52-J52)/(K$25-J$25)))/((K52-J52)/(K$25-J$25))>J$25),(K72-K52-(-K$25*(K52-J52)/(K$25-J$25)))/((K52-J52)/(K$25-J$25)),0) -> 0 | ... CG79: =IF(AND(CG$25>CG$24,IF(ISNA(CG$29),TRUE,CG52>=CG$29),(CG72-CG52-(-CG$25*(CG52-CF52)/(CG$25-CF$25)))/((CG52-CF52)/(CG$25-CF$25))<=CG$25,(CG72-CG52-(-CG$25*(CG52-CF52)/(CG$25-CF$25)))/((CG52-CF52)/(CG$25-CF$25))>CF$25),(CG72-CG52-(-CG$25*(CG52-CF52)/(CG$25-CF$25)))/((CG52-CF52)/(CG$25-CF$25)),0) -> 0 | CH79: {=IF(MAX(D79:CG79),MAX(D79:CG79),INDIRECT(CI52))} -> 0.61855026
B81: Mreq(Vin_nom, Vout,π/2 ) | C81: =2*C$10*((C$5+C$11*C$6)/C$11)/(SQRT(2)*C$8*SIN(C33)) -> 1.1710788 | D81: =2*D$10*((D$5+D$11*D$6)/D$11)/(SQRT(2)*D$8*SIN(D33)) -> 1.1710788 | E81: =2*E$10*((E$5+E$11*E$6)/E$11)/(SQRT(2)*E$8*SIN(E33)) -> 1.1710788 | F81: =2*F$10*((F$5+F$11*F$6)/F$11)/(SQRT(2)*F$8*SIN(F33)) -> 1.1710788 | G81: =2*G$10*((G$5+G$11*G$6)/G$11)/(SQRT(2)*G$8*SIN(G33)) -> 1.1710788 | H81: =2*H$10*((H$5+H$11*H$6)/H$11)/(SQRT(2)*H$8*SIN(H33)) -> 1.1710788 | I81: =2*I$10*((I$5+I$11*I$6)/I$11)/(SQRT(2)*I$8*SIN(I33)) -> 1.1710788 | J81: =2*J$10*((J$5+J$11*J$6)/J$11)/(SQRT(2)*J$8*SIN(J33)) -> 1.1710788 | ... CG81: =2*CG$10*((CG$5+CG$11*CG$6)/CG$11)/(SQRT(2)*CG$8*SIN(CG33)) -> 1.1710788
B82: Mreq(Vin_nom, Vout,5π/12 ) | C82: =2*C$10*((C$5+C$11*C$6)/C$11)/(SQRT(2)*C$8*SIN(C34)) -> 1.21239 | D82: =2*D$10*((D$5+D$11*D$6)/D$11)/(SQRT(2)*D$8*SIN(D34)) -> 1.21239 | E82: =2*E$10*((E$5+E$11*E$6)/E$11)/(SQRT(2)*E$8*SIN(E34)) -> 1.21239 | F82: =2*F$10*((F$5+F$11*F$6)/F$11)/(SQRT(2)*F$8*SIN(F34)) -> 1.21239 | G82: =2*G$10*((G$5+G$11*G$6)/G$11)/(SQRT(2)*G$8*SIN(G34)) -> 1.21239 | H82: =2*H$10*((H$5+H$11*H$6)/H$11)/(SQRT(2)*H$8*SIN(H34)) -> 1.21239 | I82: =2*I$10*((I$5+I$11*I$6)/I$11)/(SQRT(2)*I$8*SIN(I34)) -> 1.21239 | J82: =2*J$10*((J$5+J$11*J$6)/J$11)/(SQRT(2)*J$8*SIN(J34)) -> 1.21239 | ... CG82: =2*CG$10*((CG$5+CG$11*CG$6)/CG$11)/(SQRT(2)*CG$8*SIN(CG34)) -> 1.21239
B83: Mreq(Vin_nom, Vout,π/3 ) | C83: =2*C$10*((C$5+C$11*C$6)/C$11)/(SQRT(2)*C$8*SIN(C35)) -> 1.3522453 | D83: =2*D$10*((D$5+D$11*D$6)/D$11)/(SQRT(2)*D$8*SIN(D35)) -> 1.3522453 | E83: =2*E$10*((E$5+E$11*E$6)/E$11)/(SQRT(2)*E$8*SIN(E35)) -> 1.3522453 | F83: =2*F$10*((F$5+F$11*F$6)/F$11)/(SQRT(2)*F$8*SIN(F35)) -> 1.3522453 | G83: =2*G$10*((G$5+G$11*G$6)/G$11)/(SQRT(2)*G$8*SIN(G35)) -> 1.3522453 | H83: =2*H$10*((H$5+H$11*H$6)/H$11)/(SQRT(2)*H$8*SIN(H35)) -> 1.3522453 | I83: =2*I$10*((I$5+I$11*I$6)/I$11)/(SQRT(2)*I$8*SIN(I35)) -> 1.3522453 | J83: =2*J$10*((J$5+J$11*J$6)/J$11)/(SQRT(2)*J$8*SIN(J35)) -> 1.3522453 | ... CG83: =2*CG$10*((CG$5+CG$11*CG$6)/CG$11)/(SQRT(2)*CG$8*SIN(CG35)) -> 1.3522453
B84: Mreq(Vin_nom, Vout,π/4 ) | C84: =2*C$10*((C$5+C$11*C$6)/C$11)/(SQRT(2)*C$8*SIN(C36)) -> 1.6561556 | D84: =2*D$10*((D$5+D$11*D$6)/D$11)/(SQRT(2)*D$8*SIN(D36)) -> 1.6561556 | E84: =2*E$10*((E$5+E$11*E$6)/E$11)/(SQRT(2)*E$8*SIN(E36)) -> 1.6561556 | F84: =2*F$10*((F$5+F$11*F$6)/F$11)/(SQRT(2)*F$8*SIN(F36)) -> 1.6561556 | G84: =2*G$10*((G$5+G$11*G$6)/G$11)/(SQRT(2)*G$8*SIN(G36)) -> 1.6561556 | H84: =2*H$10*((H$5+H$11*H$6)/H$11)/(SQRT(2)*H$8*SIN(H36)) -> 1.6561556 | I84: =2*I$10*((I$5+I$11*I$6)/I$11)/(SQRT(2)*I$8*SIN(I36)) -> 1.6561556 | J84: =2*J$10*((J$5+J$11*J$6)/J$11)/(SQRT(2)*J$8*SIN(J36)) -> 1.6561556 | ... CG84: =2*CG$10*((CG$5+CG$11*CG$6)/CG$11)/(SQRT(2)*CG$8*SIN(CG36)) -> 1.6561556
B85: Mreq(Vin_nom, Vout,π/6 ) | C85: =2*C$10*((C$5+C$11*C$6)/C$11)/(SQRT(2)*C$8*SIN(C37)) -> 2.3421576 | D85: =2*D$10*((D$5+D$11*D$6)/D$11)/(SQRT(2)*D$8*SIN(D37)) -> 2.3421576 | E85: =2*E$10*((E$5+E$11*E$6)/E$11)/(SQRT(2)*E$8*SIN(E37)) -> 2.3421576 | F85: =2*F$10*((F$5+F$11*F$6)/F$11)/(SQRT(2)*F$8*SIN(F37)) -> 2.3421576 | G85: =2*G$10*((G$5+G$11*G$6)/G$11)/(SQRT(2)*G$8*SIN(G37)) -> 2.3421576 | H85: =2*H$10*((H$5+H$11*H$6)/H$11)/(SQRT(2)*H$8*SIN(H37)) -> 2.3421576 | I85: =2*I$10*((I$5+I$11*I$6)/I$11)/(SQRT(2)*I$8*SIN(I37)) -> 2.3421576 | J85: =2*J$10*((J$5+J$11*J$6)/J$11)/(SQRT(2)*J$8*SIN(J37)) -> 2.3421576 | ... CG85: =2*CG$10*((CG$5+CG$11*CG$6)/CG$11)/(SQRT(2)*CG$8*SIN(CG37)) -> 2.3421576
B86: Mreq(Vin_nom, Vout,π/12 ) | C86: =2*C$10*((C$5+C$11*C$6)/C$11)/(SQRT(2)*C$8*SIN(C38)) -> 4.5247011 | D86: =2*D$10*((D$5+D$11*D$6)/D$11)/(SQRT(2)*D$8*SIN(D38)) -> 4.5247011 | E86: =2*E$10*((E$5+E$11*E$6)/E$11)/(SQRT(2)*E$8*SIN(E38)) -> 4.5247011 | F86: =2*F$10*((F$5+F$11*F$6)/F$11)/(SQRT(2)*F$8*SIN(F38)) -> 4.5247011 | G86: =2*G$10*((G$5+G$11*G$6)/G$11)/(SQRT(2)*G$8*SIN(G38)) -> 4.5247011 | H86: =2*H$10*((H$5+H$11*H$6)/H$11)/(SQRT(2)*H$8*SIN(H38)) -> 4.5247011 | I86: =2*I$10*((I$5+I$11*I$6)/I$11)/(SQRT(2)*I$8*SIN(I38)) -> 4.5247011 | J86: =2*J$10*((J$5+J$11*J$6)/J$11)/(SQRT(2)*J$8*SIN(J38)) -> 4.5247011 | ... CG86: =2*CG$10*((CG$5+CG$11*CG$6)/CG$11)/(SQRT(2)*CG$8*SIN(CG38)) -> 4.5247011
B88: fn where M(fn,Po,π/2)=Mreq(Vin_nom, Vout,π/2 ) | D88: =IF(AND(D$25>D$24,IF(ISNA(D$29),TRUE,D47>=D$29),(D81-D47-(-D$25*(D47-C47)/(D$25-C$25)))/((D47-C47)/(D$25-C$25))<=D$25,(D81-D47-(-D$25*(D47-C47)/(D$25-C$25)))/((D47-C47)/(D$25-C$25))>C$25),(D81-D47-(-D$25*(D47-C47)/(D$25-C$25)))/((D47-C47)/(D$25-C$25)),0) -> 0 | E88: =IF(AND(E$25>E$24,IF(ISNA(E$29),TRUE,E47>=E$29),(E81-E47-(-E$25*(E47-D47)/(E$25-D$25)))/((E47-D47)/(E$25-D$25))<=E$25,(E81-E47-(-E$25*(E47-D47)/(E$25-D$25)))/((E47-D47)/(E$25-D$25))>D$25),(E81-E47-(-E$25*(E47-D47)/(E$25-D$25)))/((E47-D47)/(E$25-D$25)),0) -> 0 | F88: =IF(AND(F$25>F$24,IF(ISNA(F$29),TRUE,F47>=F$29),(F81-F47-(-F$25*(F47-E47)/(F$25-E$25)))/((F47-E47)/(F$25-E$25))<=F$25,(F81-F47-(-F$25*(F47-E47)/(F$25-E$25)))/((F47-E47)/(F$25-E$25))>E$25),(F81-F47-(-F$25*(F47-E47)/(F$25-E$25)))/((F47-E47)/(F$25-E$25)),0) -> 0 | G88: =IF(AND(G$25>G$24,IF(ISNA(G$29),TRUE,G47>=G$29),(G81-G47-(-G$25*(G47-F47)/(G$25-F$25)))/((G47-F47)/(G$25-F$25))<=G$25,(G81-G47-(-G$25*(G47-F47)/(G$25-F$25)))/((G47-F47)/(G$25-F$25))>F$25),(G81-G47-(-G$25*(G47-F47)/(G$25-F$25)))/((G47-F47)/(G$25-F$25)),0) -> 0 | H88: =IF(AND(H$25>H$24,IF(ISNA(H$29),TRUE,H47>=H$29),(H81-H47-(-H$25*(H47-G47)/(H$25-G$25)))/((H47-G47)/(H$25-G$25))<=H$25,(H81-H47-(-H$25*(H47-G47)/(H$25-G$25)))/((H47-G47)/(H$25-G$25))>G$25),(H81-H47-(-H$25*(H47-G47)/(H$25-G$25)))/((H47-G47)/(H$25-G$25)),0) -> 0 | I88: =IF(AND(I$25>I$24,IF(ISNA(I$29),TRUE,I47>=I$29),(I81-I47-(-I$25*(I47-H47)/(I$25-H$25)))/((I47-H47)/(I$25-H$25))<=I$25,(I81-I47-(-I$25*(I47-H47)/(I$25-H$25)))/((I47-H47)/(I$25-H$25))>H$25),(I81-I47-(-I$25*(I47-H47)/(I$25-H$25)))/((I47-H47)/(I$25-H$25)),0) -> 0 | J88: =IF(AND(J$25>J$24,IF(ISNA(J$29),TRUE,J47>=J$29),(J81-J47-(-J$25*(J47-I47)/(J$25-I$25)))/((J47-I47)/(J$25-I$25))<=J$25,(J81-J47-(-J$25*(J47-I47)/(J$25-I$25)))/((J47-I47)/(J$25-I$25))>I$25),(J81-J47-(-J$25*(J47-I47)/(J$25-I$25)))/((J47-I47)/(J$25-I$25)),0) -> 0 | K88: =IF(AND(K$25>K$24,IF(ISNA(K$29),TRUE,K47>=K$29),(K81-K47-(-K$25*(K47-J47)/(K$25-J$25)))/((K47-J47)/(K$25-J$25))<=K$25,(K81-K47-(-K$25*(K47-J47)/(K$25-J$25)))/((K47-J47)/(K$25-J$25))>J$25),(K81-K47-(-K$25*(K47-J47)/(K$25-J$25)))/((K47-J47)/(K$25-J$25)),0) -> 0 | ... CG88: =IF(AND(CG$25>CG$24,IF(ISNA(CG$29),TRUE,CG47>=CG$29),(CG81-CG47-(-CG$25*(CG47-CF47)/(CG$25-CF$25)))/((CG47-CF47)/(CG$25-CF$25))<=CG$25,(CG81-CG47-(-CG$25*(CG47-CF47)/(CG$25-CF$25)))/((CG47-CF47)/(CG$25-CF$25))>CF$25),(CG81-CG47-(-CG$25*(CG47-CF47)/(CG$25-CF$25)))/((CG47-CF47)/(CG$25-CF$25)),0) -> 0 | CH88: {=IF(MAX(D88:CG88),MAX(D88:CG88),INDIRECT(CI47))} -> 0.86154779
B89: fn where M(fn,Po,5π/12)=Mreq(Vin_nom, Vout,5π/12 ) | D89: =IF(AND(D$25>D$24,IF(ISNA(D$29),TRUE,D48>=D$29),(D82-D48-(-D$25*(D48-C48)/(D$25-C$25)))/((D48-C48)/(D$25-C$25))<=D$25,(D82-D48-(-D$25*(D48-C48)/(D$25-C$25)))/((D48-C48)/(D$25-C$25))>C$25),(D82-D48-(-D$25*(D48-C48)/(D$25-C$25)))/((D48-C48)/(D$25-C$25)),0) -> 0 | E89: =IF(AND(E$25>E$24,IF(ISNA(E$29),TRUE,E48>=E$29),(E82-E48-(-E$25*(E48-D48)/(E$25-D$25)))/((E48-D48)/(E$25-D$25))<=E$25,(E82-E48-(-E$25*(E48-D48)/(E$25-D$25)))/((E48-D48)/(E$25-D$25))>D$25),(E82-E48-(-E$25*(E48-D48)/(E$25-D$25)))/((E48-D48)/(E$25-D$25)),0) -> 0 | F89: =IF(AND(F$25>F$24,IF(ISNA(F$29),TRUE,F48>=F$29),(F82-F48-(-F$25*(F48-E48)/(F$25-E$25)))/((F48-E48)/(F$25-E$25))<=F$25,(F82-F48-(-F$25*(F48-E48)/(F$25-E$25)))/((F48-E48)/(F$25-E$25))>E$25),(F82-F48-(-F$25*(F48-E48)/(F$25-E$25)))/((F48-E48)/(F$25-E$25)),0) -> 0 | G89: =IF(AND(G$25>G$24,IF(ISNA(G$29),TRUE,G48>=G$29),(G82-G48-(-G$25*(G48-F48)/(G$25-F$25)))/((G48-F48)/(G$25-F$25))<=G$25,(G82-G48-(-G$25*(G48-F48)/(G$25-F$25)))/((G48-F48)/(G$25-F$25))>F$25),(G82-G48-(-G$25*(G48-F48)/(G$25-F$25)))/((G48-F48)/(G$25-F$25)),0) -> 0 | H89: =IF(AND(H$25>H$24,IF(ISNA(H$29),TRUE,H48>=H$29),(H82-H48-(-H$25*(H48-G48)/(H$25-G$25)))/((H48-G48)/(H$25-G$25))<=H$25,(H82-H48-(-H$25*(H48-G48)/(H$25-G$25)))/((H48-G48)/(H$25-G$25))>G$25),(H82-H48-(-H$25*(H48-G48)/(H$25-G$25)))/((H48-G48)/(H$25-G$25)),0) -> 0 | I89: =IF(AND(I$25>I$24,IF(ISNA(I$29),TRUE,I48>=I$29),(I82-I48-(-I$25*(I48-H48)/(I$25-H$25)))/((I48-H48)/(I$25-H$25))<=I$25,(I82-I48-(-I$25*(I48-H48)/(I$25-H$25)))/((I48-H48)/(I$25-H$25))>H$25),(I82-I48-(-I$25*(I48-H48)/(I$25-H$25)))/((I48-H48)/(I$25-H$25)),0) -> 0 | J89: =IF(AND(J$25>J$24,IF(ISNA(J$29),TRUE,J48>=J$29),(J82-J48-(-J$25*(J48-I48)/(J$25-I$25)))/((J48-I48)/(J$25-I$25))<=J$25,(J82-J48-(-J$25*(J48-I48)/(J$25-I$25)))/((J48-I48)/(J$25-I$25))>I$25),(J82-J48-(-J$25*(J48-I48)/(J$25-I$25)))/((J48-I48)/(J$25-I$25)),0) -> 0 | K89: =IF(AND(K$25>K$24,IF(ISNA(K$29),TRUE,K48>=K$29),(K82-K48-(-K$25*(K48-J48)/(K$25-J$25)))/((K48-J48)/(K$25-J$25))<=K$25,(K82-K48-(-K$25*(K48-J48)/(K$25-J$25)))/((K48-J48)/(K$25-J$25))>J$25),(K82-K48-(-K$25*(K48-J48)/(K$25-J$25)))/((K48-J48)/(K$25-J$25)),0) -> 0 | ... CG89: =IF(AND(CG$25>CG$24,IF(ISNA(CG$29),TRUE,CG48>=CG$29),(CG82-CG48-(-CG$25*(CG48-CF48)/(CG$25-CF$25)))/((CG48-CF48)/(CG$25-CF$25))<=CG$25,(CG82-CG48-(-CG$25*(CG48-CF48)/(CG$25-CF$25)))/((CG48-CF48)/(CG$25-CF$25))>CF$25),(CG82-CG48-(-CG$25*(CG48-CF48)/(CG$25-CF$25)))/((CG48-CF48)/(CG$25-CF$25)),0) -> 0 | CH89: {=IF(MAX(D89:CG89),MAX(D89:CG89),INDIRECT(CI48))} -> 0.83978072
B90: fn where M(fn,Po,π/3)=Mreq(Vin_nom, Vout,π/3 ) | D90: =IF(AND(D$25>D$24,IF(ISNA(D$29),TRUE,D49>=D$29),(D83-D49-(-D$25*(D49-C49)/(D$25-C$25)))/((D49-C49)/(D$25-C$25))<=D$25,(D83-D49-(-D$25*(D49-C49)/(D$25-C$25)))/((D49-C49)/(D$25-C$25))>C$25),(D83-D49-(-D$25*(D49-C49)/(D$25-C$25)))/((D49-C49)/(D$25-C$25)),0) -> 0 | E90: =IF(AND(E$25>E$24,IF(ISNA(E$29),TRUE,E49>=E$29),(E83-E49-(-E$25*(E49-D49)/(E$25-D$25)))/((E49-D49)/(E$25-D$25))<=E$25,(E83-E49-(-E$25*(E49-D49)/(E$25-D$25)))/((E49-D49)/(E$25-D$25))>D$25),(E83-E49-(-E$25*(E49-D49)/(E$25-D$25)))/((E49-D49)/(E$25-D$25)),0) -> 0 | F90: =IF(AND(F$25>F$24,IF(ISNA(F$29),TRUE,F49>=F$29),(F83-F49-(-F$25*(F49-E49)/(F$25-E$25)))/((F49-E49)/(F$25-E$25))<=F$25,(F83-F49-(-F$25*(F49-E49)/(F$25-E$25)))/((F49-E49)/(F$25-E$25))>E$25),(F83-F49-(-F$25*(F49-E49)/(F$25-E$25)))/((F49-E49)/(F$25-E$25)),0) -> 0 | G90: =IF(AND(G$25>G$24,IF(ISNA(G$29),TRUE,G49>=G$29),(G83-G49-(-G$25*(G49-F49)/(G$25-F$25)))/((G49-F49)/(G$25-F$25))<=G$25,(G83-G49-(-G$25*(G49-F49)/(G$25-F$25)))/((G49-F49)/(G$25-F$25))>F$25),(G83-G49-(-G$25*(G49-F49)/(G$25-F$25)))/((G49-F49)/(G$25-F$25)),0) -> 0 | H90: =IF(AND(H$25>H$24,IF(ISNA(H$29),TRUE,H49>=H$29),(H83-H49-(-H$25*(H49-G49)/(H$25-G$25)))/((H49-G49)/(H$25-G$25))<=H$25,(H83-H49-(-H$25*(H49-G49)/(H$25-G$25)))/((H49-G49)/(H$25-G$25))>G$25),(H83-H49-(-H$25*(H49-G49)/(H$25-G$25)))/((H49-G49)/(H$25-G$25)),0) -> 0 | I90: =IF(AND(I$25>I$24,IF(ISNA(I$29),TRUE,I49>=I$29),(I83-I49-(-I$25*(I49-H49)/(I$25-H$25)))/((I49-H49)/(I$25-H$25))<=I$25,(I83-I49-(-I$25*(I49-H49)/(I$25-H$25)))/((I49-H49)/(I$25-H$25))>H$25),(I83-I49-(-I$25*(I49-H49)/(I$25-H$25)))/((I49-H49)/(I$25-H$25)),0) -> 0 | J90: =IF(AND(J$25>J$24,IF(ISNA(J$29),TRUE,J49>=J$29),(J83-J49-(-J$25*(J49-I49)/(J$25-I$25)))/((J49-I49)/(J$25-I$25))<=J$25,(J83-J49-(-J$25*(J49-I49)/(J$25-I$25)))/((J49-I49)/(J$25-I$25))>I$25),(J83-J49-(-J$25*(J49-I49)/(J$25-I$25)))/((J49-I49)/(J$25-I$25)),0) -> 0 | K90: =IF(AND(K$25>K$24,IF(ISNA(K$29),TRUE,K49>=K$29),(K83-K49-(-K$25*(K49-J49)/(K$25-J$25)))/((K49-J49)/(K$25-J$25))<=K$25,(K83-K49-(-K$25*(K49-J49)/(K$25-J$25)))/((K49-J49)/(K$25-J$25))>J$25),(K83-K49-(-K$25*(K49-J49)/(K$25-J$25)))/((K49-J49)/(K$25-J$25)),0) -> 0 | ... CG90: =IF(AND(CG$25>CG$24,IF(ISNA(CG$29),TRUE,CG49>=CG$29),(CG83-CG49-(-CG$25*(CG49-CF49)/(CG$25-CF$25)))/((CG49-CF49)/(CG$25-CF$25))<=CG$25,(CG83-CG49-(-CG$25*(CG49-CF49)/(CG$25-CF$25)))/((CG49-CF49)/(CG$25-CF$25))>CF$25),(CG83-CG49-(-CG$25*(CG49-CF49)/(CG$25-CF$25)))/((CG49-CF49)/(CG$25-CF$25)),0) -> 0 | CH90: {=IF(MAX(D90:CG90),MAX(D90:CG90),INDIRECT(CI49))} -> 0.78626124
B91: fn where M(fn,Po,π/4)=Mreq(Vin_nom, Vout,π/4 ) | D91: =IF(AND(D$25>D$24,IF(ISNA(D$29),TRUE,D50>=D$29),(D84-D50-(-D$25*(D50-C50)/(D$25-C$25)))/((D50-C50)/(D$25-C$25))<=D$25,(D84-D50-(-D$25*(D50-C50)/(D$25-C$25)))/((D50-C50)/(D$25-C$25))>C$25),(D84-D50-(-D$25*(D50-C50)/(D$25-C$25)))/((D50-C50)/(D$25-C$25)),0) -> 0 | E91: =IF(AND(E$25>E$24,IF(ISNA(E$29),TRUE,E50>=E$29),(E84-E50-(-E$25*(E50-D50)/(E$25-D$25)))/((E50-D50)/(E$25-D$25))<=E$25,(E84-E50-(-E$25*(E50-D50)/(E$25-D$25)))/((E50-D50)/(E$25-D$25))>D$25),(E84-E50-(-E$25*(E50-D50)/(E$25-D$25)))/((E50-D50)/(E$25-D$25)),0) -> 0 | F91: =IF(AND(F$25>F$24,IF(ISNA(F$29),TRUE,F50>=F$29),(F84-F50-(-F$25*(F50-E50)/(F$25-E$25)))/((F50-E50)/(F$25-E$25))<=F$25,(F84-F50-(-F$25*(F50-E50)/(F$25-E$25)))/((F50-E50)/(F$25-E$25))>E$25),(F84-F50-(-F$25*(F50-E50)/(F$25-E$25)))/((F50-E50)/(F$25-E$25)),0) -> 0 | G91: =IF(AND(G$25>G$24,IF(ISNA(G$29),TRUE,G50>=G$29),(G84-G50-(-G$25*(G50-F50)/(G$25-F$25)))/((G50-F50)/(G$25-F$25))<=G$25,(G84-G50-(-G$25*(G50-F50)/(G$25-F$25)))/((G50-F50)/(G$25-F$25))>F$25),(G84-G50-(-G$25*(G50-F50)/(G$25-F$25)))/((G50-F50)/(G$25-F$25)),0) -> 0 | H91: =IF(AND(H$25>H$24,IF(ISNA(H$29),TRUE,H50>=H$29),(H84-H50-(-H$25*(H50-G50)/(H$25-G$25)))/((H50-G50)/(H$25-G$25))<=H$25,(H84-H50-(-H$25*(H50-G50)/(H$25-G$25)))/((H50-G50)/(H$25-G$25))>G$25),(H84-H50-(-H$25*(H50-G50)/(H$25-G$25)))/((H50-G50)/(H$25-G$25)),0) -> 0 | I91: =IF(AND(I$25>I$24,IF(ISNA(I$29),TRUE,I50>=I$29),(I84-I50-(-I$25*(I50-H50)/(I$25-H$25)))/((I50-H50)/(I$25-H$25))<=I$25,(I84-I50-(-I$25*(I50-H50)/(I$25-H$25)))/((I50-H50)/(I$25-H$25))>H$25),(I84-I50-(-I$25*(I50-H50)/(I$25-H$25)))/((I50-H50)/(I$25-H$25)),0) -> 0 | J91: =IF(AND(J$25>J$24,IF(ISNA(J$29),TRUE,J50>=J$29),(J84-J50-(-J$25*(J50-I50)/(J$25-I$25)))/((J50-I50)/(J$25-I$25))<=J$25,(J84-J50-(-J$25*(J50-I50)/(J$25-I$25)))/((J50-I50)/(J$25-I$25))>I$25),(J84-J50-(-J$25*(J50-I50)/(J$25-I$25)))/((J50-I50)/(J$25-I$25)),0) -> 0 | K91: =IF(AND(K$25>K$24,IF(ISNA(K$29),TRUE,K50>=K$29),(K84-K50-(-K$25*(K50-J50)/(K$25-J$25)))/((K50-J50)/(K$25-J$25))<=K$25,(K84-K50-(-K$25*(K50-J50)/(K$25-J$25)))/((K50-J50)/(K$25-J$25))>J$25),(K84-K50-(-K$25*(K50-J50)/(K$25-J$25)))/((K50-J50)/(K$25-J$25)),0) -> 0 | ... CG91: =IF(AND(CG$25>CG$24,IF(ISNA(CG$29),TRUE,CG50>=CG$29),(CG84-CG50-(-CG$25*(CG50-CF50)/(CG$25-CF$25)))/((CG50-CF50)/(CG$25-CF$25))<=CG$25,(CG84-CG50-(-CG$25*(CG50-CF50)/(CG$25-CF$25)))/((CG50-CF50)/(CG$25-CF$25))>CF$25),(CG84-CG50-(-CG$25*(CG50-CF50)/(CG$25-CF$25)))/((CG50-CF50)/(CG$25-CF$25)),0) -> 0 | CH91: {=IF(MAX(D91:CG91),MAX(D91:CG91),INDIRECT(CI50))} -> 0.72279727
B92: fn where M(fn,Po,π/6)=Mreq(Vin_nom, Vout,π/6 ) | D92: =IF(AND(D$25>D$24,IF(ISNA(D$29),TRUE,D51>=D$29),(D85-D51-(-D$25*(D51-C51)/(D$25-C$25)))/((D51-C51)/(D$25-C$25))<=D$25,(D85-D51-(-D$25*(D51-C51)/(D$25-C$25)))/((D51-C51)/(D$25-C$25))>C$25),(D85-D51-(-D$25*(D51-C51)/(D$25-C$25)))/((D51-C51)/(D$25-C$25)),0) -> 0 | E92: =IF(AND(E$25>E$24,IF(ISNA(E$29),TRUE,E51>=E$29),(E85-E51-(-E$25*(E51-D51)/(E$25-D$25)))/((E51-D51)/(E$25-D$25))<=E$25,(E85-E51-(-E$25*(E51-D51)/(E$25-D$25)))/((E51-D51)/(E$25-D$25))>D$25),(E85-E51-(-E$25*(E51-D51)/(E$25-D$25)))/((E51-D51)/(E$25-D$25)),0) -> 0 | F92: =IF(AND(F$25>F$24,IF(ISNA(F$29),TRUE,F51>=F$29),(F85-F51-(-F$25*(F51-E51)/(F$25-E$25)))/((F51-E51)/(F$25-E$25))<=F$25,(F85-F51-(-F$25*(F51-E51)/(F$25-E$25)))/((F51-E51)/(F$25-E$25))>E$25),(F85-F51-(-F$25*(F51-E51)/(F$25-E$25)))/((F51-E51)/(F$25-E$25)),0) -> 0 | G92: =IF(AND(G$25>G$24,IF(ISNA(G$29),TRUE,G51>=G$29),(G85-G51-(-G$25*(G51-F51)/(G$25-F$25)))/((G51-F51)/(G$25-F$25))<=G$25,(G85-G51-(-G$25*(G51-F51)/(G$25-F$25)))/((G51-F51)/(G$25-F$25))>F$25),(G85-G51-(-G$25*(G51-F51)/(G$25-F$25)))/((G51-F51)/(G$25-F$25)),0) -> 0 | H92: =IF(AND(H$25>H$24,IF(ISNA(H$29),TRUE,H51>=H$29),(H85-H51-(-H$25*(H51-G51)/(H$25-G$25)))/((H51-G51)/(H$25-G$25))<=H$25,(H85-H51-(-H$25*(H51-G51)/(H$25-G$25)))/((H51-G51)/(H$25-G$25))>G$25),(H85-H51-(-H$25*(H51-G51)/(H$25-G$25)))/((H51-G51)/(H$25-G$25)),0) -> 0 | I92: =IF(AND(I$25>I$24,IF(ISNA(I$29),TRUE,I51>=I$29),(I85-I51-(-I$25*(I51-H51)/(I$25-H$25)))/((I51-H51)/(I$25-H$25))<=I$25,(I85-I51-(-I$25*(I51-H51)/(I$25-H$25)))/((I51-H51)/(I$25-H$25))>H$25),(I85-I51-(-I$25*(I51-H51)/(I$25-H$25)))/((I51-H51)/(I$25-H$25)),0) -> 0 | J92: =IF(AND(J$25>J$24,IF(ISNA(J$29),TRUE,J51>=J$29),(J85-J51-(-J$25*(J51-I51)/(J$25-I$25)))/((J51-I51)/(J$25-I$25))<=J$25,(J85-J51-(-J$25*(J51-I51)/(J$25-I$25)))/((J51-I51)/(J$25-I$25))>I$25),(J85-J51-(-J$25*(J51-I51)/(J$25-I$25)))/((J51-I51)/(J$25-I$25)),0) -> 0 | K92: =IF(AND(K$25>K$24,IF(ISNA(K$29),TRUE,K51>=K$29),(K85-K51-(-K$25*(K51-J51)/(K$25-J$25)))/((K51-J51)/(K$25-J$25))<=K$25,(K85-K51-(-K$25*(K51-J51)/(K$25-J$25)))/((K51-J51)/(K$25-J$25))>J$25),(K85-K51-(-K$25*(K51-J51)/(K$25-J$25)))/((K51-J51)/(K$25-J$25)),0) -> 0 | ... CG92: =IF(AND(CG$25>CG$24,IF(ISNA(CG$29),TRUE,CG51>=CG$29),(CG85-CG51-(-CG$25*(CG51-CF51)/(CG$25-CF$25)))/((CG51-CF51)/(CG$25-CF$25))<=CG$25,(CG85-CG51-(-CG$25*(CG51-CF51)/(CG$25-CF$25)))/((CG51-CF51)/(CG$25-CF$25))>CF$25),(CG85-CG51-(-CG$25*(CG51-CF51)/(CG$25-CF$25)))/((CG51-CF51)/(CG$25-CF$25)),0) -> 0 | CH92: {=IF(MAX(D92:CG92),MAX(D92:CG92),INDIRECT(CI51))} -> 0.66273025
B93: fn where M(fn,Po,π/12)=Mreq(Vin_nom, Vout,π/12 ) | D93: =IF(AND(D$25>D$24,IF(ISNA(D$29),TRUE,D52>=D$29),(D86-D52-(-D$25*(D52-C52)/(D$25-C$25)))/((D52-C52)/(D$25-C$25))<=D$25,(D86-D52-(-D$25*(D52-C52)/(D$25-C$25)))/((D52-C52)/(D$25-C$25))>C$25),(D86-D52-(-D$25*(D52-C52)/(D$25-C$25)))/((D52-C52)/(D$25-C$25)),0) -> 0 | E93: =IF(AND(E$25>E$24,IF(ISNA(E$29),TRUE,E52>=E$29),(E86-E52-(-E$25*(E52-D52)/(E$25-D$25)))/((E52-D52)/(E$25-D$25))<=E$25,(E86-E52-(-E$25*(E52-D52)/(E$25-D$25)))/((E52-D52)/(E$25-D$25))>D$25),(E86-E52-(-E$25*(E52-D52)/(E$25-D$25)))/((E52-D52)/(E$25-D$25)),0) -> 0 | F93: =IF(AND(F$25>F$24,IF(ISNA(F$29),TRUE,F52>=F$29),(F86-F52-(-F$25*(F52-E52)/(F$25-E$25)))/((F52-E52)/(F$25-E$25))<=F$25,(F86-F52-(-F$25*(F52-E52)/(F$25-E$25)))/((F52-E52)/(F$25-E$25))>E$25),(F86-F52-(-F$25*(F52-E52)/(F$25-E$25)))/((F52-E52)/(F$25-E$25)),0) -> 0 | G93: =IF(AND(G$25>G$24,IF(ISNA(G$29),TRUE,G52>=G$29),(G86-G52-(-G$25*(G52-F52)/(G$25-F$25)))/((G52-F52)/(G$25-F$25))<=G$25,(G86-G52-(-G$25*(G52-F52)/(G$25-F$25)))/((G52-F52)/(G$25-F$25))>F$25),(G86-G52-(-G$25*(G52-F52)/(G$25-F$25)))/((G52-F52)/(G$25-F$25)),0) -> 0 | H93: =IF(AND(H$25>H$24,IF(ISNA(H$29),TRUE,H52>=H$29),(H86-H52-(-H$25*(H52-G52)/(H$25-G$25)))/((H52-G52)/(H$25-G$25))<=H$25,(H86-H52-(-H$25*(H52-G52)/(H$25-G$25)))/((H52-G52)/(H$25-G$25))>G$25),(H86-H52-(-H$25*(H52-G52)/(H$25-G$25)))/((H52-G52)/(H$25-G$25)),0) -> 0 | I93: =IF(AND(I$25>I$24,IF(ISNA(I$29),TRUE,I52>=I$29),(I86-I52-(-I$25*(I52-H52)/(I$25-H$25)))/((I52-H52)/(I$25-H$25))<=I$25,(I86-I52-(-I$25*(I52-H52)/(I$25-H$25)))/((I52-H52)/(I$25-H$25))>H$25),(I86-I52-(-I$25*(I52-H52)/(I$25-H$25)))/((I52-H52)/(I$25-H$25)),0) -> 0 | J93: =IF(AND(J$25>J$24,IF(ISNA(J$29),TRUE,J52>=J$29),(J86-J52-(-J$25*(J52-I52)/(J$25-I$25)))/((J52-I52)/(J$25-I$25))<=J$25,(J86-J52-(-J$25*(J52-I52)/(J$25-I$25)))/((J52-I52)/(J$25-I$25))>I$25),(J86-J52-(-J$25*(J52-I52)/(J$25-I$25)))/((J52-I52)/(J$25-I$25)),0) -> 0 | K93: =IF(AND(K$25>K$24,IF(ISNA(K$29),TRUE,K52>=K$29),(K86-K52-(-K$25*(K52-J52)/(K$25-J$25)))/((K52-J52)/(K$25-J$25))<=K$25,(K86-K52-(-K$25*(K52-J52)/(K$25-J$25)))/((K52-J52)/(K$25-J$25))>J$25),(K86-K52-(-K$25*(K52-J52)/(K$25-J$25)))/((K52-J52)/(K$25-J$25)),0) -> 0 | ... CG93: =IF(AND(CG$25>CG$24,IF(ISNA(CG$29),TRUE,CG52>=CG$29),(CG86-CG52-(-CG$25*(CG52-CF52)/(CG$25-CF$25)))/((CG52-CF52)/(CG$25-CF$25))<=CG$25,(CG86-CG52-(-CG$25*(CG52-CF52)/(CG$25-CF$25)))/((CG52-CF52)/(CG$25-CF$25))>CF$25),(CG86-CG52-(-CG$25*(CG52-CF52)/(CG$25-CF$25)))/((CG52-CF52)/(CG$25-CF$25)),0) -> 0 | CH93: {=IF(MAX(D93:CG93),MAX(D93:CG93),INDIRECT(CI52))} -> 0.60815614
B95: Q(100% Po,π/2 ) | C95: =(C$40/(C$10^2))*((PI()^2)/4)*(C12*100/C$39)*(((SIN(C$33))^2)/((C$5+C$11*C$6)/C$11)^2) -> 0.50014794 | D95: =(D$40/(D$10^2))*((PI()^2)/4)*(D12*100/D$39)*(((SIN(D$33))^2)/((D$5+D$11*D$6)/D$11)^2) -> 0.50014794 | E95: =(E$40/(E$10^2))*((PI()^2)/4)*(E12*100/E$39)*(((SIN(E$33))^2)/((E$5+E$11*E$6)/E$11)^2) -> 0.50014794 | F95: =(F$40/(F$10^2))*((PI()^2)/4)*(F12*100/F$39)*(((SIN(F$33))^2)/((F$5+F$11*F$6)/F$11)^2) -> 0.50014794 | G95: =(G$40/(G$10^2))*((PI()^2)/4)*(G12*100/G$39)*(((SIN(G$33))^2)/((G$5+G$11*G$6)/G$11)^2) -> 0.50014794 | H95: =(H$40/(H$10^2))*((PI()^2)/4)*(H12*100/H$39)*(((SIN(H$33))^2)/((H$5+H$11*H$6)/H$11)^2) -> 0.50014794 | I95: =(I$40/(I$10^2))*((PI()^2)/4)*(I12*100/I$39)*(((SIN(I$33))^2)/((I$5+I$11*I$6)/I$11)^2) -> 0.50014794 | J95: =(J$40/(J$10^2))*((PI()^2)/4)*(J12*100/J$39)*(((SIN(J$33))^2)/((J$5+J$11*J$6)/J$11)^2) -> 0.50014794 | ... CG95: =(CG$40/(CG$10^2))*((PI()^2)/4)*(CG12*100/CG$39)*(((SIN(CG$33))^2)/((CG$5+CG$11*CG$6)/CG$11)^2) -> 0.50014794
B96: Q(75% Po,π/2 ) | C96: =(C$40/(C$10^2))*((PI()^2)/4)*(C13*100/C$39)*(((SIN(C$33))^2)/((C$5+C$11*C$6)/C$11)^2) -> 0.37511095 | D96: =(D$40/(D$10^2))*((PI()^2)/4)*(D13*100/D$39)*(((SIN(D$33))^2)/((D$5+D$11*D$6)/D$11)^2) -> 0.37511095 | E96: =(E$40/(E$10^2))*((PI()^2)/4)*(E13*100/E$39)*(((SIN(E$33))^2)/((E$5+E$11*E$6)/E$11)^2) -> 0.37511095 | F96: =(F$40/(F$10^2))*((PI()^2)/4)*(F13*100/F$39)*(((SIN(F$33))^2)/((F$5+F$11*F$6)/F$11)^2) -> 0.37511095 | G96: =(G$40/(G$10^2))*((PI()^2)/4)*(G13*100/G$39)*(((SIN(G$33))^2)/((G$5+G$11*G$6)/G$11)^2) -> 0.37511095 | H96: =(H$40/(H$10^2))*((PI()^2)/4)*(H13*100/H$39)*(((SIN(H$33))^2)/((H$5+H$11*H$6)/H$11)^2) -> 0.37511095 | I96: =(I$40/(I$10^2))*((PI()^2)/4)*(I13*100/I$39)*(((SIN(I$33))^2)/((I$5+I$11*I$6)/I$11)^2) -> 0.37511095 | J96: =(J$40/(J$10^2))*((PI()^2)/4)*(J13*100/J$39)*(((SIN(J$33))^2)/((J$5+J$11*J$6)/J$11)^2) -> 0.37511095 | ... CG96: =(CG$40/(CG$10^2))*((PI()^2)/4)*(CG13*100/CG$39)*(((SIN(CG$33))^2)/((CG$5+CG$11*CG$6)/CG$11)^2) -> 0.37511095
B97: Q(50% Po,π/2 ) | C97: =(C$40/(C$10^2))*((PI()^2)/4)*(C14*100/C$39)*(((SIN(C$33))^2)/((C$5+C$11*C$6)/C$11)^2) -> 0.25007397 | D97: =(D$40/(D$10^2))*((PI()^2)/4)*(D14*100/D$39)*(((SIN(D$33))^2)/((D$5+D$11*D$6)/D$11)^2) -> 0.25007397 | E97: =(E$40/(E$10^2))*((PI()^2)/4)*(E14*100/E$39)*(((SIN(E$33))^2)/((E$5+E$11*E$6)/E$11)^2) -> 0.25007397 | F97: =(F$40/(F$10^2))*((PI()^2)/4)*(F14*100/F$39)*(((SIN(F$33))^2)/((F$5+F$11*F$6)/F$11)^2) -> 0.25007397 | G97: =(G$40/(G$10^2))*((PI()^2)/4)*(G14*100/G$39)*(((SIN(G$33))^2)/((G$5+G$11*G$6)/G$11)^2) -> 0.25007397 | H97: =(H$40/(H$10^2))*((PI()^2)/4)*(H14*100/H$39)*(((SIN(H$33))^2)/((H$5+H$11*H$6)/H$11)^2) -> 0.25007397 | I97: =(I$40/(I$10^2))*((PI()^2)/4)*(I14*100/I$39)*(((SIN(I$33))^2)/((I$5+I$11*I$6)/I$11)^2) -> 0.25007397 | J97: =(J$40/(J$10^2))*((PI()^2)/4)*(J14*100/J$39)*(((SIN(J$33))^2)/((J$5+J$11*J$6)/J$11)^2) -> 0.25007397 | ... CG97: =(CG$40/(CG$10^2))*((PI()^2)/4)*(CG14*100/CG$39)*(((SIN(CG$33))^2)/((CG$5+CG$11*CG$6)/CG$11)^2) -> 0.25007397
B98: Q(25% Po,π/2 ) | C98: =(C$40/(C$10^2))*((PI()^2)/4)*(C15*100/C$39)*(((SIN(C$33))^2)/((C$5+C$11*C$6)/C$11)^2) -> 0.12503698 | D98: =(D$40/(D$10^2))*((PI()^2)/4)*(D15*100/D$39)*(((SIN(D$33))^2)/((D$5+D$11*D$6)/D$11)^2) -> 0.12503698 | E98: =(E$40/(E$10^2))*((PI()^2)/4)*(E15*100/E$39)*(((SIN(E$33))^2)/((E$5+E$11*E$6)/E$11)^2) -> 0.12503698 | F98: =(F$40/(F$10^2))*((PI()^2)/4)*(F15*100/F$39)*(((SIN(F$33))^2)/((F$5+F$11*F$6)/F$11)^2) -> 0.12503698 | G98: =(G$40/(G$10^2))*((PI()^2)/4)*(G15*100/G$39)*(((SIN(G$33))^2)/((G$5+G$11*G$6)/G$11)^2) -> 0.12503698 | H98: =(H$40/(H$10^2))*((PI()^2)/4)*(H15*100/H$39)*(((SIN(H$33))^2)/((H$5+H$11*H$6)/H$11)^2) -> 0.12503698 | I98: =(I$40/(I$10^2))*((PI()^2)/4)*(I15*100/I$39)*(((SIN(I$33))^2)/((I$5+I$11*I$6)/I$11)^2) -> 0.12503698 | J98: =(J$40/(J$10^2))*((PI()^2)/4)*(J15*100/J$39)*(((SIN(J$33))^2)/((J$5+J$11*J$6)/J$11)^2) -> 0.12503698 | ... CG98: =(CG$40/(CG$10^2))*((PI()^2)/4)*(CG15*100/CG$39)*(((SIN(CG$33))^2)/((CG$5+CG$11*CG$6)/CG$11)^2) -> 0.12503698
B99: M(fn,100% Po,π/2) | C99: =1/((1+(C$23*(1-(1/(C$25^2)))))^2+(C95*(C$25-(1/C$25)))^2)^0.5 -> 2.1818182e-08 | D99: =1/((1+(D$23*(1-(1/(D$25^2)))))^2+(D95*(D$25-(1/D$25)))^2)^0.5 -> 0.0012881887 | E99: =1/((1+(E$23*(1-(1/(E$25^2)))))^2+(E95*(E$25-(1/E$25)))^2)^0.5 -> 0.0032927886 | F99: =1/((1+(F$23*(1-(1/(F$25^2)))))^2+(F95*(F$25-(1/F$25)))^2)^0.5 -> 0.0062360266 | G99: =1/((1+(G$23*(1-(1/(G$25^2)))))^2+(G95*(G$25-(1/G$25)))^2)^0.5 -> 0.010137397 | H99: =1/((1+(H$23*(1-(1/(H$25^2)))))^2+(H95*(H$25-(1/H$25)))^2)^0.5 -> 0.015023008 | I99: =1/((1+(I$23*(1-(1/(I$25^2)))))^2+(I95*(I$25-(1/I$25)))^2)^0.5 -> 0.020925988 | J99: =1/((1+(J$23*(1-(1/(J$25^2)))))^2+(J95*(J$25-(1/J$25)))^2)^0.5 -> 0.027887001 | ... CG99: =1/((1+(CG$23*(1-(1/(CG$25^2)))))^2+(CG95*(CG$25-(1/CG$25)))^2)^0.5 -> 0.75552665
B100: M(fn,75% Po,π/2) | C100: =1/((1+(C$23*(1-(1/(C$25^2)))))^2+(C96*(C$25-(1/C$25)))^2)^0.5 -> 2.1818182e-08 | D100: =1/((1+(D$23*(1-(1/(D$25^2)))))^2+(D96*(D$25-(1/D$25)))^2)^0.5 -> 0.0012883869 | E100: =1/((1+(E$23*(1-(1/(E$25^2)))))^2+(E96*(E$25-(1/E$25)))^2)^0.5 -> 0.003294085 | F100: =1/((1+(F$23*(1-(1/(F$25^2)))))^2+(F96*(F$25-(1/F$25)))^2)^0.5 -> 0.0062406824 | G100: =1/((1+(G$23*(1-(1/(G$25^2)))))^2+(G96*(G$25-(1/G$25)))^2)^0.5 -> 0.010149722 | H100: =1/((1+(H$23*(1-(1/(H$25^2)))))^2+(H96*(H$25-(1/H$25)))^2)^0.5 -> 0.015050136 | I100: =1/((1+(I$23*(1-(1/(I$25^2)))))^2+(I96*(I$25-(1/I$25)))^2)^0.5 -> 0.020978763 | J100: =1/((1+(J$23*(1-(1/(J$25^2)))))^2+(J96*(J$25-(1/J$25)))^2)^0.5 -> 0.027981024 | ... CG100: =1/((1+(CG$23*(1-(1/(CG$25^2)))))^2+(CG96*(CG$25-(1/CG$25)))^2)^0.5 -> 0.77266049
B101: M(fn,50% Po,π/2) | C101: =1/((1+(C$23*(1-(1/(C$25^2)))))^2+(C97*(C$25-(1/C$25)))^2)^0.5 -> 2.1818182e-08 | D101: =1/((1+(D$23*(1-(1/(D$25^2)))))^2+(D97*(D$25-(1/D$25)))^2)^0.5 -> 0.0012885286 | E101: =1/((1+(E$23*(1-(1/(E$25^2)))))^2+(E97*(E$25-(1/E$25)))^2)^0.5 -> 0.0032950119 | F101: =1/((1+(F$23*(1-(1/(F$25^2)))))^2+(F97*(F$25-(1/F$25)))^2)^0.5 -> 0.0062440144 | G101: =1/((1+(G$23*(1-(1/(G$25^2)))))^2+(G97*(G$25-(1/G$25)))^2)^0.5 -> 0.010158553 | H101: =1/((1+(H$23*(1-(1/(H$25^2)))))^2+(H97*(H$25-(1/H$25)))^2)^0.5 -> 0.015069603 | I101: =1/((1+(I$23*(1-(1/(I$25^2)))))^2+(I97*(I$25-(1/I$25)))^2)^0.5 -> 0.021016705 | J101: =1/((1+(J$23*(1-(1/(J$25^2)))))^2+(J97*(J$25-(1/J$25)))^2)^0.5 -> 0.028048768 | ... CG101: =1/((1+(CG$23*(1-(1/(CG$25^2)))))^2+(CG97*(CG$25-(1/CG$25)))^2)^0.5 -> 0.7856382
B102: M(fn,25% Po,π/2) | C102: =1/((1+(C$23*(1-(1/(C$25^2)))))^2+(C98*(C$25-(1/C$25)))^2)^0.5 -> 2.1818183e-08 | D102: =1/((1+(D$23*(1-(1/(D$25^2)))))^2+(D98*(D$25-(1/D$25)))^2)^0.5 -> 0.0012886136 | E102: =1/((1+(E$23*(1-(1/(E$25^2)))))^2+(E98*(E$25-(1/E$25)))^2)^0.5 -> 0.0032955685 | F102: =1/((1+(F$23*(1-(1/(F$25^2)))))^2+(F98*(F$25-(1/F$25)))^2)^0.5 -> 0.0062460161 | G102: =1/((1+(G$23*(1-(1/(G$25^2)))))^2+(G98*(G$25-(1/G$25)))^2)^0.5 -> 0.010163863 | H102: =1/((1+(H$23*(1-(1/(H$25^2)))))^2+(H98*(H$25-(1/H$25)))^2)^0.5 -> 0.015081319 | I102: =1/((1+(I$23*(1-(1/(I$25^2)))))^2+(I98*(I$25-(1/I$25)))^2)^0.5 -> 0.021039569 | J102: =1/((1+(J$23*(1-(1/(J$25^2)))))^2+(J98*(J$25-(1/J$25)))^2)^0.5 -> 0.028089652 | ... CG102: =1/((1+(CG$23*(1-(1/(CG$25^2)))))^2+(CG98*(CG$25-(1/CG$25)))^2)^0.5 -> 0.79374591
B104: Q(100% Po,π/4 ) | C104: =(C$40/(C$10^2))*((PI()^2)/4)*(C12*100/C$39)*(((SIN(C$36))^2)/((C$5+C$11*C$6)/C$11)^2) -> 0.25007397 | D104: =(D$40/(D$10^2))*((PI()^2)/4)*(D12*100/D$39)*(((SIN(D$36))^2)/((D$5+D$11*D$6)/D$11)^2) -> 0.25007397 | E104: =(E$40/(E$10^2))*((PI()^2)/4)*(E12*100/E$39)*(((SIN(E$36))^2)/((E$5+E$11*E$6)/E$11)^2) -> 0.25007397 | F104: =(F$40/(F$10^2))*((PI()^2)/4)*(F12*100/F$39)*(((SIN(F$36))^2)/((F$5+F$11*F$6)/F$11)^2) -> 0.25007397 | G104: =(G$40/(G$10^2))*((PI()^2)/4)*(G12*100/G$39)*(((SIN(G$36))^2)/((G$5+G$11*G$6)/G$11)^2) -> 0.25007397 | H104: =(H$40/(H$10^2))*((PI()^2)/4)*(H12*100/H$39)*(((SIN(H$36))^2)/((H$5+H$11*H$6)/H$11)^2) -> 0.25007397 | I104: =(I$40/(I$10^2))*((PI()^2)/4)*(I12*100/I$39)*(((SIN(I$36))^2)/((I$5+I$11*I$6)/I$11)^2) -> 0.25007397 | J104: =(J$40/(J$10^2))*((PI()^2)/4)*(J12*100/J$39)*(((SIN(J$36))^2)/((J$5+J$11*J$6)/J$11)^2) -> 0.25007397 | ... CG104: =(CG$40/(CG$10^2))*((PI()^2)/4)*(CG12*100/CG$39)*(((SIN(CG$36))^2)/((CG$5+CG$11*CG$6)/CG$11)^2) -> 0.25007397
B105: Q(75% Po,π/4 ) | C105: =(C$40/(C$10^2))*((PI()^2)/4)*(C13*100/C$39)*(((SIN(C$36))^2)/((C$5+C$11*C$6)/C$11)^2) -> 0.18755548 | D105: =(D$40/(D$10^2))*((PI()^2)/4)*(D13*100/D$39)*(((SIN(D$36))^2)/((D$5+D$11*D$6)/D$11)^2) -> 0.18755548 | E105: =(E$40/(E$10^2))*((PI()^2)/4)*(E13*100/E$39)*(((SIN(E$36))^2)/((E$5+E$11*E$6)/E$11)^2) -> 0.18755548 | F105: =(F$40/(F$10^2))*((PI()^2)/4)*(F13*100/F$39)*(((SIN(F$36))^2)/((F$5+F$11*F$6)/F$11)^2) -> 0.18755548 | G105: =(G$40/(G$10^2))*((PI()^2)/4)*(G13*100/G$39)*(((SIN(G$36))^2)/((G$5+G$11*G$6)/G$11)^2) -> 0.18755548 | H105: =(H$40/(H$10^2))*((PI()^2)/4)*(H13*100/H$39)*(((SIN(H$36))^2)/((H$5+H$11*H$6)/H$11)^2) -> 0.18755548 | I105: =(I$40/(I$10^2))*((PI()^2)/4)*(I13*100/I$39)*(((SIN(I$36))^2)/((I$5+I$11*I$6)/I$11)^2) -> 0.18755548 | J105: =(J$40/(J$10^2))*((PI()^2)/4)*(J13*100/J$39)*(((SIN(J$36))^2)/((J$5+J$11*J$6)/J$11)^2) -> 0.18755548 | ... CG105: =(CG$40/(CG$10^2))*((PI()^2)/4)*(CG13*100/CG$39)*(((SIN(CG$36))^2)/((CG$5+CG$11*CG$6)/CG$11)^2) -> 0.18755548
B106: Q(50% Po,π/4) | C106: =(C$40/(C$10^2))*((PI()^2)/4)*(C14*100/C$39)*(((SIN(C$36))^2)/((C$5+C$11*C$6)/C$11)^2) -> 0.12503698 | D106: =(D$40/(D$10^2))*((PI()^2)/4)*(D14*100/D$39)*(((SIN(D$36))^2)/((D$5+D$11*D$6)/D$11)^2) -> 0.12503698 | E106: =(E$40/(E$10^2))*((PI()^2)/4)*(E14*100/E$39)*(((SIN(E$36))^2)/((E$5+E$11*E$6)/E$11)^2) -> 0.12503698 | F106: =(F$40/(F$10^2))*((PI()^2)/4)*(F14*100/F$39)*(((SIN(F$36))^2)/((F$5+F$11*F$6)/F$11)^2) -> 0.12503698 | G106: =(G$40/(G$10^2))*((PI()^2)/4)*(G14*100/G$39)*(((SIN(G$36))^2)/((G$5+G$11*G$6)/G$11)^2) -> 0.12503698 | H106: =(H$40/(H$10^2))*((PI()^2)/4)*(H14*100/H$39)*(((SIN(H$36))^2)/((H$5+H$11*H$6)/H$11)^2) -> 0.12503698 | I106: =(I$40/(I$10^2))*((PI()^2)/4)*(I14*100/I$39)*(((SIN(I$36))^2)/((I$5+I$11*I$6)/I$11)^2) -> 0.12503698 | J106: =(J$40/(J$10^2))*((PI()^2)/4)*(J14*100/J$39)*(((SIN(J$36))^2)/((J$5+J$11*J$6)/J$11)^2) -> 0.12503698 | ... CG106: =(CG$40/(CG$10^2))*((PI()^2)/4)*(CG14*100/CG$39)*(((SIN(CG$36))^2)/((CG$5+CG$11*CG$6)/CG$11)^2) -> 0.12503698
B107: Q(25% Po,π/4 ) | C107: =(C$40/(C$10^2))*((PI()^2)/4)*(C15*100/C$39)*(((SIN(C$36))^2)/((C$5+C$11*C$6)/C$11)^2) -> 0.062518492 | D107: =(D$40/(D$10^2))*((PI()^2)/4)*(D15*100/D$39)*(((SIN(D$36))^2)/((D$5+D$11*D$6)/D$11)^2) -> 0.062518492 | E107: =(E$40/(E$10^2))*((PI()^2)/4)*(E15*100/E$39)*(((SIN(E$36))^2)/((E$5+E$11*E$6)/E$11)^2) -> 0.062518492 | F107: =(F$40/(F$10^2))*((PI()^2)/4)*(F15*100/F$39)*(((SIN(F$36))^2)/((F$5+F$11*F$6)/F$11)^2) -> 0.062518492 | G107: =(G$40/(G$10^2))*((PI()^2)/4)*(G15*100/G$39)*(((SIN(G$36))^2)/((G$5+G$11*G$6)/G$11)^2) -> 0.062518492 | H107: =(H$40/(H$10^2))*((PI()^2)/4)*(H15*100/H$39)*(((SIN(H$36))^2)/((H$5+H$11*H$6)/H$11)^2) -> 0.062518492 | I107: =(I$40/(I$10^2))*((PI()^2)/4)*(I15*100/I$39)*(((SIN(I$36))^2)/((I$5+I$11*I$6)/I$11)^2) -> 0.062518492 | J107: =(J$40/(J$10^2))*((PI()^2)/4)*(J15*100/J$39)*(((SIN(J$36))^2)/((J$5+J$11*J$6)/J$11)^2) -> 0.062518492 | ... CG107: =(CG$40/(CG$10^2))*((PI()^2)/4)*(CG15*100/CG$39)*(((SIN(CG$36))^2)/((CG$5+CG$11*CG$6)/CG$11)^2) -> 0.062518492
B108: M(fn,100% Po,π/4) | C108: =1/((1+(C$23*(1-(1/(C$25^2)))))^2+(C104*(C$25-(1/C$25)))^2)^0.5 -> 2.1818182e-08 | D108: =1/((1+(D$23*(1-(1/(D$25^2)))))^2+(D104*(D$25-(1/D$25)))^2)^0.5 -> 0.0012885286 | E108: =1/((1+(E$23*(1-(1/(E$25^2)))))^2+(E104*(E$25-(1/E$25)))^2)^0.5 -> 0.0032950119 | F108: =1/((1+(F$23*(1-(1/(F$25^2)))))^2+(F104*(F$25-(1/F$25)))^2)^0.5 -> 0.0062440144 | G108: =1/((1+(G$23*(1-(1/(G$25^2)))))^2+(G104*(G$25-(1/G$25)))^2)^0.5 -> 0.010158553 | H108: =1/((1+(H$23*(1-(1/(H$25^2)))))^2+(H104*(H$25-(1/H$25)))^2)^0.5 -> 0.015069603 | I108: =1/((1+(I$23*(1-(1/(I$25^2)))))^2+(I104*(I$25-(1/I$25)))^2)^0.5 -> 0.021016705 | J108: =1/((1+(J$23*(1-(1/(J$25^2)))))^2+(J104*(J$25-(1/J$25)))^2)^0.5 -> 0.028048768 | ... CG108: =1/((1+(CG$23*(1-(1/(CG$25^2)))))^2+(CG104*(CG$25-(1/CG$25)))^2)^0.5 -> 0.7856382
B109: M(fn,75% Po,π/4) | C109: =1/((1+(C$23*(1-(1/(C$25^2)))))^2+(C105*(C$25-(1/C$25)))^2)^0.5 -> 2.1818182e-08 | D109: =1/((1+(D$23*(1-(1/(D$25^2)))))^2+(D105*(D$25-(1/D$25)))^2)^0.5 -> 0.0012885782 | E109: =1/((1+(E$23*(1-(1/(E$25^2)))))^2+(E105*(E$25-(1/E$25)))^2)^0.5 -> 0.0032953366 | F109: =1/((1+(F$23*(1-(1/(F$25^2)))))^2+(F105*(F$25-(1/F$25)))^2)^0.5 -> 0.0062451819 | G109: =1/((1+(G$23*(1-(1/(G$25^2)))))^2+(G105*(G$25-(1/G$25)))^2)^0.5 -> 0.01016165 | H109: =1/((1+(H$23*(1-(1/(H$25^2)))))^2+(H105*(H$25-(1/H$25)))^2)^0.5 -> 0.015076434 | I109: =1/((1+(I$23*(1-(1/(I$25^2)))))^2+(I105*(I$25-(1/I$25)))^2)^0.5 -> 0.021030033 | J109: =1/((1+(J$23*(1-(1/(J$25^2)))))^2+(J105*(J$25-(1/J$25)))^2)^0.5 -> 0.028072595 | ... CG109: =1/((1+(CG$23*(1-(1/(CG$25^2)))))^2+(CG105*(CG$25-(1/CG$25)))^2)^0.5 -> 0.79033731
B110: M(fn,50% Po,π/4) | C110: =1/((1+(C$23*(1-(1/(C$25^2)))))^2+(C106*(C$25-(1/C$25)))^2)^0.5 -> 2.1818183e-08 | D110: =1/((1+(D$23*(1-(1/(D$25^2)))))^2+(D106*(D$25-(1/D$25)))^2)^0.5 -> 0.0012886136 | E110: =1/((1+(E$23*(1-(1/(E$25^2)))))^2+(E106*(E$25-(1/E$25)))^2)^0.5 -> 0.0032955685 | F110: =1/((1+(F$23*(1-(1/(F$25^2)))))^2+(F106*(F$25-(1/F$25)))^2)^0.5 -> 0.0062460161 | G110: =1/((1+(G$23*(1-(1/(G$25^2)))))^2+(G106*(G$25-(1/G$25)))^2)^0.5 -> 0.010163863 | H110: =1/((1+(H$23*(1-(1/(H$25^2)))))^2+(H106*(H$25-(1/H$25)))^2)^0.5 -> 0.015081319 | I110: =1/((1+(I$23*(1-(1/(I$25^2)))))^2+(I106*(I$25-(1/I$25)))^2)^0.5 -> 0.021039569 | J110: =1/((1+(J$23*(1-(1/(J$25^2)))))^2+(J106*(J$25-(1/J$25)))^2)^0.5 -> 0.028089652 | ... CG110: =1/((1+(CG$23*(1-(1/(CG$25^2)))))^2+(CG106*(CG$25-(1/CG$25)))^2)^0.5 -> 0.79374591
...

Sheet CC
C3: 0 | D3: 1 | E3: 2 | F3: 3 | G3: 4 | H3: 5 | I3: 6 | J3: 7 | K3: PI/4 | L3: 8 | M3: 9 | N3: 10 | O3: PI/3 | P3: 11 | Q3: 12 | R3: 13 | S3: 14 | T3: 15 | U3: PI/2 | V3: 16 | W3: 17 | X3: 18 | Y3: 19 | Z3: 20 | AA3: 2*PI/3 | AB3: 21 | AC3: 22 | AD3: 23 | AE3: 3*PI/4 | AF3: 24 | AG3: 25 | AH3: 26 | AI3: 27 | AJ3: 28 | AK3: 29 | AL3: 30 | AM3: 31
B4: θ | C4: =C3*PI()/MAX($C3:$AM3) -> 0 | D4: =D3*PI()/MAX($C3:$AM3) -> 0.1013417 | E4: =E3*PI()/MAX($C3:$AM3) -> 0.2026834 | F4: =F3*PI()/MAX($C3:$AM3) -> 0.3040251 | G4: =G3*PI()/MAX($C3:$AM3) -> 0.40536679 | H4: =H3*PI()/MAX($C3:$AM3) -> 0.50670849 | I4: =I3*PI()/MAX($C3:$AM3) -> 0.60805019 | J4: =J3*PI()/MAX($C3:$AM3) -> 0.70939189 | K4: =PI()/4 -> 0.78539816 | L4: =L3*PI()/MAX($C3:$AM3) -> 0.81073359 | M4: =M3*PI()/MAX($C3:$AM3) -> 0.91207529 | N4: =N3*PI()/MAX($C3:$AM3) -> 1.013417 | O4: =PI()/3 -> 1.0471976 | P4: =P3*PI()/MAX($C3:$AM3) -> 1.1147587 | Q4: =Q3*PI()/MAX($C3:$AM3) -> 1.2161004 | R4: =R3*PI()/MAX($C3:$AM3) -> 1.3174421 | S4: =S3*PI()/MAX($C3:$AM3) -> 1.4187838 | T4: =T3*PI()/MAX($C3:$AM3) -> 1.5201255 | U4: =PI()/2 -> 1.5707963 | V4: =V3*PI()/MAX($C3:$AM3) -> 1.6214672 | W4: =W3*PI()/MAX($C3:$AM3) -> 1.7228089 | X4: =X3*PI()/MAX($C3:$AM3) -> 1.8241506 | Y4: =Y3*PI()/MAX($C3:$AM3) -> 1.9254923 | Z4: =Z3*PI()/MAX($C3:$AM3) -> 2.026834 | AA4: =2*PI()/3 -> 2.0943951 | AB4: =AB3*PI()/MAX($C3:$AM3) -> 2.1281757 | AC4: =AC3*PI()/MAX($C3:$AM3) -> 2.2295174 | AD4: =AD3*PI()/MAX($C3:$AM3) -> 2.3308591 | AE4: =3*PI()/4 -> 2.3561945 | AF4: =AF3*PI()/MAX($C3:$AM3) -> 2.4322008 | AG4: =AG3*PI()/MAX($C3:$AM3) -> 2.5335425 | AH4: =AH3*PI()/MAX($C3:$AM3) -> 2.6348842 | AI4: =AI3*PI()/MAX($C3:$AM3) -> 2.7362259 | AJ4: =AJ3*PI()/MAX($C3:$AM3) -> 2.8375676 | AK4: =AK3*PI()/MAX($C3:$AM3) -> 2.9389093 | AL4: =AL3*PI()/MAX($C3:$AM3) -> 3.040251 | AM4: =AM3*PI()/MAX($C3:$AM3) -> 3.1415927
B5: V.out | C5: ='Design Spec'!$D$95 -> 25 | D5: ='Design Spec'!$D$95 -> 25 | E5: ='Design Spec'!$D$95 -> 25 | F5: ='Design Spec'!$D$95 -> 25 | G5: ='Design Spec'!$D$95 -> 25 | H5: ='Design Spec'!$D$95 -> 25 | I5: ='Design Spec'!$D$95 -> 25 | J5: ='Design Spec'!$D$95 -> 25 | ... AM5: ='Design Spec'!$D$95 -> 25
B6: V.f | C6: ='Design Spec'!$D$106 -> 0 | D6: ='Design Spec'!$D$106 -> 0 | E6: ='Design Spec'!$D$106 -> 0 | F6: ='Design Spec'!$D$106 -> 0 | G6: ='Design Spec'!$D$106 -> 0 | H6: ='Design Spec'!$D$106 -> 0 | I6: ='Design Spec'!$D$106 -> 0 | J6: ='Design Spec'!$D$106 -> 0 | ... AM6: ='Design Spec'!$D$106 -> 0
B7: Vin_min | C7: ='Design Spec'!$D$83 -> 173.24116 | D7: ='Design Spec'!$D$83 -> 173.24116 | E7: ='Design Spec'!$D$83 -> 173.24116 | F7: ='Design Spec'!$D$83 -> 173.24116 | G7: ='Design Spec'!$D$83 -> 173.24116 | H7: ='Design Spec'!$D$83 -> 173.24116 | I7: ='Design Spec'!$D$83 -> 173.24116 | J7: ='Design Spec'!$D$83 -> 173.24116 | ... AM7: ='Design Spec'!$D$83 -> 173.24116
B8: Vin_max | C8: ='Design Spec'!$D$79 -> 264 | D8: ='Design Spec'!$D$79 -> 264 | E8: ='Design Spec'!$D$79 -> 264 | F8: ='Design Spec'!$D$79 -> 264 | G8: ='Design Spec'!$D$79 -> 264 | H8: ='Design Spec'!$D$79 -> 264 | I8: ='Design Spec'!$D$79 -> 264 | J8: ='Design Spec'!$D$79 -> 264 | ... AM8: ='Design Spec'!$D$79 -> 264
B9: n | C9: =IF('Res. Tank Design'!$F$9,'Res. Tank Design'!$F$9,'Res. Tank Design'!$D$9) -> 7.4527 | D9: =IF('Res. Tank Design'!$F$9,'Res. Tank Design'!$F$9,'Res. Tank Design'!$D$9) -> 7.4527 | E9: =IF('Res. Tank Design'!$F$9,'Res. Tank Design'!$F$9,'Res. Tank Design'!$D$9) -> 7.4527 | F9: =IF('Res. Tank Design'!$F$9,'Res. Tank Design'!$F$9,'Res. Tank Design'!$D$9) -> 7.4527 | G9: =IF('Res. Tank Design'!$F$9,'Res. Tank Design'!$F$9,'Res. Tank Design'!$D$9) -> 7.4527 | H9: =IF('Res. Tank Design'!$F$9,'Res. Tank Design'!$F$9,'Res. Tank Design'!$D$9) -> 7.4527 | I9: =IF('Res. Tank Design'!$F$9,'Res. Tank Design'!$F$9,'Res. Tank Design'!$D$9) -> 7.4527 | J9: =IF('Res. Tank Design'!$F$9,'Res. Tank Design'!$F$9,'Res. Tank Design'!$D$9) -> 7.4527 | ... AM9: =IF('Res. Tank Design'!$F$9,'Res. Tank Design'!$F$9,'Res. Tank Design'!$D$9) -> 7.4527
B10: Po-100% | C10: ='Design Spec'!$D$98 -> 657.5 | D10: ='Design Spec'!$D$98 -> 657.5 | E10: ='Design Spec'!$D$98 -> 657.5 | F10: ='Design Spec'!$D$98 -> 657.5 | G10: ='Design Spec'!$D$98 -> 657.5 | H10: ='Design Spec'!$D$98 -> 657.5 | I10: ='Design Spec'!$D$98 -> 657.5 | J10: ='Design Spec'!$D$98 -> 657.5 | ... AM10: ='Design Spec'!$D$98 -> 657.5
B11: Po-75% | C11: =C10/4*3 -> 493.125 | D11: =D10/4*3 -> 493.125 | E11: =E10/4*3 -> 493.125 | F11: =F10/4*3 -> 493.125 | G11: =G10/4*3 -> 493.125 | H11: =H10/4*3 -> 493.125 | I11: =I10/4*3 -> 493.125 | J11: =J10/4*3 -> 493.125 | ... AM11: =AM10/4*3 -> 493.125
B12: Po-50% | C12: =C10/2 -> 328.75 | D12: =D10/2 -> 328.75 | E12: =E10/2 -> 328.75 | F12: =F10/2 -> 328.75 | G12: =G10/2 -> 328.75 | H12: =H10/2 -> 328.75 | I12: =I10/2 -> 328.75 | J12: =J10/2 -> 328.75 | ... AM12: =AM10/2 -> 328.75
B13: Po-25% | C13: =C10/4 -> 164.375 | D13: =D10/4 -> 164.375 | E13: =E10/4 -> 164.375 | F13: =F10/4 -> 164.375 | G13: =G10/4 -> 164.375 | H13: =H10/4 -> 164.375 | I13: =I10/4 -> 164.375 | J13: =J10/4 -> 164.375 | ... AM13: =AM10/4 -> 164.375
B14: Pinst | C14: =2*'Design Spec'!$D$98*SIN(C4)^2 -> 0 | D14: =2*'Design Spec'!$D$98*SIN(D4)^2 -> 13.459064 | E14: =2*'Design Spec'!$D$98*SIN(E4)^2 -> 53.285239 | F14: =2*'Design Spec'!$D$98*SIN(F4)^2 -> 117.84804 | G14: =2*'Design Spec'!$D$98*SIN(G4)^2 -> 204.50425 | H14: =2*'Design Spec'!$D$98*SIN(H4)^2 -> 309.70616 | I14: =2*'Design Spec'!$D$98*SIN(I4)^2 -> 429.1468 | J14: =2*'Design Spec'!$D$98*SIN(J4)^2 -> 557.93624 | ... AM14: =2*'Design Spec'!$D$98*SIN(AM4)^2 -> 1.9738002e-29
B15: Iout.inst | C15: =C14/C5 -> 0 | D15: =D14/D5 -> 0.53836255 | E15: =E14/E5 -> 2.1314096 | F15: =F14/F5 -> 4.7139215 | G15: =G14/G5 -> 8.18017 | H15: =H14/H5 -> 12.388247 | I15: =I14/I5 -> 17.165872 | J15: =J14/J5 -> 22.317449 | ... AM15: =AM14/AM5 -> 7.8952008e-31
B17: V.out | C17: ='Design Spec'!$D$95 -> 25
B18: n | C18: =IF('Res. Tank Design'!$F$9,'Res. Tank Design'!$F$9,'Res. Tank Design'!$D$9) -> 7.4527
B20: @Vinmin | C20: PI/4 | D20: PI/3 | E20: PI/2
B21: fsw | C21: =RTC!BC152 -> 100.55807 | D21: =RTC!BC151 -> 104.54363 | E21: =RTC!BC149 -> 108.48953
B22: fr | C22: ='Res. Tank Design'!$D$55 -> 151.74828 | D22: ='Res. Tank Design'!$D$55 -> 151.74828 | E22: ='Res. Tank Design'!$D$55 -> 151.74828
B23: Iout.inst | C23: =2*'Design Spec'!$D$98/'Design Spec'!$D$95*SIN(PI()/4)^2 -> 26.3 | D23: =2*'Design Spec'!$D$98/'Design Spec'!$D$95*SIN(PI()/3)^2 -> 39.45 | E23: =2*'Design Spec'!$D$98/'Design Spec'!$D$95*SIN(PI()/2)^2 -> 52.6
B24: Isec.pk.tsw | C24: =PI()*(C22/C21)*C23*(1-COS(PI()*C22/IF(C21<C22,C22,C21)))^(-1) -> 62.342252 | D24: =PI()*(D22/D21)*D23*(1-COS(PI()*D22/IF(D21<D22,D22,D21)))^(-1) -> 89.948325 | E24: =PI()*(E22/E21)*E23*(1-COS(PI()*E22/IF(E21<E22,E22,E21)))^(-1) -> 115.56906
B25: Isec.rms.tsw (per winding) | C25: =IF('Design Spec'!$D$107=1,C24/2,C24/SQRT(2)) -> 31.171126 | D25: =IF('Design Spec'!$D$107=1,D24/2,D24/SQRT(2)) -> 44.974163 | E25: =IF('Design Spec'!$D$107=1,E24/2,E24/SQRT(2)) -> 57.78453
B26: Idiode.rms.tsw (per diode) | C26: =IF('Design Spec'!$D$107=1,C25,C25/SQRT(2)) -> 31.171126 | D26: =IF('Design Spec'!$D$108=1,D25,D25/SQRT(2)) -> 31.801535 | E26: =IF('Design Spec'!$D$108=1,E25,E25/SQRT(2)) -> 40.859833
B27: Itrafo.pk.tsw | C27: =C24/$C$18 -> 8.3650559 | D27: =D24/$C$18 -> 12.069227 | E27: =E24/$C$18 -> 15.507005
B28: Ilm.pk.tsw (trapezoidal) | C28: =0.5*(0.5*$C$17*$C$18)/(IF('Res. Tank Design'!$F$45,'Res. Tank Design'!$F$45,'Res. Tank Design'!$D$45)*IF(C21<C22,C22,C21))*1000 -> 12.789649 | D28: =0.5*(0.5*$C$17*$C$18)/(IF('Res. Tank Design'!$F$45,'Res. Tank Design'!$F$45,'Res. Tank Design'!$D$45)*IF(D21<D22,D22,D21))*1000 -> 12.789649 | E28: =0.5*(0.5*$C$17*$C$18)/(IF('Res. Tank Design'!$F$45,'Res. Tank Design'!$F$45,'Res. Tank Design'!$D$45)*IF(E21<E22,E22,E21))*1000 -> 12.789649
B29: Ipri.rms.tsw | C29: =SQRT(C27^2/2+C28^2/3+(C28*C21*(1/C21-1/C22))^2) -> 10.398379 | D29: =SQRT(D27^2/2+D28^2/3+(D28*D21*(1/D21-1/D22))^2) -> 11.966062 | E29: =SQRT(E27^2/2+E28^2/3+(E28*E21*(1/E21-1/E22))^2) -> 13.713187
B30: Imos.rms.tsw (per mos) | C30: =C29/SQRT(2) -> 7.3527643 | D30: =D29/SQRT(2) -> 8.4612835 | E30: =E29/SQRT(2) -> 9.6966872
B31: Icout.rms | C31: =SQRT(0.5*IF(C21>C22,C22,C21)/C22*(C24^2)-C23^2) -> 24.414131
B33: @Vinmax | C33: PI/4 | D33: PI/3 | E33: PI/2
B34: fsw | C34: =RTC!BC200 -> 117.75405 | D34: =RTC!BC199 -> 133.06125 | E34: =RTC!BC197 -> 152.08937
B35: fr | C35: ='Res. Tank Design'!$D$55 -> 151.74828 | D35: ='Res. Tank Design'!$D$55 -> 151.74828 | E35: ='Res. Tank Design'!$D$55 -> 151.74828
B36: Iout.inst | C36: =2*'Design Spec'!$D$98/'Design Spec'!$D$95*SIN(PI()/4)^2 -> 26.3 | D36: =2*'Design Spec'!$D$98/'Design Spec'!$D$95*SIN(PI()/3)^2 -> 39.45 | E36: =2*'Design Spec'!$D$98/'Design Spec'!$D$95*SIN(PI()/2)^2 -> 52.6
B37: Isec.pk.tsw | C37: =PI()*(C35/C34)*C36*(1-COS(PI()*C35/IF(C34<C35,C35,C34)))^(-1) -> 53.238225 | D37: =PI()*(D35/D34)*D36*(1-COS(PI()*D35/IF(D34<D35,D35,D34)))^(-1) -> 70.67065 | E37: =PI()*(E35/E34)*E36*(1-COS(PI()*E35/IF(E34<E35,E35,E34)))^(-1) -> 82.439612
B38: Isec.rms.tsw (per winding) | C38: =IF('Design Spec'!$D$107=1,C37/2,C37/SQRT(2)) -> 26.619113 | D38: =IF('Design Spec'!$D$107=1,D37/2,D37/SQRT(2)) -> 35.335325 | E38: =IF('Design Spec'!$D$107=1,E37/2,E37/SQRT(2)) -> 41.219806
B39: Idiode.rms.tsw (per diode) | C39: =IF('Design Spec'!$D$107=1,C38,C38/SQRT(2)) -> 26.619113 | D39: =IF('Design Spec'!$D$108=1,D38,D38/SQRT(2)) -> 24.985848 | E39: =IF('Design Spec'!$D$108=1,E38,E38/SQRT(2)) -> 29.146804
B40: Itrafo.pk.tsw | C40: =C37/$C$18 -> 7.1434816 | D40: =D37/$C$18 -> 9.4825566 | E40: =E37/$C$18 -> 11.061711
B41: Ilm.pk.tsw (trapezoidal) | C41: =0.5*(0.5*$C$17*$C$18)/(IF('Res. Tank Design'!$F$45,'Res. Tank Design'!$F$45,'Res. Tank Design'!$D$45)*IF(C34<C35,C35,C34))*1000 -> 12.789649 | D41: =0.5*(0.5*$C$17*$C$18)/(IF('Res. Tank Design'!$F$45,'Res. Tank Design'!$F$45,'Res. Tank Design'!$D$45)*IF(D34<D35,D35,D34))*1000 -> 12.789649 | E41: =0.5*(0.5*$C$17*$C$18)/(IF('Res. Tank Design'!$F$45,'Res. Tank Design'!$F$45,'Res. Tank Design'!$D$45)*IF(E34<E35,E35,E34))*1000 -> 12.760966
B42: Ipri.rms.tsw | C42: =SQRT(C40^2/2+C41^2/3+(C41*C34*(1/C34-1/C35))^2) -> 9.3940681 | D42: =SQRT(D40^2/2+D41^2/3+(D41*D34*(1/D34-1/D35))^2) -> 10.097774 | E42: =SQRT(E40^2/2+E41^2/3+(E41*E34*(1/E34-1/E35))^2) -> 10.745338
B43: Imos.rms.tsw (per mos) | C43: =C42/SQRT(2) -> 6.6426093 | D43: =D42/SQRT(2) -> 7.1402047 | E43: =E42/SQRT(2) -> 7.5981017
B44: Icout.rms | C44: =SQRT(0.5*IF(C34>C35,C35,C34)/C35*(C37^2)-C36^2) -> 20.198942
B46: @Vinnom | C46: PI/4 | D46: PI/3 | E46: PI/2
B47: fsw | C47: =RTC!BC176 -> 109.68325 | D47: =RTC!BC175 -> 119.31379 | E47: =RTC!BC173 -> 130.7384
B48: fr | C48: ='Res. Tank Design'!$D$55 -> 151.74828 | D48: ='Res. Tank Design'!$D$55 -> 151.74828 | E48: ='Res. Tank Design'!$D$55 -> 151.74828
B49: Iout.inst | C49: =2*'Design Spec'!$D$98/'Design Spec'!$D$95*SIN(PI()/4)^2 -> 26.3 | D49: =2*'Design Spec'!$D$98/'Design Spec'!$D$95*SIN(PI()/3)^2 -> 39.45 | E49: =2*'Design Spec'!$D$98/'Design Spec'!$D$95*SIN(PI()/2)^2 -> 52.6
B50: Isec.pk.tsw | C50: =PI()*(C48/C47)*C49*(1-COS(PI()*C48/IF(C47<C48,C48,C47)))^(-1) -> 57.155644 | D50: =PI()*(D48/D47)*D49*(1-COS(PI()*D48/IF(D47<D48,D48,D47)))^(-1) -> 78.813392 | E50: =PI()*(E48/E47)*E49*(1-COS(PI()*E48/IF(E47<E48,E48,E47)))^(-1) -> 95.901687
B51: Isec.rms.tsw (per winding) | C51: =IF('Design Spec'!$D$107=1,C50/2,C50/SQRT(2)) -> 28.577822 | D51: =IF('Design Spec'!$D$107=1,D50/2,D50/SQRT(2)) -> 39.406696 | E51: =IF('Design Spec'!$D$107=1,E50/2,E50/SQRT(2)) -> 47.950844
B52: Idiode.rms.tsw (per diode) | C52: =IF('Design Spec'!$D$107=1,C51,C51/SQRT(2)) -> 28.577822 | D52: =IF('Design Spec'!$D$108=1,D51,D51/SQRT(2)) -> 27.864742 | E52: =IF('Design Spec'!$D$108=1,E51,E51/SQRT(2)) -> 33.906367
B53: Itrafo.pk.tsw | C53: =C50/$C$18 -> 7.6691191 | D53: =D50/$C$18 -> 10.575146 | E53: =E50/$C$18 -> 12.868046
B54: Ilm.pk.tsw (trapezoidal) | C54: =0.5*(0.5*$C$17*$C$18)/(IF('Res. Tank Design'!$F$45,'Res. Tank Design'!$F$45,'Res. Tank Design'!$D$45)*IF(C47<C48,C48,C47))*1000 -> 12.789649 | D54: =0.5*(0.5*$C$17*$C$18)/(IF('Res. Tank Design'!$F$45,'Res. Tank Design'!$F$45,'Res. Tank Design'!$D$45)*IF(D47<D48,D48,D47))*1000 -> 12.789649 | E54: =0.5*(0.5*$C$17*$C$18)/(IF('Res. Tank Design'!$F$45,'Res. Tank Design'!$F$45,'Res. Tank Design'!$D$45)*IF(E47<E48,E48,E47))*1000 -> 12.789649
B55: Ipri.rms.tsw | C55: =SQRT(C53^2/2+C54^2/3+(C54*C47*(1/C47-1/C48))^2) -> 9.8235466 | D55: =SQRT(D53^2/2+D54^2/3+(D54*D47*(1/D47-1/D48))^2) -> 10.858854 | E55: =SQRT(E53^2/2+E54^2/3+(E54*E47*(1/E47-1/E48))^2) -> 11.851326
B56: Imos.rms.tsw (per mos) | C56: =C55/SQRT(2) -> 6.9462964 | D56: =D55/SQRT(2) -> 7.6783692 | E56: =E55/SQRT(2) -> 8.3801527
B57: Icout.rms | C57: =SQRT(0.5*IF(C47>C48,C48,C47)/C48*(C50^2)-C49^2) -> 22.111431

Sheet OutCap_Sel_DB
A1: Case Size Table and Permissible Ripple Current | I1: Multicomp PRO MCLPR Series
A3: W.V. | B3: Cap.(μF) | C3: Case Size ØD [mm] | D3: Case Size L [mm] | E3: R.C. [A rms] | F3: tan(delta) | G3: Estimated ESR | H3: Volume cm3 | I3: Cap/Vol | J3: Energy/Vol maximum | L3: Energy/Vol suitable cap | M3: Total volume | N3: Min | O3: W.V. | P3: Cap.(μF) | Q3: Case Size ØD [mm] | R3: Case Size L [mm] | S3: ESR | U3: Expected cap volume [cm3] | V3: W.V. | W3: Cap.(μF) | X3: Case Size ØD [mm] | Y3: Case Size L [mm] | Z3: ESR | AA3: Number of caps | AB3: Volume check
A4: 25 | B4: 3300 | C4: 20 | D4: 30 | E4: 2.05 | F4: 0.2 | G4: =F4/(2*PI()*120*B4*10^-6) -> 0.080381284 | H4: =0.001*D4*PI()*(C4/2)^2 -> 9.424778 | I4: =B4/H4 -> 350.14087 | J4: =0.5*I4*A4^2 -> 109419.02 | L4: =IF(AND($W$9<A4,D4<=$W$14),0.5*I4*$W$7,"") | M4: =IF(L4<>"",ROUNDUP($W$12/B4,0)*H4,"") | N4: =IF(M4=MIN($M$4:$M$266),M4,"") | O4: =IF($N4=MIN($M$4:$M$266),A4,"") | P4: =IF($N4=MIN($M$4:$M$266),B4,"") | Q4: =IF($N4=MIN($M$4:$M$266),C4,"") | R4: =IF($N4=MIN($M$4:$M$266),D4,"") | S4: =IF($N4=MIN($M$4:$M$266),G4,"") | U4: =IF(MAX(N4:N266)<>0,MAX(N4:N266),"") -> 141.37167 | V4: =IF(MAX(O4:O266)<>0,MAX(O4:O266),"") -> 50 | W4: =IF(MAX(P4:P266)<>0,MAX(P4:P266),"") -> 4700 | X4: =IF(MAX(Q4:Q266)<>0,MAX(Q4:Q266),"") -> 30 | Y4: =IF(MAX(R4:R266)<>0,MAX(R4:R266),"") -> 25 | Z4: =IF(MAX(S4:S266)<>0,MAX(S4:S266),"") -> 0.084656885 | AA4: =IF(W4<>"",ROUNDUP(W12/W4,0),"") -> 8 | AB4: =0.001*AA4*Y4*PI()*(X4/2)^2 -> 141.37167
A5: 25 | B5: 3300 | C5: 22 | D5: 25 | E5: 2.1 | F5: 0.2 | G5: =F5/(2*PI()*120*B5*10^-6) -> 0.080381284 | H5: =0.001*D5*PI()*(C5/2)^2 -> 9.5033178 | I5: =B5/H5 -> 347.24715 | J5: =0.5*I5*A5^2 -> 108514.73 | L5: =IF(AND($W$9<A5,D5<=$W$14),0.5*I5*$W$7,"") | M5: =IF(L5<>"",ROUNDUP($W$12/B5,0)*H5,"") | N5: =IF(M5=MIN($M$4:$M$266),M5,"") | O5: =IF($N5=MIN($M$4:$M$266),A5,"") | P5: =IF($N5=MIN($M$4:$M$266),B5,"") | Q5: =IF($N5=MIN($M$4:$M$266),C5,"") | R5: =IF($N5=MIN($M$4:$M$266),D5,"") | S5: =IF($N5=MIN($M$4:$M$266),G5,"")
A6: 25 | B6: 4700 | C6: 20 | D6: 30 | E6: 2.5 | F6: 0.3 | G6: =F6/(2*PI()*120*B6*10^-6) -> 0.084656885 | H6: =0.001*D6*PI()*(C6/2)^2 -> 9.424778 | I6: =B6/H6 -> 498.68549 | J6: =0.5*I6*A6^2 -> 155839.22 | L6: =IF(AND($W$9<A6,D6<=$W$14),0.5*I6*$W$7,"") | M6: =IF(L6<>"",ROUNDUP($W$12/B6,0)*H6,"") | N6: =IF(M6=MIN($M$4:$M$266),M6,"") | O6: =IF($N6=MIN($M$4:$M$266),A6,"") | P6: =IF($N6=MIN($M$4:$M$266),B6,"") | Q6: =IF($N6=MIN($M$4:$M$266),C6,"") | R6: =IF($N6=MIN($M$4:$M$266),D6,"") | S6: =IF($N6=MIN($M$4:$M$266),G6,"")
A7: 25 | B7: 4700 | C7: 22 | D7: 25 | E7: 2.2 | F7: 0.3 | G7: =F7/(2*PI()*120*B7*10^-6) -> 0.084656885 | H7: =0.001*D7*PI()*(C7/2)^2 -> 9.5033178 | I7: =B7/H7 -> 494.56412 | J7: =0.5*I7*A7^2 -> 154551.29 | L7: =IF(AND($W$9<A7,D7<=$W$14),0.5*I7*$W$7,"") | M7: =IF(L7<>"",ROUNDUP($W$12/B7,0)*H7,"") | N7: =IF(M7=MIN($M$4:$M$266),M7,"") | O7: =IF($N7=MIN($M$4:$M$266),A7,"") | P7: =IF($N7=MIN($M$4:$M$266),B7,"") | Q7: =IF($N7=MIN($M$4:$M$266),C7,"") | R7: =IF($N7=MIN($M$4:$M$266),D7,"") | S7: =IF($N7=MIN($M$4:$M$266),G7,"") | U7: Output voltage | W7: ='Design Spec'!D95 -> 25 | X7: link
A8: 25 | B8: 5600 | C8: 22 | D8: 31 | E8: 2.6 | F8: 0.3 | G8: =F8/(2*PI()*120*B8*10^-6) -> 0.071051314 | H8: =0.001*D8*PI()*(C8/2)^2 -> 11.784114 | I8: =B8/H8 -> 475.21604 | J8: =0.5*I8*A8^2 -> 148505.01 | L8: =IF(AND($W$9<A8,D8<=$W$14),0.5*I8*$W$7,"") | M8: =IF(L8<>"",ROUNDUP($W$12/B8,0)*H8,"") | N8: =IF(M8=MIN($M$4:$M$266),M8,"") | O8: =IF($N8=MIN($M$4:$M$266),A8,"") | P8: =IF($N8=MIN($M$4:$M$266),B8,"") | Q8: =IF($N8=MIN($M$4:$M$266),C8,"") | R8: =IF($N8=MIN($M$4:$M$266),D8,"") | S8: =IF($N8=MIN($M$4:$M$266),G8,"") | U8: Ripple pk-pk | W8: ='Design Spec'!D97 -> 10
A9: 25 | B9: 6800 | C9: 22 | D9: 30 | E9: 2.85 | F9: 0.3 | G9: =F9/(2*PI()*120*B9*10^-6) -> 0.058512847 | H9: =0.001*D9*PI()*(C9/2)^2 -> 11.403981 | I9: =B9/H9 -> 596.28298 | J9: =0.5*I9*A9^2 -> 186338.43 | L9: =IF(AND($W$9<A9,D9<=$W$14),0.5*I9*$W$7,"") | M9: =IF(L9<>"",ROUNDUP($W$12/B9,0)*H9,"") | N9: =IF(M9=MIN($M$4:$M$266),M9,"") | O9: =IF($N9=MIN($M$4:$M$266),A9,"") | P9: =IF($N9=MIN($M$4:$M$266),B9,"") | Q9: =IF($N9=MIN($M$4:$M$266),C9,"") | R9: =IF($N9=MIN($M$4:$M$266),D9,"") | S9: =IF($N9=MIN($M$4:$M$266),G9,"") | U9: Maximum output voltage | W9: =W7+0.5*W7*W8/100+5 -> 31.25
A10: 25 | B10: 6800 | C10: 25 | D10: 26 | E10: 2.7 | F10: 0.3 | G10: =F10/(2*PI()*120*B10*10^-6) -> 0.058512847 | H10: =0.001*D10*PI()*(C10/2)^2 -> 12.76272 | I10: =B10/H10 -> 532.80178 | J10: =0.5*I10*A10^2 -> 166500.56 | L10: =IF(AND($W$9<A10,D10<=$W$14),0.5*I10*$W$7,"") | M10: =IF(L10<>"",ROUNDUP($W$12/B10,0)*H10,"") | N10: =IF(M10=MIN($M$4:$M$266),M10,"") | O10: =IF($N10=MIN($M$4:$M$266),A10,"") | P10: =IF($N10=MIN($M$4:$M$266),B10,"") | Q10: =IF($N10=MIN($M$4:$M$266),C10,"") | R10: =IF($N10=MIN($M$4:$M$266),D10,"") | S10: =IF($N10=MIN($M$4:$M$266),G10,"") | U10: Min cap for ripple pk-pk | W10: ='Power Components'!D21 -> 35623.617 | X10: link
A11: 25 | B11: 8200 | C11: 22 | D11: 35 | E11: 3 | F11: 0.3 | G11: =F11/(2*PI()*120*B11*10^-6) -> 0.048522849 | H11: =0.001*D11*PI()*(C11/2)^2 -> 13.304645 | I11: =B11/H11 -> 616.32611 | J11: =0.5*I11*A11^2 -> 192601.91 | L11: =IF(AND($W$9<A11,D11<=$W$14),0.5*I11*$W$7,"") | M11: =IF(L11<>"",ROUNDUP($W$12/B11,0)*H11,"") | N11: =IF(M11=MIN($M$4:$M$266),M11,"") | O11: =IF($N11=MIN($M$4:$M$266),A11,"") | P11: =IF($N11=MIN($M$4:$M$266),B11,"") | Q11: =IF($N11=MIN($M$4:$M$266),C11,"") | R11: =IF($N11=MIN($M$4:$M$266),D11,"") | S11: =IF($N11=MIN($M$4:$M$266),G11,"") | U11: Min cap for hold-up | W11: ='Power Components'!D22 -> 35636.856 | X11: link
A12: 25 | B12: 8200 | C12: 25 | D12: 26 | E12: 3 | F12: 0.3 | G12: =F12/(2*PI()*120*B12*10^-6) -> 0.048522849 | H12: =0.001*D12*PI()*(C12/2)^2 -> 12.76272 | I12: =B12/H12 -> 642.49626 | J12: =0.5*I12*A12^2 -> 200780.08 | L12: =IF(AND($W$9<A12,D12<=$W$14),0.5*I12*$W$7,"") | M12: =IF(L12<>"",ROUNDUP($W$12/B12,0)*H12,"") | N12: =IF(M12=MIN($M$4:$M$266),M12,"") | O12: =IF($N12=MIN($M$4:$M$266),A12,"") | P12: =IF($N12=MIN($M$4:$M$266),B12,"") | Q12: =IF($N12=MIN($M$4:$M$266),C12,"") | R12: =IF($N12=MIN($M$4:$M$266),D12,"") | S12: =IF($N12=MIN($M$4:$M$266),G12,"") | U12: Max required cap | W12: =MAX(W10,W11) -> 35636.856
A13: 25 | B13: 10000 | C13: 30 | D13: 25 | E13: 3.1 | F13: 0.35 | G13: =F13/(2*PI()*120*B13*10^-6) -> 0.046420192 | H13: =0.001*D13*PI()*(C13/2)^2 -> 17.671459 | I13: =B13/H13 -> 565.88424 | J13: =0.5*I13*A13^2 -> 176838.83 | L13: =IF(AND($W$9<A13,D13<=$W$14),0.5*I13*$W$7,"") | M13: =IF(L13<>"",ROUNDUP($W$12/B13,0)*H13,"") | N13: =IF(M13=MIN($M$4:$M$266),M13,"") | O13: =IF($N13=MIN($M$4:$M$266),A13,"") | P13: =IF($N13=MIN($M$4:$M$266),B13,"") | Q13: =IF($N13=MIN($M$4:$M$266),C13,"") | R13: =IF($N13=MIN($M$4:$M$266),D13,"") | S13: =IF($N13=MIN($M$4:$M$266),G13,"") | U13: Max height link [mm] | W13: ='Design Spec'!D92 -> 25 | X13: link
A14: 25 | B14: 10000 | C14: 25 | D14: 31 | E14: 3.15 | F14: 0.35 | G14: =F14/(2*PI()*120*B14*10^-6) -> 0.046420192 | H14: =0.001*D14*PI()*(C14/2)^2 -> 15.217089 | I14: =B14/H14 -> 657.15589 | J14: =0.5*I14*A14^2 -> 205361.22 | L14: =IF(AND($W$9<A14,D14<=$W$14),0.5*I14*$W$7,"") | M14: =IF(L14<>"",ROUNDUP($W$12/B14,0)*H14,"") | N14: =IF(M14=MIN($M$4:$M$266),M14,"") | O14: =IF($N14=MIN($M$4:$M$266),A14,"") | P14: =IF($N14=MIN($M$4:$M$266),B14,"") | Q14: =IF($N14=MIN($M$4:$M$266),C14,"") | R14: =IF($N14=MIN($M$4:$M$266),D14,"") | S14: =IF($N14=MIN($M$4:$M$266),G14,"") | U14: Max height [mm] | W14: =IF(W13<1,100,W13) -> 25
A15: 25 | B15: 12000 | C15: 22 | D15: 50 | E15: 3.8 | F15: 0.35 | G15: =F15/(2*PI()*120*B15*10^-6) -> 0.038683493 | H15: =0.001*D15*PI()*(C15/2)^2 -> 19.006636 | I15: =B15/H15 -> 631.35845 | J15: =0.5*I15*A15^2 -> 197299.52 | L15: =IF(AND($W$9<A15,D15<=$W$14),0.5*I15*$W$7,"") | M15: =IF(L15<>"",ROUNDUP($W$12/B15,0)*H15,"") | N15: =IF(M15=MIN($M$4:$M$266),M15,"") | O15: =IF($N15=MIN($M$4:$M$266),A15,"") | P15: =IF($N15=MIN($M$4:$M$266),B15,"") | Q15: =IF($N15=MIN($M$4:$M$266),C15,"") | R15: =IF($N15=MIN($M$4:$M$266),D15,"") | S15: =IF($N15=MIN($M$4:$M$266),G15,"")
A16: 25 | B16: 12000 | C16: 25 | D16: 40 | E16: 3.75 | F16: 0.35 | G16: =F16/(2*PI()*120*B16*10^-6) -> 0.038683493 | H16: =0.001*D16*PI()*(C16/2)^2 -> 19.634954 | I16: =B16/H16 -> 611.15498 | J16: =0.5*I16*A16^2 -> 190985.93 | L16: =IF(AND($W$9<A16,D16<=$W$14),0.5*I16*$W$7,"") | M16: =IF(L16<>"",ROUNDUP($W$12/B16,0)*H16,"") | N16: =IF(M16=MIN($M$4:$M$266),M16,"") | O16: =IF($N16=MIN($M$4:$M$266),A16,"") | P16: =IF($N16=MIN($M$4:$M$266),B16,"") | Q16: =IF($N16=MIN($M$4:$M$266),C16,"") | R16: =IF($N16=MIN($M$4:$M$266),D16,"") | S16: =IF($N16=MIN($M$4:$M$266),G16,"")
A17: 25 | B17: 15000 | C17: 22 | D17: 50 | E17: 3.8 | F17: 0.35 | G17: =F17/(2*PI()*120*B17*10^-6) -> 0.030946794 | H17: =0.001*D17*PI()*(C17/2)^2 -> 19.006636 | I17: =B17/H17 -> 789.19806 | J17: =0.5*I17*A17^2 -> 246624.4 | L17: =IF(AND($W$9<A17,D17<=$W$14),0.5*I17*$W$7,"") | M17: =IF(L17<>"",ROUNDUP($W$12/B17,0)*H17,"") | N17: =IF(M17=MIN($M$4:$M$266),M17,"") | O17: =IF($N17=MIN($M$4:$M$266),A17,"") | P17: =IF($N17=MIN($M$4:$M$266),B17,"") | Q17: =IF($N17=MIN($M$4:$M$266),C17,"") | R17: =IF($N17=MIN($M$4:$M$266),D17,"") | S17: =IF($N17=MIN($M$4:$M$266),G17,"")
A18: 25 | B18: 15000 | C18: 30 | D18: 35 | E18: 3.5 | F18: 0.35 | G18: =F18/(2*PI()*120*B18*10^-6) -> 0.030946794 | H18: =0.001*D18*PI()*(C18/2)^2 -> 24.740042 | I18: =B18/H18 -> 606.30455 | J18: =0.5*I18*A18^2 -> 189470.17 | L18: =IF(AND($W$9<A18,D18<=$W$14),0.5*I18*$W$7,"") | M18: =IF(L18<>"",ROUNDUP($W$12/B18,0)*H18,"") | N18: =IF(M18=MIN($M$4:$M$266),M18,"") | O18: =IF($N18=MIN($M$4:$M$266),A18,"") | P18: =IF($N18=MIN($M$4:$M$266),B18,"") | Q18: =IF($N18=MIN($M$4:$M$266),C18,"") | R18: =IF($N18=MIN($M$4:$M$266),D18,"") | S18: =IF($N18=MIN($M$4:$M$266),G18,"")
A19: 25 | B19: 18000 | C19: 25 | D19: 41 | E19: 4.5 | F19: 0.35 | G19: =F19/(2*PI()*120*B19*10^-6) -> 0.025788995 | H19: =0.001*D19*PI()*(C19/2)^2 -> 20.125828 | I19: =B19/H19 -> 894.37314 | J19: =0.5*I19*A19^2 -> 279491.61 | L19: =IF(AND($W$9<A19,D19<=$W$14),0.5*I19*$W$7,"") | M19: =IF(L19<>"",ROUNDUP($W$12/B19,0)*H19,"") | N19: =IF(M19=MIN($M$4:$M$266),M19,"") | O19: =IF($N19=MIN($M$4:$M$266),A19,"") | P19: =IF($N19=MIN($M$4:$M$266),B19,"") | Q19: =IF($N19=MIN($M$4:$M$266),C19,"") | R19: =IF($N19=MIN($M$4:$M$266),D19,"") | S19: =IF($N19=MIN($M$4:$M$266),G19,"")
A20: 25 | B20: 18000 | C20: 30 | D20: 41 | E20: 4.5 | F20: 0.35 | G20: =F20/(2*PI()*120*B20*10^-6) -> 0.025788995 | H20: =0.001*D20*PI()*(C20/2)^2 -> 28.981192 | I20: =B20/H20 -> 621.09246 | J20: =0.5*I20*A20^2 -> 194091.39 | L20: =IF(AND($W$9<A20,D20<=$W$14),0.5*I20*$W$7,"") | M20: =IF(L20<>"",ROUNDUP($W$12/B20,0)*H20,"") | N20: =IF(M20=MIN($M$4:$M$266),M20,"") | O20: =IF($N20=MIN($M$4:$M$266),A20,"") | P20: =IF($N20=MIN($M$4:$M$266),B20,"") | Q20: =IF($N20=MIN($M$4:$M$266),C20,"") | R20: =IF($N20=MIN($M$4:$M$266),D20,"") | S20: =IF($N20=MIN($M$4:$M$266),G20,"")
A21: 25 | B21: 22000 | C21: 30 | D21: 45 | E21: 4.8 | F21: 0.35 | G21: =F21/(2*PI()*120*B21*10^-6) -> 0.021100087 | H21: =0.001*D21*PI()*(C21/2)^2 -> 31.808626 | I21: =B21/H21 -> 691.6363 | J21: =0.5*I21*A21^2 -> 216136.34 | L21: =IF(AND($W$9<A21,D21<=$W$14),0.5*I21*$W$7,"") | M21: =IF(L21<>"",ROUNDUP($W$12/B21,0)*H21,"") | N21: =IF(M21=MIN($M$4:$M$266),M21,"") | O21: =IF($N21=MIN($M$4:$M$266),A21,"") | P21: =IF($N21=MIN($M$4:$M$266),B21,"") | Q21: =IF($N21=MIN($M$4:$M$266),C21,"") | R21: =IF($N21=MIN($M$4:$M$266),D21,"") | S21: =IF($N21=MIN($M$4:$M$266),G21,"")
A22: 25 | B22: 22000 | C22: 35 | D22: 30 | E22: 5.2 | F22: 0.35 | G22: =F22/(2*PI()*120*B22*10^-6) -> 0.021100087 | H22: =0.001*D22*PI()*(C22/2)^2 -> 28.863383 | I22: =B22/H22 -> 762.21143 | J22: =0.5*I22*A22^2 -> 238191.07 | L22: =IF(AND($W$9<A22,D22<=$W$14),0.5*I22*$W$7,"") | M22: =IF(L22<>"",ROUNDUP($W$12/B22,0)*H22,"") | N22: =IF(M22=MIN($M$4:$M$266),M22,"") | O22: =IF($N22=MIN($M$4:$M$266),A22,"") | P22: =IF($N22=MIN($M$4:$M$266),B22,"") | Q22: =IF($N22=MIN($M$4:$M$266),C22,"") | R22: =IF($N22=MIN($M$4:$M$266),D22,"") | S22: =IF($N22=MIN($M$4:$M$266),G22,"")
A23: 25 | B23: 27000 | C23: 30 | D23: 41 | E23: 5.8 | F23: 0.4 | G23: =F23/(2*PI()*120*B23*10^-6) -> 0.019648758 | H23: =0.001*D23*PI()*(C23/2)^2 -> 28.981192 | I23: =B23/H23 -> 931.63869 | J23: =0.5*I23*A23^2 -> 291137.09 | L23: =IF(AND($W$9<A23,D23<=$W$14),0.5*I23*$W$7,"") | M23: =IF(L23<>"",ROUNDUP($W$12/B23,0)*H23,"") | N23: =IF(M23=MIN($M$4:$M$266),M23,"") | O23: =IF($N23=MIN($M$4:$M$266),A23,"") | P23: =IF($N23=MIN($M$4:$M$266),B23,"") | Q23: =IF($N23=MIN($M$4:$M$266),C23,"") | R23: =IF($N23=MIN($M$4:$M$266),D23,"") | S23: =IF($N23=MIN($M$4:$M$266),G23,"")
A24: 25 | B24: 27000 | C24: 35 | D24: 36 | E24: 6.5 | F24: 0.4 | G24: =F24/(2*PI()*120*B24*10^-6) -> 0.019648758 | H24: =0.001*D24*PI()*(C24/2)^2 -> 34.636059 | I24: =B24/H24 -> 779.53442 | J24: =0.5*I24*A24^2 -> 243604.5 | L24: =IF(AND($W$9<A24,D24<=$W$14),0.5*I24*$W$7,"") | M24: =IF(L24<>"",ROUNDUP($W$12/B24,0)*H24,"") | N24: =IF(M24=MIN($M$4:$M$266),M24,"") | O24: =IF($N24=MIN($M$4:$M$266),A24,"") | P24: =IF($N24=MIN($M$4:$M$266),B24,"") | Q24: =IF($N24=MIN($M$4:$M$266),C24,"") | R24: =IF($N24=MIN($M$4:$M$266),D24,"") | S24: =IF($N24=MIN($M$4:$M$266),G24,"")
A25: 25 | B25: 33000 | C25: 30 | D25: 51 | E25: 8.95 | F25: 0.4 | G25: =F25/(2*PI()*120*B25*10^-6) -> 0.016076257 | H25: =0.001*D25*PI()*(C25/2)^2 -> 36.049776 | I25: =B25/H25 -> 915.40098 | J25: =0.5*I25*A25^2 -> 286062.81 | L25: =IF(AND($W$9<A25,D25<=$W$14),0.5*I25*$W$7,"") | M25: =IF(L25<>"",ROUNDUP($W$12/B25,0)*H25,"") | N25: =IF(M25=MIN($M$4:$M$266),M25,"") | O25: =IF($N25=MIN($M$4:$M$266),A25,"") | P25: =IF($N25=MIN($M$4:$M$266),B25,"") | Q25: =IF($N25=MIN($M$4:$M$266),C25,"") | R25: =IF($N25=MIN($M$4:$M$266),D25,"") | S25: =IF($N25=MIN($M$4:$M$266),G25,"")
A26: 25 | B26: 39000 | C26: 35 | D26: 51 | E26: 9 | F26: 0.4 | G26: =F26/(2*PI()*120*B26*10^-6) -> 0.013602987 | H26: =0.001*D26*PI()*(C26/2)^2 -> 49.06775 | I26: =B26/H26 -> 794.8194 | J26: =0.5*I26*A26^2 -> 248381.06 | L26: =IF(AND($W$9<A26,D26<=$W$14),0.5*I26*$W$7,"") | M26: =IF(L26<>"",ROUNDUP($W$12/B26,0)*H26,"") | N26: =IF(M26=MIN($M$4:$M$266),M26,"") | O26: =IF($N26=MIN($M$4:$M$266),A26,"") | P26: =IF($N26=MIN($M$4:$M$266),B26,"") | Q26: =IF($N26=MIN($M$4:$M$266),C26,"") | R26: =IF($N26=MIN($M$4:$M$266),D26,"") | S26: =IF($N26=MIN($M$4:$M$266),G26,"")
... A266: 450 | B266: 330 | C266: 35 | D266: 47 | E266: 1.13 | F266: 0.2 | G266: =F266/(2*PI()*120*B266*10^-6) -> 0.80381284 | H266: =0.001*D266*PI()*(C266/2)^2 -> 45.219299 | I266: =B266/H266 -> 7.297769 | J266: =0.5*I266*A266^2 -> 738899.11 | L266: =IF(AND($W$9<A266,D266<=$W$14),0.5*I266*$W$7,"") | M266: =IF(L266<>"",ROUNDUP($W$12/B266,0)*H266,"") | N266: =IF(M266=MIN($M$4:$M$266),M266,"") | O266: =IF($N266=MIN($M$4:$M$266),A266,"") | P266: =IF($N266=MIN($M$4:$M$266),B266,"") | Q266: =IF($N266=MIN($M$4:$M$266),C266,"") | R266: =IF($N266=MIN($M$4:$M$266),D266,"") | S266: =IF($N266=MIN($M$4:$M$266),G266,"")
